file_name,text
DATA_Celine_tache01_11025_121.wav,sp c'est le delta sp en dessous du triangle gris {ns}
DATA_AnnaL_tache01_11025_154.wav,c'est la guitare a cote du sp carre bleu {ns} sp
DATA_Thibault_tache02_11025_41.wav,c'est jeudi en dessous sp du triangle rouge sp {ns} sp
DATA_Lucie_tache01_11025_46.wav,sp c'est la ressource au dessus sp du carre gris {ns}
DATA_Emre_tache02_11025_27.wav,sp c'est le tombeau a cote sp du sp carre jaune {ns} sp
DATA_ClaraG_tache02_11025_152.wav,sp c'est le cigare au dessus du rond jaune {ns}
DATA_Camille_tache02_11025_50.wav,sp c'est le talon sp en dessous du triangle vert {ns} sp
DATA_Lucie_tache01_11025_130.wav,sp c'est le marteau au dessus de l' etoile jaune sp {ns}
DATA_Thibault_tache02_11025_167.wav,c'est l' hommage a cote du triangle bleu sp {ns}
DATA_Thibault_tache01_11025_201.wav,c'est le gala sp en dessous du rond rouge sp {ns}
DATA_Emre_tache01_11025_123.wav,c'est l' assaut sur l' etoile verte sp {ns}
DATA_Thibault_tache01_11025_120.wav,c'est le whiskey sp en dessous sp du rond gris sp {ns} sp
DATA_ClaraG_tache02_11025_24.wav,c'est le bouchon sp sur le triangle jaune {ns}
DATA_Livia_tache02_11025_82.wav,c'est la belle-mere a cote du rond vert {ns}
DATA_Celine_tache01_11025_10.wav,sp c'est l' argile a cote du triangle bleu sp {ns}
DATA_Ariane_tache02_11025_205.wav,sp c'est le gouter sp en dessous du carre sp bleu {ns} sp
DATA_Thomas_tache01_11025_106.wav,c'est la servante a cote du triangle vert {ns}
DATA_Melanie_tache02_11025_14.wav,c'est le secteur en dessous du cercle gris {ns}
DATA_Nael_tache02_11025_55.wav,c'est le tambour sp en dessous du carre rouge sp {ns}
DATA_Clara_tache02_11025_69.wav,c'est le beguin sp a cote du rond sp rouge {ns}
DATA_Melanie_tache02_11025_173.wav,sp c'est le placard en dessous du carre rouge {ns} sp
DATA_Ariane_tache01_11025_204.wav,c'est sp la morphine sp sur le carre sp rouge {ns}
DATA_Clara_tache01_11025_75.wav,c'est le cingle sp a cote du carre bleu sp {ns}
DATA_ClaraG_tache02_11025_186.wav,sp c'est le lezard a cote du rond jaune sp {ns} sp
DATA_Clara_tache01_11025_179.wav,c'est la pancarte sp au dessus du triangle gris sp {ns}
DATA_Nael_tache02_11025_177.wav,c'est la rigueur a cote sp du carre gris {ns} sp
DATA_Clara_tache02_11025_189.wav,c'est le courroux sp a cote de l' etoile bleue {ns} sp
DATA_Ariane_tache02_11025_84.wav,c'est sp le bouton sp a cote de l' etoile sp bleue {ns} sp
DATA_Camille_tache01_11025_132.wav,sp c'est epars sp sur sp le rond sp vert {ns} sp
DATA_Thibault_tache02_11025_148.wav,c'est le donjon sp a cote sp du triangle jaune {ns} sp
DATA_ClaraG_tache02_11025_5.wav,c'est le hublot a cote de l' etoile verte {ns}
DATA_Clara_tache01_11025_151.wav,c'est le batard au dessus sp du carre sp vert {ns}
DATA_Thomas_tache02_11025_188.wav,sp c'est hagard sur le carre jaune sp {ns}
DATA_Lucie_tache02_11025_23.wav,c'est le trophee sp sur le triangle vert {ns}
DATA_AnnaL_tache02_11025_111.wav,c'est la danseuse sp a cote de l' etoile jaune {ns}
DATA_Lucie_tache01_11025_122.wav,sp c'est la migraine sp en dessous sp du rond vert {ns} sp
DATA_Camille_tache02_11025_180.wav,sp c'est la bonte sp sur le rond vert {ns}
DATA_Ariane_tache01_11025_7.wav,c'est la source sp sur le carre jaune {ns} sp
DATA_Melanie_tache01_11025_46.wav,sp c'est la ressource au dessus sp du carre gris {ns}
DATA_AnnaL_tache01_11025_138.wav,c'est le degre a cote de l' etoile jaune {ns} sp
DATA_Celine_tache01_11025_188.wav,c'est hagard sur le carre jaune sp {ns} sp
DATA_Celine_tache01_11025_33.wav,sp c'est la fureur au dessus de l' etoile bleue sp {ns}
DATA_Chloe_tache01_11025_169.wav,c'est le voisin sp sur le rond bleu {ns} sp
DATA_Thibault_tache01_11025_194.wav,c'est le diamant a cote du triangle rouge {ns} sp
DATA_Thibault_tache01_11025_131.wav,c'est la philo sp en dessous sp du triangle rouge sp {ns} sp
DATA_Camille_tache02_11025_140.wav,c'est le pasteur sp en dessous du triangle bleu {ns} sp
DATA_Ariane_tache02_11025_192.wav,c'est sp haineux sp au dessus sp du carre sp rouge {ns} sp
DATA_Melanie_tache01_11025_155.wav,c'est l' horreur sur le cercle rouge {ns} sp
DATA_Melanie_tache01_11025_53.wav,sp c'est l' arete au dessus du triangle vert {ns}
DATA_Ariane_tache02_11025_149.wav,c'est la flanelle sp au dessus du rond sp bleu {ns} sp
DATA_Livia_tache02_11025_179.wav,c'est la pancarte sp au dessus du triangle gris {ns}
DATA_Emre_tache01_11025_32.wav,c'est le bouquin sur le triangle gris {ns}
DATA_Melanie_tache02_11025_132.wav,sp c'est epars sp sur le rond vert {ns}
DATA_Emre_tache02_11025_157.wav,c'est le dilemme sp en dessous de l' etoile verte sp {ns}
DATA_Camille_tache01_11025_169.wav,sp c'est le voisin sp sur sp le rond bleu {ns} sp
DATA_AnnaL_tache01_11025_185.wav,c'est l' egard en dessous du triangle rouge {ns} sp
DATA_Thibault_tache01_11025_191.wav,c'est les patins sp en dessous du carre vert {ns} sp
DATA_ClaraG_tache01_11025_101.wav,c'est la grimace en dessous du carre gris {ns} sp
DATA_Camille_tache01_11025_119.wav,c'est l' haleine sp sur sp le triangle gris sp {ns} sp
DATA_ClaraG_tache01_11025_72.wav,c'est le bazar au dessus de l' etoile verte {ns} sp
DATA_Lucie_tache01_11025_195.wav,c'est le menteur sp a cote du rond vert {ns}
DATA_Nael_tache02_11025_14.wav,c'est le secteur en dessous sp du rond sp gris {ns} sp
DATA_Thibault_tache01_11025_179.wav,c'est la pancarte sp au dessus du triangle gris {ns} sp
DATA_Clara_tache02_11025_151.wav,sp c'est le batard sp au dessus du carre sp vert {ns}
DATA_Melanie_tache02_11025_103.wav,sp c'est l' osseux sur le carre gris {ns}
DATA_Melanie_tache02_11025_158.wav,sp c'est l' orage en dessous du rond vert {ns} sp
DATA_AnnaL_tache02_11025_204.wav,c'est sp la morphine sp sur le carre sp rouge sp {ns}
DATA_Melanie_tache01_11025_154.wav,sp c'est la guitare a cote du carre bleu sp {ns} sp
DATA_Clara_tache01_11025_152.wav,c'est le cigare sp au dessus du rond sp jaune sp {ns}
DATA_Emre_tache01_11025_113.wav,sp c'est la moto sp en dessous de l' etoile bleue {ns} sp
DATA_AnnaL_tache02_11025_30.wav,c'est le cachet sp au dessus du carre jaune {ns} sp
DATA_ClaraG_tache02_11025_63.wav,c'est la villa au dessus de l' etoile jaune {ns}
DATA_ClaraG_tache02_11025_61.wav,c'est le debit sur le rond bleu {ns}
DATA_Camille_tache01_11025_110.wav,c'est avare sp a cote du carre jaune sp {ns} sp
DATA_Thomas_tache01_11025_49.wav,c'est la fierte au dessus de l' etoile verte {ns} sp
DATA_Melanie_tache02_11025_164.wav,c'est l' achat en dessous du rond bleu {ns}
DATA_Nael_tache01_11025_35.wav,sp c'est le climat sur sp le triangle rouge sp {ns} sp
DATA_Emre_tache02_11025_180.wav,sp c'est la bonte sp sur le rond vert {ns}
DATA_Chloe_tache02_11025_16.wav,c'est le cartable en dessous du rond jaune {ns} sp
DATA_Ariane_tache02_11025_203.wav,c'est la revue sp en dessous du triangle gris {ns}
DATA_AnnaL_tache02_11025_177.wav,c'est la rigueur sp a cote du carre gris {ns} sp
DATA_AnnaL_tache01_11025_80.wav,c'est sure sp au dessus du carre rouge {ns}
DATA_Melanie_tache02_11025_169.wav,sp c'est le voisin sur le rond bleu sp {ns} sp
DATA_Chloe_tache02_11025_119.wav,c'est sp l' haleine sp sur le triangle gris {ns}
DATA_Lucie_tache01_11025_40.wav,sp c'est l' ouvrage sp en dessous du carre gris {ns}
DATA_Ariane_tache01_11025_25.wav,c'est sp l' atout sp sur sp l' etoile sp jaune {ns} sp
DATA_Clara_tache02_11025_185.wav,c'est l' egard en dessous du triangle rouge {ns}
DATA_Lucie_tache01_11025_10.wav,sp c'est l' argile a cote du triangle bleu sp {ns} sp
DATA_Chloe_tache01_11025_61.wav,c'est le debit sp sur le rond bleu {ns}
DATA_Emre_tache01_11025_128.wav,sp c'est le vernis sp en dessous de l' etoile grise {ns}
DATA_Ariane_tache02_11025_137.wav,c'est sp le sp recours sp a cote du carre sp vert {ns}
DATA_ClaraG_tache02_11025_183.wav,c'est le radeau en dessous du rond jaune {ns} sp
DATA_Emre_tache01_11025_12.wav,sp c'est les etats sp sur l' etoile bleue {ns} sp
DATA_Thibault_tache02_11025_172.wav,c'est l' ivresse sp en dessous du carre jaune sp {ns} sp
DATA_Thibault_tache01_11025_115.wav,c'est la corvee sur le rond rouge {ns} sp
DATA_Camille_tache01_11025_17.wav,sp c'est l' amas sp au dessus du triangle jaune {ns} sp
DATA_Ariane_tache01_11025_115.wav,sp c'est sp la sp corvee sp sur le rond sp rouge {ns} sp
DATA_Lucie_tache01_11025_35.wav,sp c'est le climat sp sur le triangle rouge {ns} sp
DATA_Chloe_tache01_11025_125.wav,sp c'est l' arnaque sp en dessous de l' etoile rouge {ns} sp
DATA_Livia_tache02_11025_181.wav,c'est le cypres sur le rond jaune {ns} sp
DATA_Lucie_tache01_11025_175.wav,sp c'est le ruban a cote sp du rond gris {ns} sp
DATA_Camille_tache02_11025_92.wav,sp c'est le talus sp a cote du rond jaune {ns} sp
DATA_Nael_tache02_11025_123.wav,c'est l' assaut sur l' etoile verte {ns} sp
DATA_ClaraG_tache01_11025_126.wav,c'est l' otage en dessous de l' etoile verte {ns} sp
DATA_Nael_tache01_11025_145.wav,c'est l' etage au dessus du rond vert {ns} sp
DATA_Celine_tache02_11025_199.wav,sp c'est le refrain au dessus du carre gris sp {ns} sp
DATA_Emre_tache02_11025_118.wav,c'est l' etape sp au dessus du carre gris sp {ns}
DATA_Chloe_tache01_11025_203.wav,c'est la revue sp en dessous du triangle gris {ns}
DATA_Thomas_tache02_11025_71.wav,c'est le metteur sur le carre jaune {ns}
DATA_Clara_tache02_11025_29.wav,sp c'est le savon sp en dessous de l' etoile sp jaune sp {ns}
DATA_Celine_tache02_11025_101.wav,sp c'est la grimace sp en dessous du carre gris sp {ns}
DATA_Nael_tache02_11025_98.wav,c'est le colis au dessus du rond bleu sp {ns}
DATA_Celine_tache02_11025_176.wav,sp c'est la paleur sur le triangle jaune {ns} sp
DATA_Thibault_tache02_11025_152.wav,c'est le cigare sp au dessus du rond jaune sp {ns} sp
DATA_Lucie_tache02_11025_79.wav,c'est le theme en dessous du carre rouge {ns}
DATA_Celine_tache02_11025_35.wav,c'est le climat sur le triangle rouge {ns} sp
DATA_ClaraG_tache01_11025_161.wav,c'est le coton a cote du carre rouge {ns} sp
DATA_Chloe_tache01_11025_42.wav,c'est l' sp harem en dessous de l' etoile rouge sp {ns} sp
DATA_Melanie_tache01_11025_143.wav,sp c'est le morceau sur le carre gris {ns}
DATA_Lucie_tache01_11025_43.wav,sp c'est le poussin sp en dessous du triangle jaune {ns}
DATA_Emre_tache01_11025_140.wav,c'est le pasteur en dessous du triangle bleu sp {ns}
DATA_Emre_tache01_11025_107.wav,c'est relax a cote du triangle rouge {ns} sp
DATA_Chloe_tache01_11025_74.wav,c'est la graine sp en dessous du rond jaune {ns} sp
DATA_Camille_tache02_11025_190.wav,c'est le godet sp a cote du triangle sp gris {ns} sp
DATA_Celine_tache02_11025_17.wav,sp c'est l' amas au dessus du triangle jaune sp {ns} sp
DATA_Celine_tache02_11025_170.wav,c'est certaine au dessus de l' etoile rouge {ns} sp
DATA_Lucie_tache01_11025_47.wav,c'est cinquante sp sur sp le rond vert {ns}
DATA_AnnaL_tache01_11025_162.wav,c'est le soupcon au dessus du rond rouge {ns}
DATA_Celine_tache02_11025_57.wav,sp c'est la fontaine sur le carre vert {ns} sp
DATA_Clara_tache01_11025_174.wav,sp c'est l' insulte sur le triangle bleu {ns}
DATA_Lucie_tache01_11025_117.wav,sp c'est le radis sp au dessus du rond rouge sp {ns} sp
DATA_Melanie_tache01_11025_152.wav,sp c'est le cigare au dessus du cercle jaune sp {ns} sp
DATA_Melanie_tache02_11025_160.wav,sp c'est ainsi sur le carre bleu sp {ns} sp
DATA_Camille_tache01_11025_109.wav,sp c'est la detresse sp en dessous du carre bleu {ns} sp
DATA_Nael_tache01_11025_167.wav,sp c'est l' hommage a cote du triangle bleu {ns}
DATA_Thomas_tache02_11025_142.wav,c'est la sp puree en dessous de l' etoile bleue {ns} sp
DATA_Emre_tache01_11025_205.wav,c'est le gouter en dessous du carre bleu sp {ns} sp
DATA_AnnaL_tache02_11025_129.wav,c'est le satin sp sur l' etoile rouge {ns}
DATA_Chloe_tache02_11025_3.wav,c'est le blaspheme sp sur le triangle bleu {ns} sp
DATA_Chloe_tache02_11025_47.wav,c'est cinquante sur le rond vert {ns}
DATA_Celine_tache01_11025_167.wav,sp c'est l' hommage a cote du triangle bleu sp {ns} sp
DATA_Thomas_tache02_11025_61.wav,sp c'est le sp debit sur le rond bleu {ns} sp
DATA_Nael_tache02_11025_109.wav,c'est la detresse en dessous du carre bleu {ns}
DATA_Emre_tache02_11025_175.wav,c'est le ruban a cote du rond gris {ns} sp
DATA_Camille_tache01_11025_78.wav,c'est l' entente sp a cote du rond rouge {ns} sp
DATA_Melanie_tache01_11025_161.wav,c'est le coton a cote du carre rouge {ns} sp
DATA_Melanie_tache02_11025_85.wav,sp c'est le sceau sur le rond gris {ns}
DATA_ClaraG_tache01_11025_136.wav,sp c'est la poupee sp sur le carre vert {ns}
DATA_Celine_tache02_11025_81.wav,sp c'est le discours a cote du rond gris {ns} sp
DATA_Camille_tache01_11025_38.wav,sp c'est bavarde a cote de l' etoile jaune sp {ns} sp
DATA_Lucie_tache02_11025_12.wav,c'est les etats sp sur l' etoile bleue {ns} sp
DATA_Clara_tache01_11025_167.wav,c'est l' hommage sp a cote du triangle bleu sp {ns}
DATA_Chloe_tache02_11025_168.wav,sp c'est la soucoupe sur l' etoile jaune {ns} sp
DATA_Ariane_tache01_11025_10.wav,sp c'est sp l' argile sp a cote du triangle bleu {ns} sp
DATA_ClaraG_tache02_11025_74.wav,c'est la graine sp en dessous du rond jaune {ns}
DATA_Thomas_tache01_11025_77.wav,c'est supreme sp au dessus du triangle rouge sp {ns} sp
DATA_Nael_tache02_11025_81.wav,sp c'est le discours sp a cote du rond sp gris sp {ns}
DATA_Celine_tache01_11025_183.wav,c'est le radeau en dessous du rond jaune sp {ns}
DATA_Clara_tache02_11025_31.wav,c'est l' etude sur l' etoile rouge {ns}
DATA_Chloe_tache01_11025_46.wav,sp c'est la ressource au dessus du carre gris sp {ns} sp
DATA_Camille_tache02_11025_107.wav,c'est relax sp a cote sp du triangle rouge {ns} sp
DATA_ClaraG_tache02_11025_6.wav,c'est le genou sur le rond gris {ns} sp
DATA_Livia_tache02_11025_141.wav,c'est laiteuse au dessus du rond gris {ns}
DATA_Camille_tache01_11025_2.wav,sp c'est le karma sp sur l' etoile sp grise {ns} sp
DATA_Thibault_tache02_11025_2.wav,c'est le karma sp sur l' etoile grise {ns} sp
DATA_Nael_tache01_11025_198.wav,c'est amer au dessus de l' etoile jaune {ns}
DATA_Ariane_tache02_11025_115.wav,sp c'est sp la sp corvee sp sur le rond sp rouge {ns} sp
DATA_Lucie_tache01_11025_27.wav,c'est le tombeau sp a cote du carre jaune sp {ns}
DATA_Ariane_tache01_11025_179.wav,sp c'est la sp pancarte sp au dessus du triangle sp gris {ns} sp
DATA_Chloe_tache01_11025_30.wav,sp c'est le cachet sp au dessus du carre jaune {ns}
DATA_Ariane_tache01_11025_103.wav,c'est sp l' osseux sp sur le carre sp gris {ns}
DATA_ClaraG_tache01_11025_176.wav,c'est la paleur sur le triangle jaune {ns} sp
DATA_Lucie_tache01_11025_146.wav,c'est le cil a cote de l' etoile rouge {ns} sp
DATA_Livia_tache01_11025_98.wav,sp c'est le colis sp au dessus du rond bleu {ns} sp
DATA_Celine_tache02_11025_76.wav,sp c'est l' aveu sp en dessous du rond rouge {ns}
DATA_Ariane_tache02_11025_42.wav,c'est sp l' harem sp en dessous de l' etoile rouge {ns} sp
DATA_Celine_tache01_11025_22.wav,c'est le couvent sp a cote de l' etoile grise {ns} sp
DATA_Camille_tache02_11025_113.wav,sp c'est la moto en dessous de l' etoile bleue sp {ns} sp
DATA_Chloe_tache02_11025_58.wav,c'est le savant en dessous de l' etoile verte {ns} sp
DATA_Emre_tache02_11025_34.wav,c'est le parvis a cote du triangle vert {ns} sp
DATA_Clara_tache02_11025_73.wav,c'est le montant sp au dessus de l' etoile sp grise sp {ns}
DATA_Melanie_tache01_11025_147.wav,c'est le visa sp en dessous de l' etoile jaune sp {ns} sp
DATA_Ariane_tache01_11025_82.wav,c'est sp la belle-mere sp a cote sp du rond sp vert sp {ns} sp
DATA_Chloe_tache02_11025_182.wav,c'est marron sp en dessous du triangle vert {ns} sp
DATA_Camille_tache02_11025_138.wav,sp c'est le degre sp a cote de l' etoile jaune sp {ns}
DATA_Thibault_tache01_11025_188.wav,sp c'est hagard sur sp le carre jaune {ns} sp
DATA_Emre_tache01_11025_176.wav,c'est la paleur sur le triangle jaune {ns} sp
DATA_Ariane_tache02_11025_132.wav,sp c'est sp epars sp sur le rond sp vert {ns} sp
DATA_Nael_tache01_11025_81.wav,c'est le discours sp a cote du rond gris sp {ns}
DATA_Nael_tache01_11025_180.wav,sp c'est la bonte sp sur sp le sp rond sp vert {ns} sp
DATA_ClaraG_tache01_11025_142.wav,sp c'est la puree en dessous de l' etoile bleue {ns}
DATA_Melanie_tache01_11025_132.wav,sp c'est epars sur le cercle vert {ns} sp
DATA_Chloe_tache01_11025_190.wav,c'est le godet a cote du triangle gris {ns} sp
DATA_Chloe_tache01_11025_75.wav,c'est le cingle a cote sp du carre bleu {ns} sp
DATA_Melanie_tache02_11025_58.wav,sp c'est le savant en dessous de l' etoile verte sp {ns} sp
DATA_Lucie_tache01_11025_83.wav,sp c'est decu a cote de l' etoile grise sp {ns}
DATA_AnnaL_tache01_11025_167.wav,c'est l' hommage a cote du sp triangle bleu sp {ns}
DATA_Nael_tache01_11025_122.wav,c'est la migraine en dessous du rond sp vert {ns}
DATA_Thibault_tache01_11025_103.wav,c'est l' osseux sp sur sp le carre gris sp {ns} sp
DATA_Lucie_tache02_11025_44.wav,c'est la bougie au dessus du triangle gris sp {ns}
DATA_Livia_tache02_11025_176.wav,c'est la paleur sur le triangle jaune {ns}
DATA_Emre_tache02_11025_165.wav,c'est l' arene a cote de l' etoile verte {ns} sp
DATA_Thibault_tache02_11025_176.wav,c'est la paleur sur le triangle jaune sp {ns}
DATA_Thomas_tache02_11025_76.wav,sp c'est l' aveu en dessous du rond rouge {ns}
DATA_ClaraG_tache02_11025_119.wav,c'est l' haleine sp sur le triangle sp gris {ns}
DATA_Lucie_tache02_11025_34.wav,c'est le parvis sp a cote du triangle vert {ns} sp
DATA_Camille_tache01_11025_86.wav,sp c'est la brebis sp a cote du rond bleu sp {ns}
DATA_Camille_tache02_11025_102.wav,c'est l' etang sp au dessus de l' etoile bleue {ns} sp
DATA_Lucie_tache02_11025_63.wav,c'est la villa sp au dessus de l' etoile jaune sp {ns} sp
DATA_Camille_tache01_11025_106.wav,sp c'est la servante sp a cote du sp triangle vert sp {ns} sp
DATA_Lucie_tache02_11025_83.wav,c'est decu a cote de l' etoile grise {ns}
DATA_Thibault_tache01_11025_182.wav,c'est marron sp en dessous sp du triangle vert {ns} sp
DATA_AnnaL_tache01_11025_186.wav,c'est le lezard a cote du rond jaune {ns}
DATA_ClaraG_tache01_11025_114.wav,sp c'est frileux a cote de l' etoile rouge {ns} sp
DATA_Melanie_tache02_11025_183.wav,sp c'est le radeau en dessous du rond jaune sp {ns} sp
DATA_Lucie_tache01_11025_55.wav,sp c'est le tambour en dessous sp du carre rouge {ns}
DATA_Camille_tache02_11025_72.wav,c'est le bazar sp au dessus de l' etoile verte sp {ns} sp
DATA_Ariane_tache02_11025_104.wav,c'est sp la blessure sp a sp cote du carre sp gris {ns} sp
DATA_Ariane_tache01_11025_55.wav,sp c'est le sp tambour sp en dessous sp du carre sp rouge {ns} sp
DATA_Ariane_tache01_11025_34.wav,sp c'est le sp parvis sp a cote du triangle vert {ns}
DATA_Celine_tache01_11025_193.wav,c'est le parrain au dessus du triangle rouge {ns}
DATA_ClaraG_tache01_11025_59.wav,sp c'est le beurre en dessous du carre bleu sp {ns}
DATA_AnnaL_tache01_11025_145.wav,c'est l' etage au dessus du rond vert {ns}
DATA_Nael_tache02_11025_201.wav,sp c'est le gala en dessous du rond rouge sp {ns} sp
DATA_Nael_tache02_11025_185.wav,c'est l' egard en dessous du triangle sp rouge {ns}
DATA_ClaraG_tache02_11025_139.wav,c'est l' egout sp sur le triangle rouge {ns}
DATA_Ariane_tache02_11025_31.wav,sp c'est sp l' etude sp sur l' etoile rouge sp {ns} sp
DATA_Melanie_tache01_11025_115.wav,c'est la corvee sur le cercle rouge {ns} sp
DATA_Thibault_tache01_11025_21.wav,c'est la clarte sp en dessous sp du rond vert {ns}
DATA_Nael_tache02_11025_170.wav,c'est certaine au dessus sp de l' etoile rouge sp {ns}
DATA_AnnaL_tache01_11025_90.wav,c'est sp le coma sp en dessous du triangle vert {ns}
DATA_Emre_tache01_11025_39.wav,c'est douteux au dessus du rond vert {ns}
DATA_Celine_tache02_11025_129.wav,sp c'est le satin sur l' etoile rouge {ns} sp
DATA_Livia_tache01_11025_84.wav,c'est le bouton sp a cote de l' etoile bleue {ns} sp
DATA_Ariane_tache02_11025_83.wav,c'est sp decu sp a cote de l' etoile sp grise {ns}
DATA_Lucie_tache02_11025_108.wav,c'est l' enjeu sur le triangle vert {ns}
DATA_Ariane_tache02_11025_103.wav,c'est sp l' osseux sp sur le carre sp gris {ns}
DATA_Clara_tache02_11025_102.wav,c'est l' etang sp au dessus de l' etoile sp bleue sp {ns}
DATA_Thibault_tache01_11025_192.wav,c'est sp haineux sp au dessus du carre rouge sp {ns} sp
DATA_Thibault_tache01_11025_51.wav,c'est le micro a cote du rond gris {ns} sp
DATA_Lucie_tache01_11025_193.wav,sp c'est le parrain sp au dessus du triangle rouge {ns} sp
DATA_Thomas_tache02_11025_165.wav,c'est l' arene a cote de l' etoile verte {ns} sp
DATA_Celine_tache02_11025_62.wav,sp c'est le carreau au dessus du sp carre vert {ns} sp
DATA_Ariane_tache02_11025_125.wav,sp c'est sp l' arnaque sp en dessous de l' etoile rouge {ns} sp
DATA_Chloe_tache01_11025_139.wav,c'est l' egout sur le triangle rouge {ns} sp
DATA_Melanie_tache01_11025_90.wav,c'est le coma sp en dessous du triangle vert {ns}
DATA_ClaraG_tache01_11025_73.wav,c'est le montant sp au dessus de l' etoile grise {ns}
DATA_ClaraG_tache02_11025_191.wav,c'est les patins en dessous du carre vert {ns}
DATA_AnnaL_tache01_11025_22.wav,c'est le couvent a cote de l' etoile grise {ns} sp
DATA_Clara_tache02_11025_103.wav,c'est l' osseux sp sur sp le carre sp gris {ns}
DATA_Thomas_tache01_11025_56.wav,c'est la monnaie a cote du rond vert {ns} sp
DATA_Lucie_tache01_11025_33.wav,sp c'est la fureur sp au dessus de l' etoile bleue sp {ns}
DATA_Nael_tache01_11025_19.wav,c'est le plafond sp au dessus du rond gris {ns} sp
DATA_Clara_tache02_11025_42.wav,c'est l' harem sp en dessous de l' etoile rouge {ns}
DATA_Celine_tache01_11025_1.wav,c'est l' epoux sur le carre gris {ns}
DATA_Clara_tache01_11025_82.wav,c'est sp la belle-mere a cote du rond sp vert {ns}
DATA_Emre_tache02_11025_198.wav,c'est amer sp au dessus de l' etoile jaune {ns} sp
DATA_Thomas_tache01_11025_162.wav,c'est le soupcon au dessus du rond rouge sp {ns} sp
DATA_Emre_tache01_11025_183.wav,c'est le radeau en dessous du rond jaune {ns}
DATA_AnnaL_tache01_11025_35.wav,c'est le climat sur le triangle rouge {ns} sp
DATA_Emre_tache02_11025_26.wav,c'est le tapage sp sur l' etoile verte {ns}
DATA_Thomas_tache02_11025_54.wav,c'est la paresse en dessous du carre jaune {ns}
DATA_Clara_tache01_11025_39.wav,c'est douteux au dessus du rond sp vert {ns}
DATA_ClaraG_tache01_11025_74.wav,c'est la graine en dessous du rond jaune {ns}
DATA_Nael_tache01_11025_11.wav,sp c'est le divan sp en dessous sp du rond rouge {ns} sp
DATA_Thibault_tache01_11025_168.wav,c'est la soucoupe sp sur sp l' etoile jaune sp {ns} sp
DATA_Ariane_tache01_11025_190.wav,c'est le godet sp a cote sp du triangle sp gris {ns} sp
DATA_AnnaL_tache01_11025_155.wav,c'est l' horreur sp sur le rond rouge {ns}
DATA_Livia_tache01_11025_77.wav,c'est supreme sp au dessus du triangle rouge {ns} sp
DATA_Thibault_tache02_11025_80.wav,sp c'est sure sp au dessus du carre rouge {ns}
DATA_Nael_tache02_11025_29.wav,sp c'est le savon en dessous de l' etoile jaune {ns} sp
DATA_Lucie_tache02_11025_94.wav,c'est le marquis sp a cote de l' etoile verte {ns}
DATA_Melanie_tache02_11025_68.wav,c'est le business a cote du carre bleu {ns}
DATA_Livia_tache01_11025_190.wav,c'est le godet sp a sp cote du triangle gris {ns}
DATA_Camille_tache02_11025_82.wav,c'est la belle-mere sp a cote sp du rond sp vert {ns} sp
DATA_AnnaL_tache01_11025_24.wav,c'est le bouchon sur le triangle jaune {ns} sp
DATA_ClaraG_tache02_11025_60.wav,c'est le sommet a cote du carre vert {ns}
DATA_Lucie_tache01_11025_143.wav,c'est le morceau sp sur le carre gris {ns} sp
DATA_Lucie_tache02_11025_198.wav,c'est amer au dessus de l' etoile jaune {ns}
DATA_Emre_tache01_11025_134.wav,c'est le blafard au dessus du carre bleu sp {ns}
DATA_Camille_tache02_11025_81.wav,sp c'est le discours sp a cote du rond gris {ns} sp
DATA_Ariane_tache01_11025_56.wav,c'est la monnaie sp a cote sp du rond sp vert {ns} sp
DATA_Emre_tache02_11025_183.wav,c'est le radeau sp en dessous du rond jaune {ns}
DATA_Ariane_tache01_11025_39.wav,c'est sp douteux sp au dessus sp du rond sp vert {ns} sp
DATA_Camille_tache01_11025_139.wav,c'est l' egout sp sur sp le triangle rouge sp {ns} sp
DATA_Melanie_tache02_11025_130.wav,sp c'est le marteau au dessus de l' etoile jaune {ns}
DATA_Celine_tache01_11025_60.wav,sp c'est le sommet a cote du carre vert {ns}
DATA_Lucie_tache02_11025_93.wav,sp c'est l' intrus sp au dessus sp du rond jaune {ns}
DATA_Chloe_tache01_11025_22.wav,sp c'est sp le couvent sp a cote de l' etoile sp grise {ns} sp
DATA_Chloe_tache01_11025_18.wav,sp c'est le citron sp au dessus du triangle bleu {ns} sp
DATA_Melanie_tache02_11025_176.wav,sp c'est la paleur sur le triangle jaune {ns}
DATA_Ariane_tache02_11025_194.wav,sp c'est sp le diamant sp a cote du triangle sp rouge {ns} sp
DATA_Melanie_tache02_11025_36.wav,sp c'est moelleux a cote de l' etoile bleue sp {ns}
DATA_Lucie_tache02_11025_4.wav,c'est le ruisseau sp a cote du triangle rouge sp {ns}
DATA_Ariane_tache02_11025_167.wav,c'est sp l' hommage sp a cote du triangle sp bleu {ns} sp
DATA_Ariane_tache01_11025_88.wav,c'est la cire sp en dessous sp du carre sp jaune {ns} sp
DATA_Nael_tache01_11025_178.wav,c'est l' antenne sp sur l' etoile grise {ns}
DATA_Thibault_tache02_11025_110.wav,c'est avare a cote du carre jaune sp {ns} sp
DATA_Clara_tache02_11025_15.wav,c'est l' ecart sp a cote du carre rouge {ns}
DATA_Celine_tache02_11025_45.wav,sp c'est le meurtre en dessous de l' etoile bleue sp {ns} sp
DATA_Chloe_tache01_11025_38.wav,c'est bavarde a cote de l' etoile jaune {ns} sp
DATA_Melanie_tache01_11025_99.wav,sp c'est la charrue sur le triangle jaune {ns}
DATA_AnnaL_tache02_11025_200.wav,c'est le campus sp au dessus du triangle jaune {ns}
DATA_Emre_tache02_11025_7.wav,sp c'est la source sur le carre jaune {ns}
DATA_AnnaL_tache02_11025_161.wav,c'est le coton sp a cote du carre rouge {ns} sp
DATA_Thibault_tache01_11025_111.wav,c'est la danseuse a cote de l' etoile jaune sp {ns}
DATA_Celine_tache01_11025_32.wav,sp c'est le bouquin sp sur le triangle gris {ns}
DATA_Emre_tache01_11025_67.wav,c'est absurde au dessus du rond rouge {ns}
DATA_Livia_tache02_11025_153.wav,c'est amen sp au dessus du carre bleu {ns}
DATA_Lucie_tache01_11025_71.wav,c'est le metteur sur le carre jaune sp {ns}
DATA_ClaraG_tache02_11025_91.wav,c'est le marais au dessus du carre jaune {ns}
DATA_Clara_tache02_11025_180.wav,c'est la bonte sp sur le rond sp vert {ns}
DATA_Melanie_tache02_11025_154.wav,sp c'est la guitare a cote du carre bleu sp {ns} sp
DATA_Camille_tache01_11025_27.wav,sp c'est le tombeau sp a cote du carre jaune {ns} sp
DATA_Nael_tache01_11025_10.wav,sp c'est l' argile sp a cote du triangle sp bleu sp {ns}
DATA_Thomas_tache01_11025_97.wav,c'est rugueux sur l' etoile bleue sp {ns}
DATA_AnnaL_tache02_11025_180.wav,c'est la bonte sp sur le rond vert {ns} sp
DATA_Celine_tache02_11025_205.wav,c'est le gouter sp en dessous du carre bleu sp {ns}
DATA_Thibault_tache02_11025_7.wav,c'est la source sp sur le carre jaune sp {ns} sp
DATA_AnnaL_tache02_11025_183.wav,c'est le radeau sp en dessous du rond jaune {ns} sp
DATA_AnnaL_tache01_11025_160.wav,c'est ainsi sur le carre bleu {ns}
DATA_Melanie_tache01_11025_185.wav,sp c'est l' egard en dessous du triangle rouge {ns} sp
DATA_Ariane_tache02_11025_23.wav,c'est sp le trophee sp sur le triangle vert {ns} sp
DATA_ClaraG_tache01_11025_22.wav,c'est le couvent a cote de l' etoile grise {ns}
DATA_Emre_tache02_11025_122.wav,c'est la migraine en dessous du rond vert sp {ns}
DATA_Thibault_tache02_11025_8.wav,c'est le vaccin sp sur sp le rond jaune sp {ns} sp
DATA_Chloe_tache01_11025_20.wav,c'est sp hideux sp a cote du rond jaune sp {ns}
DATA_AnnaL_tache01_11025_5.wav,c'est le hublot a cote de l'etoile verte
DATA_Ariane_tache02_11025_41.wav,c'est sp jeudi sp en dessous du triangle sp rouge sp {ns} sp
DATA_Clara_tache02_11025_183.wav,c'est le radeau sp en dessous du rond sp jaune {ns} sp
DATA_Thibault_tache02_11025_116.wav,c'est l' allure sp sur sp l' etoile grise sp {ns} sp
DATA_Thibault_tache01_11025_8.wav,c'est le vaccin sp sur sp le rond jaune sp {ns} sp
DATA_Thomas_tache01_11025_70.wav,c'est le budget en dessous du triangle bleu {ns} sp
DATA_Chloe_tache02_11025_143.wav,c'est le morceau sur le carre gris {ns}
DATA_AnnaL_tache02_11025_69.wav,c'est le beguin sp a cote du rond rouge {ns} sp
DATA_Thibault_tache01_11025_108.wav,c'est l' enjeu sp sur le triangle vert {ns}
DATA_Camille_tache01_11025_134.wav,sp c'est le blafard sp au dessus du carre bleu sp {ns} sp
DATA_Melanie_tache02_11025_186.wav,c'est le lezard a cote du rond jaune {ns}
DATA_Lucie_tache01_11025_100.wav,sp c'est le soda sp au dessus du triangle jaune {ns}
DATA_Celine_tache02_11025_71.wav,sp c'est le metteur sur le carre jaune {ns} sp
DATA_AnnaL_tache02_11025_70.wav,c'est le budget sp en dessous du triangle bleu sp {ns}
DATA_ClaraG_tache01_11025_138.wav,c'est le degre a cote de l' etoile jaune {ns}
DATA_Celine_tache01_11025_157.wav,sp c'est le dilemme en dessous de l' etoile verte sp {ns} sp
DATA_ClaraG_tache02_11025_96.wav,c'est le precis sp sur le carre bleu {ns} sp
DATA_Celine_tache01_11025_97.wav,sp c'est rugueux sur l' etoile bleue sp {ns} sp
DATA_Livia_tache02_11025_46.wav,sp c'est la ressource au dessus du carre gris {ns}
DATA_Thibault_tache02_11025_68.wav,c'est le business a cote du carre bleu sp {ns} sp
DATA_Chloe_tache01_11025_148.wav,c'est le donjon a cote du triangle jaune sp {ns} sp
DATA_Emre_tache01_11025_180.wav,c'est la bonte sp sur le rond vert sp {ns}
DATA_Melanie_tache02_11025_168.wav,c'est la soucoupe sur l' etoile jaune sp {ns}
DATA_Emre_tache02_11025_74.wav,sp c'est la graine en dessous du rond jaune {ns}
DATA_Camille_tache01_11025_118.wav,sp c'est l' etape sp au dessus du carre gris sp {ns} sp
DATA_Lucie_tache02_11025_117.wav,sp c'est le radis au dessus sp du rond rouge {ns} sp
DATA_Camille_tache02_11025_62.wav,c'est le carreau sp au dessus du carre vert {ns}
DATA_AnnaL_tache01_11025_72.wav,c'est sp le bazar sp au dessus de l' etoile verte {ns}
DATA_Chloe_tache01_11025_17.wav,c'est l' amas sp au dessus du triangle jaune sp {ns} sp
DATA_Camille_tache01_11025_196.wav,c'est le fromage sp a cote du sp carre jaune {ns} sp
DATA_Emre_tache01_11025_202.wav,c'est le bambou sp sur le triangle vert {ns}
DATA_AnnaL_tache01_11025_14.wav,c'est le secteur en dessous du rond gris {ns}
DATA_Celine_tache01_11025_126.wav,sp c'est l' otage en dessous de l' etoile verte sp {ns}
DATA_Camille_tache02_11025_163.wav,c'est l' audace au dessus du triangle bleu sp {ns}
DATA_Melanie_tache02_11025_2.wav,c'est le karma sur l' etoile grise {ns} sp
DATA_Clara_tache02_11025_115.wav,c'est la corvee sp sur le rond rouge {ns}
DATA_Nael_tache01_11025_130.wav,c'est le marteau au dessus de l' etoile jaune {ns}
DATA_Thomas_tache02_11025_183.wav,c'est le radeau en dessous du rond jaune {ns}
DATA_Thomas_tache02_11025_56.wav,sp c'est la monnaie a cote du rond vert {ns} sp
DATA_Camille_tache02_11025_103.wav,sp c'est l' osseux sp sur le carre gris {ns} sp
DATA_Emre_tache02_11025_205.wav,c'est le gouter sp en dessous du carre bleu {ns}
DATA_Lucie_tache02_11025_38.wav,c'est bavarde a cote de l' etoile jaune {ns} sp
DATA_ClaraG_tache02_11025_150.wav,c'est sp issu au dessus du carre jaune {ns} sp
DATA_Lucie_tache02_11025_42.wav,c'est l' harem en dessous de l' etoile rouge {ns}
DATA_AnnaL_tache02_11025_17.wav,c'est l' amas sp au dessus du triangle jaune {ns} sp
DATA_ClaraG_tache02_11025_128.wav,c'est le vernis sp en dessous de l' etoile sp grise {ns}
DATA_ClaraG_tache02_11025_115.wav,c'est la corvee sp sur le rond rouge {ns}
DATA_Nael_tache01_11025_135.wav,c'est le choeur sp au dessus du sp triangle vert {ns}
DATA_Lucie_tache02_11025_10.wav,c'est l' argile a cote du triangle bleu sp {ns}
DATA_Nael_tache01_11025_197.wav,c'est le macon sp sur le rond gris {ns} sp
DATA_Chloe_tache01_11025_122.wav,c'est la migraine sp en dessous du rond vert {ns}
DATA_ClaraG_tache02_11025_142.wav,c'est la puree en dessous de l' etoile bleue sp {ns}
DATA_Nael_tache02_11025_148.wav,c'est le donjon a cote du triangle jaune {ns}
DATA_Emre_tache01_11025_16.wav,sp c'est le cartable en dessous du rond jaune {ns} sp
DATA_Clara_tache02_11025_117.wav,c'est le radis sp au dessus du rond rouge {ns}
DATA_Thomas_tache02_11025_86.wav,c'est la brebis a cote du rond bleu {ns}
DATA_Clara_tache02_11025_2.wav,c'est le karma sp sur l' etoile sp grise {ns}
DATA_ClaraG_tache02_11025_34.wav,c'est le parvis a cote du triangle vert {ns}
DATA_Nael_tache01_11025_36.wav,sp c'est moelleux a cote de l' etoile bleue sp {ns} sp
DATA_Emre_tache01_11025_112.wav,c'est le pave sp au dessus du rond gris {ns} sp
DATA_Chloe_tache01_11025_105.wav,c'est le frangin sp en dessous du rond bleu {ns} sp
DATA_Lucie_tache01_11025_157.wav,sp c'est le dilemme sp en dessous de l' etoile verte {ns} sp
DATA_Thibault_tache01_11025_77.wav,c'est supreme sp au dessus du triangle rouge {ns} sp
DATA_Thibault_tache02_11025_193.wav,c'est le parrain sp au dessus du triangle rouge {ns} sp
DATA_AnnaL_tache02_11025_146.wav,c'est le cil sp a cote de l' etoile rouge {ns}
DATA_Ariane_tache01_11025_187.wav,sp c'est sp le bonnet sp en dessous sp du carre sp gris {ns} sp
DATA_Melanie_tache02_11025_110.wav,c'est avare a cote du carre jaune {ns} sp
DATA_AnnaL_tache01_11025_189.wav,c'est le courroux sp a cote de l' etoile bleue {ns}
DATA_Clara_tache02_11025_135.wav,c'est le choeur au dessus du triangle vert sp {ns}
DATA_Ariane_tache02_11025_30.wav,sp c'est le sp cachet sp au dessus du carre sp jaune {ns} sp
DATA_Chloe_tache01_11025_70.wav,sp c'est le budget sp en dessous du triangle bleu {ns} sp
DATA_Chloe_tache02_11025_77.wav,c'est supreme au dessus du triangle rouge {ns}
DATA_Livia_tache02_11025_106.wav,c'est la servante a cote du triangle vert {ns}
DATA_Nael_tache01_11025_110.wav,c'est avare a cote sp du carre jaune {ns}
DATA_Chloe_tache01_11025_172.wav,c'est l' ivresse sp en dessous du carre jaune {ns}
DATA_Chloe_tache02_11025_23.wav,c'est le trophee sp sur le triangle vert {ns}
DATA_Camille_tache02_11025_33.wav,sp c'est la fureur sp au dessus de l' etoile bleue sp {ns} sp
DATA_Melanie_tache01_11025_165.wav,c'est l' arene a cote de l' etoile verte {ns}
DATA_ClaraG_tache02_11025_117.wav,c'est le radis au dessus du rond rouge {ns}
DATA_Nael_tache01_11025_79.wav,c'est le theme sp en dessous du carre rouge {ns} sp
DATA_Celine_tache02_11025_100.wav,sp c'est le soda au dessus du triangle jaune sp {ns} sp
DATA_AnnaL_tache02_11025_6.wav,c'est le genou sp sur le rond gris {ns}
DATA_Chloe_tache01_11025_126.wav,c'est l' otage en dessous de l' etoile verte {ns} sp
DATA_Thomas_tache02_11025_148.wav,sp c'est le donjon sp a cote du triangle jaune sp {ns}
DATA_Clara_tache01_11025_15.wav,c'est sp l' ecart sp a cote sp du carre rouge {ns} sp
DATA_Melanie_tache02_11025_37.wav,sp c'est la pizza au dessus du rond jaune {ns} sp
DATA_Melanie_tache02_11025_55.wav,sp c'est le tambour en dessous du carre rouge {ns} sp
DATA_Camille_tache01_11025_30.wav,sp c'est le cachet sp au dessus du carre jaune {ns} sp
DATA_Melanie_tache02_11025_122.wav,sp c'est la migraine en dessous du rond vert {ns} sp
DATA_AnnaL_tache01_11025_116.wav,c'est l' allure sur l' etoile grise sp {ns}
DATA_AnnaL_tache02_11025_120.wav,c'est le whiskey sp en dessous du rond gris {ns} sp
DATA_Nael_tache01_11025_107.wav,sp c'est relax a cote sp du sp triangle rouge sp {ns}
DATA_Ariane_tache02_11025_147.wav,c'est le visa sp en sp dessous de l' etoile sp jaune {ns} sp
DATA_AnnaL_tache02_11025_110.wav,c'est avare sp a cote du carre jaune {ns}
DATA_Nael_tache02_11025_168.wav,c'est la soucoupe sur l' etoile jaune sp {ns}
DATA_Lucie_tache01_11025_1.wav,c'est sp l' epoux sp sur le carre sp gris {ns}
DATA_Chloe_tache02_11025_120.wav,c'est le whiskey sp en dessous du rond gris {ns} sp
DATA_ClaraG_tache02_11025_143.wav,c'est le morceau sur le carre gris {ns}
DATA_Nael_tache01_11025_113.wav,c'est la moto en dessous de l' etoile bleue {ns}
DATA_Ariane_tache01_11025_72.wav,sp c'est le bazar sp au dessus de sp l' etoile sp verte {ns}
DATA_Lucie_tache02_11025_81.wav,sp c'est le discours a cote sp du rond sp gris {ns}
DATA_Livia_tache02_11025_193.wav,c'est le parrain sp au dessus du triangle rouge {ns}
DATA_Emre_tache02_11025_22.wav,sp c'est le couvent a cote de l' etoile grise {ns}
DATA_Lucie_tache01_11025_102.wav,sp c'est l' etang sp au dessus de l' etoile bleue sp {ns}
DATA_Ariane_tache02_11025_60.wav,sp c'est le sommet sp a cote du carre sp vert {ns}
DATA_Emre_tache02_11025_68.wav,c'est le business sp a cote du carre bleu {ns} sp
DATA_Camille_tache01_11025_93.wav,sp c'est l' intrus sp au dessus du rond jaune {ns} sp
DATA_Emre_tache01_11025_41.wav,sp c'est jeudi en dessous du triangle rouge {ns}
DATA_Emre_tache01_11025_155.wav,c'est l' horreur sp sur le rond rouge sp {ns}
DATA_Celine_tache02_11025_15.wav,sp c'est l' ecart a cote du carre rouge sp {ns}
DATA_Chloe_tache01_11025_156.wav,c'est le sultan a cote du rond bleu {ns} sp
DATA_Nael_tache02_11025_189.wav,c'est le courroux a cote de l' etoile bleue {ns} sp
DATA_ClaraG_tache01_11025_110.wav,c'est avare a cote du carre jaune {ns} sp
DATA_Nael_tache02_11025_93.wav,c'est l' intrus au dessus du rond jaune {ns} sp
DATA_Melanie_tache01_11025_86.wav,c'est la brebis a cote du cercle bleu sp {ns}
DATA_Emre_tache02_11025_147.wav,sp c'est le visa sp en dessous de l' etoile jaune {ns}
DATA_Ariane_tache01_11025_196.wav,c'est le fromage sp a cote du carre sp jaune {ns} sp
DATA_Emre_tache01_11025_44.wav,sp c'est la bougie au dessus sp du triangle gris {ns} sp
DATA_Livia_tache01_11025_148.wav,sp c'est le donjon a cote du triangle jaune {ns}
DATA_Nael_tache02_11025_9.wav,c'est le corbeau sp au dessus de l' etoile rouge {ns}
DATA_AnnaL_tache02_11025_11.wav,c'est le divan sp en dessous du rond rouge {ns} sp
DATA_Lucie_tache02_11025_139.wav,c'est l' egout sur le triangle rouge {ns} sp
DATA_Celine_tache02_11025_90.wav,sp c'est le sp coma en dessous du triangle vert {ns} sp
DATA_AnnaL_tache02_11025_54.wav,sp c'est la paresse en dessous du carre jaune sp {ns}
DATA_Melanie_tache01_11025_40.wav,sp c'est l' ouvrage en dessous du carre gris sp {ns}
DATA_Emre_tache01_11025_88.wav,c'est la cire en dessous du carre jaune {ns} sp
DATA_Clara_tache02_11025_82.wav,c'est la belle-mere sp a cote du rond sp vert {ns}
DATA_Camille_tache02_11025_123.wav,c'est l' assaut sp sur l' etoile verte {ns} sp
DATA_Lucie_tache02_11025_184.wav,c'est l' auteur sur l' etoile rouge {ns} sp
DATA_Ariane_tache02_11025_44.wav,sp c'est sp la bougie sp au dessus du triangle gris {ns} sp
DATA_Melanie_tache02_11025_56.wav,c'est la monnaie a cote du rond vert {ns} sp
DATA_Thibault_tache01_11025_119.wav,c'est l' haleine sp sur le triangle gris sp {ns} sp
DATA_Celine_tache01_11025_91.wav,sp c'est le marais sp au dessus du carre jaune sp {ns} sp
DATA_ClaraG_tache02_11025_167.wav,c'est l' hommage a cote du triangle bleu {ns} sp
DATA_Livia_tache01_11025_20.wav,c'est sp hideux sp a cote du sp rond jaune {ns} sp
DATA_AnnaL_tache02_11025_107.wav,c'est relax a cote du triangle rouge {ns}
DATA_Thibault_tache02_11025_117.wav,c'est le radis au dessus du rond rouge {ns} sp
DATA_Lucie_tache01_11025_69.wav,c'est le beguin sp a cote sp du rond rouge {ns}
DATA_Chloe_tache01_11025_171.wav,c'est morveux sp en dessous de l' etoile grise sp {ns} sp
DATA_Thomas_tache02_11025_70.wav,c'est le budget sp en dessous du triangle bleu sp {ns} sp
DATA_Chloe_tache01_11025_179.wav,c'est la pancarte au dessus du triangle gris sp {ns} sp
DATA_Thibault_tache02_11025_93.wav,c'est l' intrus sp au dessus du rond jaune sp {ns} sp
DATA_Melanie_tache01_11025_103.wav,sp c'est l' osseux sur le carre gris {ns} sp
DATA_AnnaL_tache01_11025_91.wav,sp c'est le marais sp au dessus du sp carre jaune {ns}
DATA_Nael_tache02_11025_33.wav,c'est la fureur au dessus de l' etoile bleue {ns}
DATA_ClaraG_tache02_11025_132.wav,c'est sp epars sp sur le rond vert {ns}
DATA_Celine_tache02_11025_169.wav,c'est le voisin sp sur le rond bleu sp {ns} sp
DATA_Nael_tache01_11025_131.wav,c'est la philo en dessous du triangle rouge {ns}
DATA_Melanie_tache02_11025_81.wav,sp c'est le discours a cote du rond gris sp {ns} sp
DATA_Camille_tache02_11025_127.wav,c'est le buisson sp au dessus du triangle gris {ns} sp
DATA_ClaraG_tache01_11025_139.wav,sp c'est l' egout sp sur le triangle rouge {ns}
DATA_Camille_tache01_11025_16.wav,sp c'est le cartable en dessous du rond sp jaune {ns} sp
DATA_Lucie_tache01_11025_32.wav,sp c'est le bouquin sp sur le triangle gris {ns} sp
DATA_Lucie_tache01_11025_94.wav,c'est le marquis sp a cote de l' etoile verte {ns} sp
DATA_Nael_tache02_11025_34.wav,sp c'est le parvis a cote du triangle vert sp {ns}
DATA_Ariane_tache01_11025_57.wav,sp c'est la fontaine sp sur le carre sp vert {ns} sp
DATA_Lucie_tache02_11025_122.wav,sp c'est la migraine sp en dessous du rond vert {ns}
DATA_Livia_tache01_11025_140.wav,sp c'est le sp pasteur en dessous du triangle bleu {ns} sp
DATA_Thibault_tache01_11025_130.wav,c'est le marteau sp au dessus sp de l' etoile jaune sp {ns} sp
DATA_Chloe_tache02_11025_140.wav,c'est le pasteur en dessous du triangle bleu sp {ns}
DATA_AnnaL_tache01_11025_4.wav,c'est le ruisseau a cote du triangle rouge
DATA_Chloe_tache01_11025_94.wav,sp c'est le marquis a cote de l' etoile verte sp {ns} sp
DATA_Nael_tache02_11025_197.wav,sp c'est le macon sur le rond gris {ns}
DATA_ClaraG_tache01_11025_90.wav,sp c'est le coma sp en dessous du triangle vert {ns}
DATA_Camille_tache02_11025_26.wav,sp c'est le tapage sp sur l' etoile verte {ns}
DATA_ClaraG_tache01_11025_71.wav,c'est le metteur sur le carre jaune {ns}
DATA_ClaraG_tache02_11025_131.wav,c'est la philo sp en dessous du triangle rouge {ns}
DATA_ClaraG_tache01_11025_132.wav,sp c'est epars sp sur le rond vert sp {ns} sp
DATA_Ariane_tache01_11025_147.wav,sp c'est sp le visa sp en sp dessous de l' etoile sp jaune {ns} sp
DATA_Emre_tache01_11025_61.wav,sp c'est le debit sur le rond bleu {ns} sp
DATA_Clara_tache02_11025_67.wav,c'est absurde sp au dessus du rond rouge {ns}
DATA_Nael_tache02_11025_149.wav,c'est la flanelle au dessus du rond bleu {ns} sp
DATA_Ariane_tache01_11025_80.wav,c'est sp au dessus sp du carre sp rouge {ns} sp
DATA_Clara_tache02_11025_54.wav,c'est la paresse sp en dessous du carre jaune {ns}
DATA_Ariane_tache01_11025_135.wav,sp c'est le sp choeur sp au dessus du triangle sp vert {ns}
DATA_Clara_tache01_11025_101.wav,sp c'est la grimace sp en dessous du carre sp gris sp {ns}
DATA_Lucie_tache02_11025_161.wav,c'est le coton a cote du carre rouge sp {ns} sp
DATA_Ariane_tache01_11025_197.wav,sp c'est le macon sp sur le rond sp gris {ns} sp
DATA_ClaraG_tache02_11025_15.wav,c'est l' ecart a cote du carre rouge {ns}
DATA_Nael_tache01_11025_194.wav,sp c'est le diamant sp a cote du triangle rouge sp {ns}
DATA_Emre_tache01_11025_43.wav,sp c'est le poussin en dessous du triangle jaune {ns} sp
DATA_Clara_tache01_11025_67.wav,c'est absurde au dessus du rond sp rouge {ns} sp
DATA_Thibault_tache01_11025_12.wav,c'est les etats sp sur l' etoile bleue sp {ns} sp
DATA_Emre_tache01_11025_133.wav,sp c'est le surplus sp sur le triangle bleu sp {ns}
DATA_Camille_tache02_11025_49.wav,c'est la fierte sp au dessus de l' etoile verte sp {ns}
DATA_Thomas_tache01_11025_36.wav,c'est moelleux sp a cote de l' etoile bleue {ns} sp
DATA_Ariane_tache01_11025_136.wav,c'est la poupee sp sur le carre sp vert {ns} sp
DATA_Nael_tache02_11025_194.wav,c'est le diamant a cote du triangle rouge {ns}
DATA_Lucie_tache01_11025_85.wav,c'est le sceau sp sur le rond gris {ns}
DATA_Nael_tache01_11025_27.wav,sp c'est le tombeau a cote du carre sp jaune {ns}
DATA_Celine_tache02_11025_43.wav,sp c'est le poussin sp en dessous du sp triangle jaune {ns}
DATA_Nael_tache01_11025_92.wav,sp c'est le talus a cote du rond jaune {ns} sp
DATA_Celine_tache02_11025_77.wav,sp c'est supreme au dessus du triangle rouge {ns} sp
DATA_Melanie_tache01_11025_148.wav,sp c'est le donjon a cote du triangle jaune sp {ns}
DATA_Emre_tache02_11025_153.wav,c'est amen au dessus du carre bleu {ns}
DATA_Melanie_tache02_11025_65.wav,c'est le semestre au dessus du triangle rouge {ns} sp
DATA_Celine_tache01_11025_129.wav,c'est le satin sp sur l' etoile rouge {ns}
DATA_Thomas_tache01_11025_14.wav,c'est le secteur en dessous du rond gris {ns}
DATA_Camille_tache01_11025_76.wav,sp c'est l' aveu sp en dessous du rond rouge {ns} sp
DATA_Melanie_tache01_11025_101.wav,c'est la grimace sp en dessous du carre gris sp {ns} sp
DATA_Lucie_tache02_11025_135.wav,c'est le choeur au dessus du triangle vert {ns}
DATA_Emre_tache02_11025_21.wav,sp c'est la clarte en dessous du rond vert {ns} sp
DATA_Celine_tache02_11025_136.wav,sp c'est la poupee sur le carre vert {ns} sp
DATA_AnnaL_tache01_11025_88.wav,c'est la cire sp en dessous du carre jaune {ns} sp
DATA_Melanie_tache02_11025_79.wav,c'est le theme en dessous du carre rouge {ns} sp
DATA_Thibault_tache02_11025_137.wav,c'est le recours sp a cote sp du carre vert {ns} sp
DATA_Nael_tache02_11025_26.wav,c'est le tapage sur l' etoile verte {ns}
DATA_Nael_tache02_11025_160.wav,sp c'est ainsi sur le carre bleu {ns}
DATA_Nael_tache02_11025_27.wav,c'est le tombeau a cote du carre jaune {ns}
DATA_Thibault_tache01_11025_54.wav,c'est la paresse sp en dessous du carre jaune sp {ns} sp
DATA_Celine_tache01_11025_197.wav,sp c'est le macon sur le rond gris sp {ns}
DATA_Melanie_tache02_11025_20.wav,c'est hideux a cote du rond jaune {ns}
DATA_Livia_tache01_11025_135.wav,c'est le sp choeur au dessus sp du triangle vert {ns}
DATA_Emre_tache02_11025_96.wav,c'est le precis sur le carre bleu {ns} sp
DATA_Thibault_tache01_11025_57.wav,c'est la fontaine sp sur le carre vert {ns}
DATA_Celine_tache01_11025_156.wav,c'est le sultan sp a cote du sp rond bleu sp {ns} sp
DATA_Melanie_tache02_11025_107.wav,sp c'est relax a cote du triangle rouge {ns}
DATA_Nael_tache02_11025_176.wav,sp c'est la paleur sp sur le triangle jaune sp {ns}
DATA_Lucie_tache02_11025_119.wav,sp c'est l' haleine sp sur le triangle sp gris {ns}
DATA_ClaraG_tache02_11025_80.wav,c'est sure sp au dessus du carre rouge {ns}
DATA_Livia_tache01_11025_68.wav,c'est le business sp a cote du carre bleu {ns} sp
DATA_Lucie_tache01_11025_64.wav,sp c'est la capsule sp au dessus du carre rouge sp {ns}
DATA_AnnaL_tache02_11025_61.wav,c'est le debit sp sur le rond bleu sp {ns}
DATA_Lucie_tache01_11025_115.wav,c'est la corvee sp sur sp le rond rouge {ns} sp
DATA_Camille_tache02_11025_28.wav,sp c'est le machin sp sur le carre bleu {ns} sp
DATA_Thomas_tache01_11025_179.wav,c'est la pancarte sp au dessus du triangle gris {ns} sp
DATA_Emre_tache02_11025_42.wav,c'est l' harem en dessous de l' etoile rouge {ns}
DATA_ClaraG_tache01_11025_196.wav,c'est le fromage a cote du carre jaune {ns} sp
DATA_Emre_tache02_11025_151.wav,sp c'est le batard au dessus du carre vert {ns}
DATA_Emre_tache02_11025_84.wav,sp c'est le bouton a cote de l' etoile bleue {ns}
DATA_Thomas_tache02_11025_198.wav,c'est amer au dessus de l' etoile jaune sp {ns} sp
DATA_AnnaL_tache01_11025_87.wav,sp c'est le recu sur le triangle rouge {ns} sp
DATA_Clara_tache02_11025_156.wav,c'est le sultan sp a cote du rond bleu sp {ns}
DATA_AnnaL_tache01_11025_197.wav,c'est le macon sur le rond gris {ns}
DATA_AnnaL_tache01_11025_71.wav,sp c'est le metteur sur le carre jaune {ns} sp
DATA_Nael_tache01_11025_77.wav,c'est supreme au dessus sp du triangle rouge {ns}
DATA_Livia_tache02_11025_129.wav,sp c'est le satin sp sur l' etoile rouge {ns} sp
DATA_Celine_tache02_11025_61.wav,c'est le debit sur le rond bleu sp {ns} sp
DATA_Celine_tache01_11025_31.wav,sp c'est l' etude sp sur l' etoile rouge {ns} sp
DATA_Livia_tache02_11025_43.wav,c'est le poussin en dessous du sp triangle jaune {ns}
DATA_ClaraG_tache01_11025_157.wav,c'est le dilemme en sp dessous de l' etoile verte sp {ns} sp
DATA_Thibault_tache01_11025_167.wav,c'est l' hommage sp a cote du triangle bleu sp {ns} sp
DATA_Thomas_tache02_11025_144.wav,c'est la cadence a cote du rond rouge sp {ns} sp
DATA_Emre_tache02_11025_112.wav,c'est le pave au dessus du rond gris {ns} sp
DATA_ClaraG_tache02_11025_17.wav,c'est l' amas au dessus du triangle jaune sp {ns}
DATA_Melanie_tache02_11025_98.wav,sp c'est le colis au dessus du rond bleu sp {ns} sp
DATA_Livia_tache02_11025_117.wav,c'est le radis sp au dessus du rond rouge {ns}
DATA_Ariane_tache01_11025_159.wav,c'est le fardeau sp sur l' etoile sp bleue {ns} sp
DATA_Nael_tache01_11025_175.wav,sp c'est le ruban a cote du rond gris sp {ns}
DATA_Melanie_tache01_11025_7.wav,sp c'est la source sur le carre jaune {ns}
DATA_Lucie_tache02_11025_96.wav,sp c'est le precis sp sur le carre bleu sp {ns} sp
DATA_Celine_tache02_11025_78.wav,sp c'est l' entente a cote du rond rouge {ns}
DATA_AnnaL_tache02_11025_196.wav,c'est le fromage sp a cote du carre jaune {ns} sp
DATA_Lucie_tache02_11025_138.wav,c'est le degre a cote de l' etoile jaune sp {ns}
DATA_Ariane_tache01_11025_188.wav,c'est sp hagard sp sur le carre sp jaune {ns} sp
DATA_AnnaL_tache01_11025_64.wav,c'est la capsule au dessus du carre rouge {ns} sp
DATA_Nael_tache02_11025_120.wav,c'est le whiskey en dessous du rond sp gris {ns}
DATA_Lucie_tache01_11025_192.wav,sp c'est sp haineux sp au dessus sp du carre rouge {ns} sp
DATA_Emre_tache01_11025_165.wav,c'est l' arene a cote de l' etoile verte {ns} sp
DATA_Camille_tache01_11025_99.wav,sp c'est la charrue sp sur le triangle jaune sp {ns}
DATA_Camille_tache02_11025_91.wav,c'est le marais au dessus du carre jaune {ns} sp
DATA_Lucie_tache02_11025_18.wav,sp c'est le citron sp au dessus du triangle bleu {ns}
DATA_Camille_tache02_11025_184.wav,c'est l' auteur sp sur l' etoile rouge {ns} sp
DATA_AnnaL_tache01_11025_192.wav,c'est sp haineux sp au dessus du sp carre rouge {ns}
DATA_Thibault_tache02_11025_134.wav,c'est le blafard sp au dessus sp du carre bleu sp {ns} sp
DATA_ClaraG_tache01_11025_61.wav,sp c'est le debit sp sur le rond bleu sp {ns} sp
DATA_Emre_tache01_11025_152.wav,sp c'est le cigare au dessus du rond jaune {ns}
DATA_Thomas_tache02_11025_77.wav,sp c'est supreme au dessus du triangle rouge sp {ns} sp
DATA_Nael_tache01_11025_46.wav,c'est la ressource au dessus sp du carre gris {ns}
DATA_Clara_tache01_11025_61.wav,c'est le debit sp sur le rond sp bleu sp {ns}
DATA_Thibault_tache01_11025_99.wav,c'est la charrue sp sur le triangle jaune {ns} sp
DATA_Melanie_tache01_11025_80.wav,sp c'est sure au dessus du carre rouge {ns}
DATA_Lucie_tache02_11025_76.wav,sp c'est l' aveu sp en dessous du rond rouge {ns}
DATA_Nael_tache02_11025_127.wav,c'est le buisson au dessus du triangle sp gris {ns}
DATA_Lucie_tache01_11025_51.wav,c'est le micro sp a cote du rond gris {ns}
DATA_Chloe_tache01_11025_115.wav,c'est la corvee sur le rond rouge {ns} sp
DATA_AnnaL_tache01_11025_51.wav,sp c'est le micro a cote du rond gris {ns}
DATA_Livia_tache02_11025_171.wav,c'est morveux sp en dessous de l' etoile grise {ns} sp
DATA_Livia_tache01_11025_106.wav,c'est la servante a cote du triangle vert {ns} sp
DATA_Celine_tache02_11025_48.wav,c'est le sud a cote du rond bleu sp {ns} sp
DATA_Thomas_tache01_11025_147.wav,c'est le visa en dessous de sp l' etoile jaune sp {ns} sp
DATA_Thibault_tache01_11025_75.wav,c'est le cingle sp a cote du carre bleu {ns}
DATA_Ariane_tache02_11025_199.wav,c'est le refrain sp au dessus du carre sp gris {ns} sp
DATA_Chloe_tache02_11025_187.wav,sp c'est le bonnet en dessous du carre gris {ns} sp
DATA_Celine_tache02_11025_160.wav,sp c'est ainsi sur le carre bleu sp {ns} sp
DATA_Clara_tache02_11025_175.wav,c'est le ruban sp a cote du sp rond gris sp {ns} sp
DATA_Melanie_tache02_11025_11.wav,sp c'est le divan sp en dessous du cercle rouge {ns}
DATA_Lucie_tache01_11025_123.wav,sp c'est l' assaut sp sur l' etoile verte {ns}
DATA_Melanie_tache02_11025_4.wav,sp c'est le ruisseau a cote du triangle rouge {ns} sp
DATA_Thomas_tache01_11025_93.wav,c'est l' intrus au dessus du rond jaune {ns} sp
DATA_ClaraG_tache01_11025_186.wav,c'est le lezard a cote du rond jaune {ns}
DATA_ClaraG_tache02_11025_65.wav,c'est le semestre sp au dessus du triangle rouge {ns}
DATA_AnnaL_tache01_11025_127.wav,c'est sp le buisson sp au dessus du triangle gris {ns}
DATA_Camille_tache02_11025_95.wav,sp c'est la sirene sp a cote sp du triangle bleu {ns} sp
DATA_Camille_tache01_11025_204.wav,c'est la morphine sur le carre rouge {ns} sp
DATA_Nael_tache01_11025_139.wav,c'est l' egout sur le triangle rouge {ns} sp
DATA_Chloe_tache02_11025_80.wav,c'est sp sure au dessus du carre rouge {ns} sp
DATA_Ariane_tache02_11025_38.wav,c'est sp bavarde sp a cote de l' etoile sp jaune {ns}
DATA_Chloe_tache02_11025_13.wav,c'est soudaine sp sur le carre rouge {ns} sp
DATA_AnnaL_tache02_11025_193.wav,sp c'est le parrain sp au dessus du triangle rouge {ns} sp
DATA_Nael_tache01_11025_174.wav,c'est l' insulte sur le triangle bleu sp {ns} sp
DATA_ClaraG_tache01_11025_76.wav,c'est l' aveu sp en dessous du rond rouge {ns} sp
DATA_Lucie_tache02_11025_58.wav,sp c'est le savant sp en dessous de l' etoile verte {ns}
DATA_ClaraG_tache01_11025_147.wav,c'est le visa en sp dessous de l' etoile jaune {ns} sp
DATA_Livia_tache01_11025_180.wav,c'est la bonte sur le rond vert {ns} sp
DATA_Lucie_tache01_11025_202.wav,sp c'est le bambou sp sur le triangle vert {ns}
DATA_Melanie_tache01_11025_199.wav,sp c'est le refrain au dessus du carre gris {ns} sp
DATA_ClaraG_tache02_11025_33.wav,c'est la fureur au dessus de l' etoile bleue {ns}
DATA_Ariane_tache01_11025_176.wav,sp c'est la sp paleur sp sur le triangle jaune sp {ns}
DATA_Celine_tache01_11025_72.wav,c'est le bazar au dessus de l' etoile verte sp {ns}
DATA_Lucie_tache02_11025_15.wav,c'est l' ecart a cote du carre rouge {ns} sp
DATA_AnnaL_tache02_11025_1.wav,c'est l' epoux sp sur le carre gris {ns}
DATA_Celine_tache01_11025_99.wav,sp c'est la charrue sp sur le triangle jaune sp {ns} sp
DATA_Camille_tache02_11025_199.wav,c'est le refrain sp au dessus du carre gris {ns} sp
DATA_Livia_tache01_11025_83.wav,c'est decu a cote de l' etoile grise {ns} sp
DATA_Camille_tache01_11025_142.wav,sp c'est la puree en dessous de l' etoile bleue {ns}
DATA_Ariane_tache02_11025_177.wav,c'est la rigueur sp a cote du carre sp gris {ns}
DATA_Thomas_tache01_11025_186.wav,sp c'est le lezard a cote du rond jaune {ns} sp
DATA_AnnaL_tache02_11025_19.wav,c'est le plafond sp au dessus du rond gris {ns}
DATA_Emre_tache02_11025_17.wav,c'est l' amas sp au dessus du triangle jaune {ns}
DATA_Camille_tache02_11025_65.wav,sp c'est le semestre sp au dessus du triangle rouge {ns} sp
DATA_Nael_tache01_11025_109.wav,c'est la detresse en dessous du carre bleu {ns}
DATA_Clara_tache02_11025_176.wav,c'est la paleur sur le triangle jaune {ns}
DATA_Celine_tache02_11025_189.wav,sp c'est le courroux sp a cote de l' etoile bleue {ns}
DATA_Camille_tache02_11025_131.wav,c'est la philo en dessous du triangle rouge {ns} sp
DATA_Camille_tache01_11025_12.wav,sp c'est les etats sp sur l' etoile sp bleue sp {ns} sp
DATA_Lucie_tache01_11025_7.wav,sp c'est la source sp sur le carre jaune sp {ns} sp
DATA_Clara_tache01_11025_105.wav,c'est le frangin sp en dessous du rond sp bleu sp {ns}
DATA_Thomas_tache01_11025_76.wav,sp c'est sp l' aveu en dessous du rond rouge {ns} sp
DATA_Celine_tache02_11025_192.wav,sp c'est sp haineux sp au dessus du carre rouge sp {ns}
DATA_AnnaL_tache02_11025_104.wav,c'est la blessure sp a cote du carre gris {ns} sp
DATA_Celine_tache01_11025_199.wav,sp c'est le refrain au dessus du carre gris sp {ns} sp
DATA_Camille_tache02_11025_174.wav,c'est l' insulte sp sur le triangle bleu {ns} sp
DATA_Melanie_tache02_11025_181.wav,sp c'est le cypres sur le rond jaune sp {ns} sp
DATA_Melanie_tache02_11025_63.wav,c'est la villa au dessus de l' etoile jaune {ns} sp
DATA_Ariane_tache02_11025_157.wav,c'est le dilemme sp en dessous de l' etoile sp verte sp {ns} sp
DATA_ClaraG_tache02_11025_107.wav,c'est relax a cote du triangle rouge {ns}
DATA_Clara_tache01_11025_113.wav,c'est la moto en dessous de l' etoile sp bleue sp {ns}
DATA_Lucie_tache01_11025_199.wav,sp c'est le refrain sp au dessus du carre gris sp {ns} sp
DATA_Ariane_tache01_11025_54.wav,c'est sp la sp paresse sp en dessous du carre sp jaune {ns} sp
DATA_Chloe_tache02_11025_124.wav,c'est le chene a cote du triangle sp jaune {ns} sp
DATA_Thomas_tache02_11025_147.wav,c'est le visa en dessous de l' etoile jaune {ns} sp
DATA_Celine_tache02_11025_187.wav,sp c'est le bonnet sp en dessous du carre gris sp {ns} sp
DATA_Melanie_tache02_11025_193.wav,sp c'est le parrain au dessus du triangle rouge {ns}
DATA_Ariane_tache02_11025_158.wav,c'est sp l' orage sp en dessous du rond sp vert {ns} sp
DATA_AnnaL_tache01_11025_77.wav,c'est supreme sp au dessus du triangle rouge sp {ns} sp
DATA_Nael_tache01_11025_97.wav,c'est rugueux sur l' etoile bleue {ns}
DATA_Chloe_tache02_11025_85.wav,c'est le sceau sur le rond sp gris {ns}
DATA_Livia_tache02_11025_148.wav,c'est le donjon sp a cote du triangle jaune {ns}
DATA_Nael_tache02_11025_72.wav,c'est le bazar au dessus de l' etoile verte {ns}
DATA_AnnaL_tache02_11025_165.wav,c'est l' arene sp a cote de l' etoile verte {ns} sp
DATA_Emre_tache02_11025_33.wav,c'est la fureur au dessus de l' etoile bleue {ns}
DATA_Livia_tache02_11025_173.wav,c'est le placard en dessous du carre rouge {ns}
DATA_Camille_tache02_11025_76.wav,sp c'est l' aveu en dessous du rond rouge {ns} sp
DATA_Thibault_tache01_11025_39.wav,sp c'est douteux sp au dessus sp du rond sp vert {ns}
DATA_Ariane_tache01_11025_119.wav,c'est sp l' haleine sp sur le triangle sp gris {ns} sp
DATA_AnnaL_tache02_11025_175.wav,c'est le ruban sp a cote du rond gris {ns}
DATA_Camille_tache02_11025_100.wav,c'est le soda sp au dessus du triangle sp jaune {ns} sp
DATA_Ariane_tache01_11025_27.wav,sp c'est le sp tombeau sp a cote du carre sp jaune {ns} sp
DATA_Celine_tache02_11025_26.wav,sp c'est le tapage sp sur l' etoile verte sp {ns} sp
DATA_Camille_tache01_11025_70.wav,sp c'est le budget sp en dessous du triangle bleu {ns} sp
DATA_Camille_tache02_11025_60.wav,sp c'est le sommet sp a cote du carre vert {ns} sp
DATA_AnnaL_tache01_11025_84.wav,c'est le bouton a cote de l' etoile bleue {ns} sp
DATA_Livia_tache02_11025_35.wav,c'est le climat sp sur le triangle rouge {ns}
DATA_Thomas_tache02_11025_135.wav,c'est le choeur au dessus du triangle vert {ns}
DATA_ClaraG_tache02_11025_202.wav,sp c'est le bambou sur le triangle vert {ns}
DATA_Thomas_tache01_11025_46.wav,sp c'est la ressource au dessus du carre gris sp {ns} sp
DATA_Ariane_tache02_11025_181.wav,c'est le cypres sp sur le rond sp jaune {ns} sp
DATA_Lucie_tache02_11025_134.wav,sp c'est le blafard au dessus du carre bleu sp {ns}
DATA_AnnaL_tache02_11025_158.wav,c'est l' orage sp en dessous du rond vert {ns}
DATA_Emre_tache01_11025_150.wav,c'est sp issu au dessus du carre jaune {ns}
DATA_Thomas_tache01_11025_44.wav,sp c'est la bougie au dessus du triangle sp gris sp {ns}
DATA_Melanie_tache02_11025_109.wav,sp c'est la detresse sp en dessous du carre bleu {ns}
DATA_Nael_tache02_11025_46.wav,c'est la ressource au dessus du carre gris {ns}
DATA_Melanie_tache02_11025_171.wav,sp c'est morveux sp en dessous de l' etoile grise {ns}
DATA_Nael_tache01_11025_119.wav,c'est l' haleine sur le triangle gris sp {ns} sp
DATA_Thibault_tache01_11025_143.wav,c'est le morceau sp sur le carre gris sp {ns} sp
DATA_AnnaL_tache01_11025_2.wav,c'est le karma sur l'etoile grise
DATA_Camille_tache02_11025_45.wav,c'est le meurtre sp en dessous de l' etoile bleue sp {ns} sp
DATA_Celine_tache01_11025_6.wav,sp c'est le genou sur le rond gris sp {ns} sp
DATA_Emre_tache02_11025_4.wav,c'est le ruisseau a cote du triangle rouge {ns} sp
DATA_AnnaL_tache02_11025_112.wav,sp c'est le pave sp au dessus du rond gris {ns}
DATA_Chloe_tache02_11025_125.wav,c'est l' arnaque sp en dessous de l' etoile rouge {ns}
DATA_Ariane_tache02_11025_11.wav,c'est le divan sp en dessous du rond sp rouge {ns}
DATA_Thibault_tache01_11025_159.wav,c'est le fardeau sp sur l' etoile bleue sp {ns} sp
DATA_Emre_tache01_11025_178.wav,sp c'est l' antenne sp sur l' etoile grise {ns}
DATA_AnnaL_tache01_11025_174.wav,c'est l' insulte sp sur le triangle bleu sp {ns}
DATA_Emre_tache02_11025_170.wav,sp c'est certaine sp au dessus de l' etoile rouge {ns} sp
DATA_Ariane_tache02_11025_72.wav,sp c'est le bazar sp au dessus de l' etoile sp verte {ns} sp
DATA_Clara_tache01_11025_43.wav,c'est le poussin sp en dessous du triangle jaune {ns}
DATA_Ariane_tache01_11025_145.wav,sp c'est sp l' etage sp au dessus sp du rond sp vert {ns} sp
DATA_Thibault_tache01_11025_29.wav,c'est le savon sp en dessous sp de l' etoile jaune sp {ns} sp
DATA_Livia_tache01_11025_112.wav,c'est le pave sp au dessus du rond gris {ns}
DATA_Ariane_tache01_11025_41.wav,c'est sp jeudi sp en dessous sp du triangle sp rouge {ns}
DATA_Chloe_tache02_11025_150.wav,c'est sp issu sp au dessus du carre jaune {ns}
DATA_Thibault_tache02_11025_65.wav,c'est le semestre au dessus du triangle rouge {ns} sp
DATA_Melanie_tache02_11025_6.wav,c'est le genou sur le cercle gris {ns} sp
DATA_AnnaL_tache01_11025_93.wav,c'est l' intrus au dessus du rond jaune {ns}
DATA_Livia_tache01_11025_171.wav,sp c'est morveux en dessous de l' etoile grise {ns} sp
DATA_Emre_tache01_11025_9.wav,sp c'est le corbeau au dessus de l' etoile rouge {ns} sp
DATA_AnnaL_tache02_11025_92.wav,c'est le talus sp a cote du rond jaune {ns}
DATA_Lucie_tache02_11025_173.wav,c'est le placard en dessous du carre rouge {ns}
DATA_Clara_tache02_11025_195.wav,c'est le menteur a cote du rond sp vert {ns}
DATA_Thomas_tache01_11025_37.wav,c'est la pizza sp au dessus sp du rond jaune {ns} sp
DATA_Nael_tache02_11025_186.wav,c'est le lezard a cote du rond jaune {ns}
DATA_Thibault_tache02_11025_149.wav,c'est la flanelle sp au dessus du rond bleu {ns} sp
DATA_Thibault_tache01_11025_96.wav,c'est le precis sp sur sp le carre bleu {ns} sp
DATA_Ariane_tache02_11025_130.wav,sp c'est le marteau sp au dessus de l' etoile sp jaune {ns} sp
DATA_Nael_tache01_11025_170.wav,c'est certaine au dessus de l' etoile rouge sp {ns}
DATA_Ariane_tache02_11025_183.wav,c'est le radeau sp en dessous sp du rond sp jaune {ns} sp
DATA_Thibault_tache02_11025_189.wav,sp c'est le courroux a cote de l' etoile bleue sp {ns}
DATA_Thibault_tache02_11025_144.wav,c'est la cadence sp a cote du rond rouge sp {ns} sp
DATA_Lucie_tache02_11025_77.wav,c'est supreme sp au dessus du triangle rouge {ns}
DATA_Thibault_tache01_11025_42.wav,c'est l' harem sp en dessous sp de l' etoile rouge sp {ns} sp
DATA_Clara_tache01_11025_56.wav,c'est la monnaie sp a cote du rond sp vert {ns}
DATA_Thibault_tache01_11025_128.wav,c'est le vernis sp en dessous de l' etoile grise sp {ns} sp
DATA_Celine_tache01_11025_9.wav,sp c'est le corbeau au dessus de l' etoile rouge {ns}
DATA_Camille_tache02_11025_87.wav,sp c'est le recu sp sur sp le triangle rouge {ns} sp
DATA_Melanie_tache02_11025_166.wav,sp c'est le format sp en dessous du rond gris {ns}
DATA_Clara_tache02_11025_136.wav,c'est la poupee sp sur le carre vert sp {ns}
DATA_Chloe_tache01_11025_188.wav,c'est sp hagard sp sur le carre jaune {ns} sp
DATA_AnnaL_tache02_11025_198.wav,c'est amer au dessus de l' etoile jaune {ns} sp
DATA_Clara_tache01_11025_130.wav,c'est le marteau sp au dessus de l' etoile jaune {ns} sp
DATA_Lucie_tache01_11025_42.wav,c'est l' harem sp en dessous de l' etoile sp rouge sp {ns} sp
DATA_Livia_tache02_11025_30.wav,sp c'est le cachet sp au dessus sp du carre sp jaune {ns}
DATA_Celine_tache01_11025_92.wav,sp c'est le talus a cote du rond jaune sp {ns}
DATA_Lucie_tache02_11025_178.wav,c'est l' antenne sur l' etoile grise sp {ns}
DATA_Clara_tache01_11025_33.wav,sp c'est la fureur sp au dessus de l' etoile sp bleue sp {ns}
DATA_Thomas_tache02_11025_166.wav,sp c'est le format en dessous du rond sp gris {ns} sp
DATA_Livia_tache01_11025_147.wav,c'est le visa sp en dessous de l' etoile jaune {ns} sp
DATA_AnnaL_tache01_11025_200.wav,c'est le campus au dessus du triangle jaune {ns}
DATA_Camille_tache01_11025_40.wav,c'est sp l' sp ouvrage en dessous du carre gris {ns} sp
DATA_Lucie_tache01_11025_181.wav,sp c'est le cypres sp sur sp le rond jaune sp {ns} sp
DATA_Emre_tache01_11025_164.wav,sp c'est l' achat en dessous du rond bleu sp {ns} sp
DATA_Camille_tache02_11025_18.wav,sp c'est le citron sp au dessus sp du triangle bleu sp {ns} sp
DATA_Melanie_tache01_11025_204.wav,sp c'est la morphine sur le carre rouge {ns} sp
DATA_Thomas_tache02_11025_99.wav,c'est la charrue sp sur le triangle jaune {ns} sp
DATA_ClaraG_tache02_11025_151.wav,c'est le batard au dessus du carre vert {ns}
DATA_Ariane_tache02_11025_161.wav,c'est sp le sp coton sp a cote du carre sp rouge {ns} sp
DATA_ClaraG_tache02_11025_114.wav,c'est frileux a cote de l' etoile rouge {ns}
DATA_Thomas_tache01_11025_84.wav,c'est le bouton a cote de l' etoile bleue sp {ns}
DATA_Thibault_tache02_11025_162.wav,c'est le soupcon sp au dessus du rond rouge sp {ns} sp
DATA_Chloe_tache02_11025_131.wav,c'est la philo en dessous du triangle rouge {ns} sp
DATA_Clara_tache01_11025_159.wav,c'est le fardeau sp sur l' etoile bleue {ns} sp
DATA_Livia_tache01_11025_32.wav,sp c'est le bouquin sp sur le triangle gris {ns}
DATA_Nael_tache01_11025_116.wav,c'est l' allure sur l' etoile grise {ns}
DATA_Celine_tache02_11025_94.wav,sp c'est le marquis a cote de l' etoile verte {ns} sp
DATA_Nael_tache02_11025_42.wav,sp c'est l' harem en dessous de l' etoile rouge sp {ns}
DATA_Chloe_tache02_11025_39.wav,c'est douteux au dessus du rond vert {ns} sp
DATA_Nael_tache01_11025_70.wav,c'est le budget sp en dessous du triangle bleu {ns} sp
DATA_Clara_tache01_11025_189.wav,c'est le courroux sp a cote sp de l' etoile bleue {ns}
DATA_Emre_tache01_11025_130.wav,sp c'est le marteau au dessus de l' etoile jaune {ns}
DATA_Chloe_tache02_11025_110.wav,sp c'est avare a cote du carre jaune sp {ns} sp
DATA_ClaraG_tache01_11025_148.wav,c'est le donjon a cote du triangle jaune {ns}
DATA_AnnaL_tache02_11025_23.wav,c'est le trophee sp sur le triangle vert sp {ns} sp
DATA_Ariane_tache01_11025_9.wav,sp c'est sp le sp corbeau sp au dessus de l' etoile rouge sp {ns} sp
DATA_Nael_tache02_11025_173.wav,c'est le placard en dessous du sp carre rouge sp {ns}
DATA_Chloe_tache01_11025_149.wav,c'est la flanelle au dessus du rond bleu sp {ns} sp
DATA_Lucie_tache02_11025_128.wav,c'est le vernis en dessous de l' etoile grise {ns} sp
DATA_ClaraG_tache02_11025_205.wav,c'est le gouter en dessous du carre bleu {ns}
DATA_Livia_tache02_11025_18.wav,c'est le citron au dessus du triangle bleu {ns}
DATA_Thibault_tache01_11025_137.wav,c'est le recours sp a cote du carre vert {ns} sp
DATA_Lucie_tache01_11025_30.wav,c'est le cachet sp au dessus du carre jaune {ns}
DATA_Clara_tache02_11025_95.wav,c'est la sirene sp a cote du triangle bleu sp {ns}
DATA_ClaraG_tache01_11025_179.wav,c'est la pancarte au dessus du triangle gris {ns} sp
DATA_Celine_tache01_11025_151.wav,sp c'est le batard au dessus du sp carre vert {ns}
DATA_ClaraG_tache01_11025_16.wav,c'est le cartable en dessous du rond jaune sp {ns} sp
DATA_Lucie_tache01_11025_121.wav,sp c'est le delta sp en dessous du triangle gris {ns}
DATA_Thomas_tache02_11025_12.wav,sp c'est les etats sur l' etoile bleue sp {ns}
DATA_Thomas_tache02_11025_104.wav,c'est la blessure a cote du carre gris {ns} sp
DATA_Thomas_tache02_11025_100.wav,c'est le soda au dessus du triangle jaune {ns} sp
DATA_ClaraG_tache02_11025_97.wav,c'est rugueux sur l' etoile bleue {ns} sp
DATA_AnnaL_tache02_11025_43.wav,c'est le poussin sp en dessous du triangle jaune {ns}
DATA_ClaraG_tache01_11025_58.wav,c'est le savant en dessous de l' etoile verte {ns} sp
DATA_Nael_tache01_11025_106.wav,sp c'est la servante a cote du triangle vert {ns}
DATA_Thibault_tache02_11025_48.wav,c'est le sud a cote du rond bleu sp {ns} sp
DATA_Ariane_tache02_11025_71.wav,c'est le metteur sp sur le carre sp jaune {ns} sp
DATA_Celine_tache02_11025_87.wav,c'est le recu sur le triangle rouge sp {ns} sp
DATA_Emre_tache01_11025_173.wav,c'est le placard en dessous du carre rouge {ns}
DATA_Thomas_tache01_11025_83.wav,c'est decu a cote de l' etoile grise {ns} sp
DATA_Livia_tache01_11025_131.wav,sp c'est la philo en dessous du triangle rouge {ns}
DATA_AnnaL_tache02_11025_203.wav,c'est la revue sp en dessous du triangle sp gris {ns}
DATA_Camille_tache01_11025_145.wav,sp c'est l' etage sp au dessus du rond vert {ns}
DATA_Thibault_tache02_11025_62.wav,c'est le carreau au dessus du carre vert {ns} sp
DATA_AnnaL_tache01_11025_67.wav,sp c'est absurde sp au dessus du rond rouge sp {ns}
DATA_ClaraG_tache01_11025_185.wav,c'est l' egard en dessous du triangle rouge sp {ns} sp
DATA_ClaraG_tache01_11025_160.wav,sp c'est ainsi sp sur le carre bleu {ns}
DATA_Clara_tache02_11025_86.wav,c'est la brebis sp a cote du rond sp bleu {ns}
DATA_Chloe_tache02_11025_203.wav,sp c'est la revue sp en dessous du triangle gris {ns} sp
DATA_Thomas_tache01_11025_140.wav,c'est le pasteur sp en dessous du triangle bleu {ns}
DATA_Celine_tache02_11025_19.wav,sp c'est le plafond au dessus du rond gris sp {ns}
DATA_Melanie_tache02_11025_89.wav,sp c'est le cadet sur le carre rouge sp {ns} sp
DATA_Thibault_tache02_11025_183.wav,c'est le radeau sp en dessous du rond jaune {ns} sp
DATA_AnnaL_tache01_11025_165.wav,c'est l' arene a cote de l' etoile verte {ns}
DATA_Ariane_tache01_11025_108.wav,c'est sp l' enjeu sp sur le triangle vert {ns} sp
DATA_Clara_tache02_11025_191.wav,c'est les patins sp en dessous sp du carre sp vert {ns}
DATA_Melanie_tache02_11025_100.wav,sp c'est le soda au dessus du triangle jaune sp {ns} sp
DATA_Lucie_tache02_11025_120.wav,c'est le whiskey sp en dessous du rond gris {ns} sp
DATA_AnnaL_tache01_11025_182.wav,c'est marron en dessous du triangle vert {ns} sp
DATA_Chloe_tache02_11025_128.wav,sp c'est le vernis sp en dessous de l' etoile grise {ns} sp
DATA_Thibault_tache02_11025_22.wav,c'est le couvent sp a cote de l' etoile grise sp {ns}
DATA_Celine_tache02_11025_84.wav,sp c'est le bouton a cote de l' etoile bleue sp {ns} sp
DATA_Lucie_tache02_11025_118.wav,c'est l' etape au dessus du carre gris {ns}
DATA_Thibault_tache01_11025_174.wav,c'est l' insulte sp sur le triangle bleu sp {ns} sp
DATA_Emre_tache01_11025_148.wav,c'est le donjon a cote du triangle jaune {ns} sp
DATA_Thibault_tache02_11025_36.wav,c'est moelleux sp a cote de l' etoile bleue sp {ns} sp
DATA_Thomas_tache02_11025_58.wav,sp c'est le savant en dessous de l' etoile verte {ns} sp
DATA_Livia_tache01_11025_95.wav,c'est la sirene a cote du triangle bleu {ns} sp
DATA_Lucie_tache02_11025_22.wav,c'est le couvent a cote de l' etoile sp grise sp {ns}
DATA_Ariane_tache01_11025_175.wav,sp c'est le ruban sp a cote du rond sp gris {ns}
DATA_Celine_tache01_11025_45.wav,sp c'est le meurtre sp en dessous de l' etoile bleue sp {ns} sp
DATA_Lucie_tache02_11025_75.wav,c'est le cingle sp a cote du carre bleu {ns} sp
DATA_Clara_tache02_11025_78.wav,c'est l' entente a cote du rond rouge {ns}
DATA_Clara_tache01_11025_21.wav,c'est sp la clarte sp en dessous sp du rond sp vert {ns}
DATA_Camille_tache02_11025_4.wav,c'est le ruisseau sp a cote du triangle rouge {ns}
DATA_ClaraG_tache02_11025_156.wav,c'est le sultan a cote du rond bleu {ns}
DATA_Celine_tache01_11025_135.wav,sp c'est le choeur sp au dessus du triangle vert {ns} sp
DATA_Lucie_tache02_11025_165.wav,c'est l' arene a cote de l' etoile verte {ns} sp
DATA_Thomas_tache01_11025_199.wav,c'est le refrain au dessus du carre gris {ns} sp
DATA_Clara_tache02_11025_62.wav,c'est le carreau sp au dessus sp du carre sp vert {ns}
DATA_ClaraG_tache02_11025_54.wav,c'est la paresse en dessous du carre jaune {ns} sp
DATA_Nael_tache02_11025_121.wav,c'est le delta sp en dessous sp du triangle gris {ns} sp
DATA_Ariane_tache02_11025_101.wav,sp c'est sp la grimace sp en dessous du carre sp gris sp {ns} sp
DATA_Nael_tache02_11025_92.wav,c'est le talus a cote du rond jaune {ns} sp
DATA_ClaraG_tache02_11025_30.wav,c'est le cachet sp au dessus du carre jaune {ns} sp
DATA_AnnaL_tache01_11025_26.wav,c'est le tapage sur l' etoile verte sp {ns} sp
DATA_Nael_tache01_11025_138.wav,c'est le degre a cote sp de l' etoile sp jaune {ns} sp
DATA_ClaraG_tache02_11025_44.wav,c'est la bougie au dessus du triangle gris {ns}
DATA_Lucie_tache01_11025_166.wav,sp c'est le format sp en dessous sp du rond gris {ns}
DATA_Chloe_tache02_11025_92.wav,sp c'est le talus sp a cote du rond jaune {ns} sp
DATA_Clara_tache02_11025_37.wav,c'est la pizza sp au dessus du rond sp jaune {ns} sp
DATA_Celine_tache01_11025_8.wav,sp c'est le vaccin sur le rond jaune sp {ns}
DATA_Clara_tache02_11025_12.wav,c'est sp les etats sp sur l' etoile sp bleue sp {ns} sp
DATA_Lucie_tache01_11025_149.wav,sp c'est la flanelle sp au dessus du rond bleu sp {ns}
DATA_Melanie_tache01_11025_77.wav,sp c'est supreme au dessus du triangle rouge sp {ns}
DATA_Camille_tache01_11025_143.wav,sp c'est le morceau sp sur le carre gris {ns} sp
DATA_Lucie_tache01_11025_154.wav,c'est la guitare a cote du carre bleu sp {ns} sp
DATA_Chloe_tache02_11025_6.wav,c'est le genou sp sur sp le sp rond gris {ns}
DATA_Camille_tache02_11025_114.wav,c'est frileux sp a cote de l' etoile rouge {ns} sp
DATA_Melanie_tache02_11025_90.wav,c'est le coma sp en dessous du triangle vert {ns}
DATA_Lucie_tache01_11025_58.wav,sp c'est le savant en dessous de l' etoile verte sp {ns} sp
DATA_AnnaL_tache02_11025_50.wav,c'est le talon sp en dessous du triangle vert {ns} sp
DATA_Camille_tache02_11025_38.wav,c'est bavarde sp a cote de l' etoile jaune {ns} sp
DATA_Melanie_tache02_11025_144.wav,c'est la cadence a cote du rond rouge sp {ns}
DATA_Lucie_tache02_11025_78.wav,c'est l' entente sp a cote du rond rouge {ns}
DATA_Ariane_tache01_11025_130.wav,sp c'est le marteau sp au dessus de l' etoile sp jaune {ns} sp
DATA_Thomas_tache02_11025_5.wav,c'est le sp hublot a cote de l' etoile verte {ns}
DATA_Livia_tache01_11025_185.wav,c'est l' egard en dessous du triangle rouge {ns} sp
DATA_Thomas_tache01_11025_90.wav,sp c'est le coma en dessous du triangle vert {ns} sp
DATA_Lucie_tache02_11025_158.wav,c'est l' orage en dessous du rond vert {ns} sp
DATA_Thibault_tache02_11025_83.wav,c'est decu sp a cote de l' etoile grise {ns} sp
DATA_Thomas_tache02_11025_24.wav,sp c'est le bouchon sur le triangle jaune {ns}
DATA_Chloe_tache02_11025_14.wav,sp c'est le secteur en dessous du rond gris {ns}
DATA_Ariane_tache01_11025_67.wav,sp c'est sp absurde sp au dessus sp du rond sp rouge {ns} sp
DATA_Nael_tache01_11025_188.wav,sp c'est hagard sur le carre jaune {ns} sp
DATA_Thomas_tache01_11025_68.wav,c'est le business a cote du sp carre bleu sp {ns}
DATA_ClaraG_tache02_11025_175.wav,c'est le ruban a cote du rond gris {ns}
DATA_Clara_tache01_11025_35.wav,c'est le climat sur le triangle rouge sp {ns}
DATA_Chloe_tache01_11025_145.wav,c'est l' etage sp au dessus du rond vert {ns} sp
DATA_Camille_tache01_11025_137.wav,sp c'est le recours sp a cote du carre vert {ns} sp
DATA_Thomas_tache01_11025_185.wav,c'est sp l' egard en dessous du triangle sp rouge {ns}
DATA_Nael_tache01_11025_54.wav,c'est la paresse en dessous du carre sp jaune {ns} sp
DATA_AnnaL_tache02_11025_29.wav,c'est le savon sp en dessous de l' etoile jaune sp {ns}
DATA_Nael_tache01_11025_86.wav,c'est la brebis a cote du rond bleu {ns}
DATA_Livia_tache02_11025_45.wav,c'est le meurtre en dessous de l' etoile bleue {ns}
DATA_Chloe_tache01_11025_193.wav,sp c'est le parrain au dessus du triangle rouge {ns} sp
DATA_Thomas_tache02_11025_60.wav,sp c'est le sommet sp a cote du carre vert {ns} sp
DATA_Lucie_tache02_11025_183.wav,c'est le radeau en dessous du rond jaune {ns} sp
DATA_Celine_tache01_11025_124.wav,sp c'est le chene a cote du triangle jaune sp {ns}
DATA_Melanie_tache02_11025_38.wav,sp c'est bavarde a cote de l' etoile jaune sp {ns}
DATA_Celine_tache02_11025_113.wav,c'est la moto sp en dessous de l' etoile bleue sp {ns} sp
DATA_Clara_tache01_11025_156.wav,c'est le sultan sp a cote du rond sp bleu {ns} sp
DATA_Camille_tache02_11025_181.wav,c'est le cypres sp sur le rond jaune {ns} sp
DATA_Celine_tache02_11025_195.wav,c'est le menteur a cote du rond vert {ns} sp
DATA_Clara_tache01_11025_147.wav,c'est le visa sp en sp dessous de l' etoile sp jaune {ns}
DATA_Thibault_tache02_11025_55.wav,c'est le tambour sp en dessous du carre rouge {ns} sp
DATA_Lucie_tache01_11025_2.wav,sp c'est le karma sp sur l' etoile sp grise {ns} sp
DATA_Thibault_tache02_11025_182.wav,c'est marron sp en dessous du triangle vert {ns} sp
DATA_Thomas_tache01_11025_17.wav,c'est l' amas sp au dessus du triangle jaune {ns} sp
DATA_Livia_tache01_11025_202.wav,sp c'est le bambou sp sur le triangle vert {ns} sp
DATA_Thomas_tache01_11025_47.wav,sp c'est cinquante sp sur le rond vert {ns}
DATA_Clara_tache01_11025_18.wav,c'est le citron sp au dessus sp du triangle bleu sp {ns}
DATA_Thomas_tache01_11025_73.wav,c'est le montant au dessus de l' etoile grise {ns} sp
DATA_ClaraG_tache01_11025_100.wav,c'est le soda au dessus du triangle jaune sp {ns} sp
DATA_Chloe_tache01_11025_37.wav,c'est la pizza au dessus du rond jaune sp {ns}
DATA_Emre_tache01_11025_28.wav,c'est le machin sur le carre bleu sp {ns}
DATA_Melanie_tache01_11025_108.wav,c'est l' enjeu sur le triangle vert {ns}
DATA_Celine_tache02_11025_56.wav,sp c'est la monnaie a cote du rond vert {ns} sp
DATA_Chloe_tache01_11025_174.wav,c'est l' insulte sur le triangle bleu sp {ns} sp
DATA_Thomas_tache02_11025_83.wav,c'est decu a cote de l' etoile grise sp {ns} sp
DATA_Lucie_tache01_11025_113.wav,c'est la moto sp en dessous de l' etoile bleue sp {ns}
DATA_Ariane_tache01_11025_171.wav,sp c'est sp morveux sp en dessous de l' etoile sp grise {ns} sp
DATA_Nael_tache02_11025_199.wav,c'est le refrain au dessus du carre gris {ns}
DATA_Camille_tache01_11025_82.wav,sp c'est la belle-mere sp a cote du rond vert {ns} sp
DATA_Thomas_tache01_11025_121.wav,c'est le delta en dessous du triangle gris {ns} sp
DATA_Emre_tache02_11025_196.wav,c'est le fromage a cote du carre jaune {ns}
DATA_Celine_tache01_11025_83.wav,sp c'est decu a cote de l' etoile grise {ns} sp
DATA_AnnaL_tache01_11025_121.wav,c'est le delta sp en dessous du triangle gris sp {ns}
DATA_Camille_tache02_11025_179.wav,c'est la pancarte au dessus du triangle sp gris {ns} sp
DATA_Thibault_tache02_11025_4.wav,c'est le ruisseau a cote du triangle rouge {ns} sp
DATA_Celine_tache02_11025_204.wav,sp c'est la morphine sur le carre rouge {ns}
DATA_Nael_tache02_11025_86.wav,c'est la brebis a cote du rond bleu {ns}
DATA_Thibault_tache02_11025_10.wav,c'est l' argile a cote du triangle bleu {ns} sp
DATA_Ariane_tache01_11025_12.wav,sp c'est sp les etats sp sur l' etoile sp bleue {ns} sp
DATA_Nael_tache01_11025_166.wav,c'est le format en dessous du rond gris {ns}
DATA_Clara_tache01_11025_198.wav,c'est amer sp au dessus de l' etoile sp jaune {ns} sp
DATA_Lucie_tache01_11025_76.wav,sp c'est l' aveu sp en dessous du rond rouge sp {ns} sp
DATA_Nael_tache01_11025_60.wav,c'est le sommet sp a cote du carre vert {ns}
DATA_Clara_tache02_11025_68.wav,c'est le business sp a cote du carre bleu sp {ns}
DATA_Emre_tache01_11025_38.wav,c'est bavarde sp a cote de l' etoile jaune {ns} sp
DATA_Melanie_tache01_11025_58.wav,sp c'est le savant en dessous de l' etoile verte {ns} sp
DATA_Thibault_tache01_11025_113.wav,c'est la moto sp en dessous de l' etoile bleue sp {ns} sp
DATA_Lucie_tache01_11025_187.wav,sp c'est le bonnet en dessous du carre gris {ns}
DATA_Camille_tache02_11025_169.wav,c'est le voisin sp sur le rond bleu {ns} sp
DATA_Livia_tache02_11025_25.wav,c'est l' atout sur l' etoile jaune {ns}
DATA_Lucie_tache01_11025_79.wav,sp c'est le theme sp en dessous du carre rouge {ns} sp
DATA_AnnaL_tache01_11025_9.wav,c'est le corbeau au dessus de l' etoile rouge {ns}
DATA_Ariane_tache02_11025_1.wav,c'est sp l' epoux sp sur le sp carre gris {ns}
DATA_Ariane_tache02_11025_124.wav,c'est sp le chene sp a cote du triangle sp jaune {ns}
DATA_Thibault_tache02_11025_24.wav,c'est le bouchon sp sur le triangle jaune sp {ns} sp
DATA_ClaraG_tache01_11025_82.wav,c'est la belle-mere sp a cote du rond vert {ns} sp
DATA_Nael_tache02_11025_39.wav,c'est douteux au dessus du rond sp vert {ns} sp
DATA_AnnaL_tache02_11025_27.wav,c'est le tombeau sp a cote du carre jaune {ns} sp
DATA_Livia_tache01_11025_50.wav,c'est le talon sp en dessous du sp triangle vert {ns} sp
DATA_Clara_tache02_11025_81.wav,c'est le discours a cote du rond sp gris sp {ns} sp
DATA_Thibault_tache01_11025_20.wav,c'est sp hideux sp a cote du rond jaune sp {ns} sp
DATA_Ariane_tache01_11025_165.wav,c'est sp l' arene sp a cote de l' etoile sp verte sp {ns} sp
DATA_Lucie_tache01_11025_114.wav,c'est frileux sp a cote de l' etoile rouge sp {ns}
DATA_Clara_tache01_11025_28.wav,c'est le machin sp sur sp le carre bleu sp {ns}
DATA_ClaraG_tache01_11025_107.wav,c'est relax sp a cote du triangle rouge {ns} sp
DATA_Thibault_tache01_11025_79.wav,c'est le theme sp en dessous sp du carre rouge {ns} sp
DATA_AnnaL_tache01_11025_128.wav,c'est le vernis en dessous de l' etoile grise {ns}
DATA_Nael_tache02_11025_71.wav,c'est le metteur sur sp le carre jaune {ns}
DATA_Nael_tache01_11025_103.wav,c'est l' osseux sur le carre gris sp {ns}
DATA_Melanie_tache02_11025_1.wav,sp c'est l' epoux sur le sp carre gris {ns} sp
DATA_Celine_tache02_11025_107.wav,c'est relax sp a cote du triangle rouge sp {ns}
DATA_ClaraG_tache01_11025_50.wav,sp c'est le talon sp en dessous du triangle vert {ns} sp
DATA_Thomas_tache02_11025_154.wav,c'est la guitare a cote du carre bleu {ns} sp
DATA_Chloe_tache01_11025_158.wav,c'est l' orage en dessous du rond vert {ns} sp
DATA_Lucie_tache01_11025_152.wav,sp c'est le cigare au dessus sp du rond jaune sp {ns}
DATA_Lucie_tache02_11025_147.wav,sp c'est le visa sp en sp dessous sp de l' etoile jaune {ns} sp
DATA_Celine_tache01_11025_69.wav,c'est le beguin a cote du rond rouge sp {ns} sp
DATA_Emre_tache02_11025_35.wav,sp c'est le climat sur le triangle rouge {ns}
DATA_AnnaL_tache01_11025_68.wav,c'est le business sp a cote du sp carre bleu {ns}
DATA_Ariane_tache01_11025_31.wav,c'est sp l' etude sp sur l' etoile sp rouge {ns} sp
DATA_Emre_tache01_11025_109.wav,sp c'est la detresse en dessous sp du carre bleu sp {ns} sp
DATA_Melanie_tache01_11025_91.wav,c'est le marais sp au dessus du carre jaune {ns}
DATA_Clara_tache01_11025_122.wav,c'est la migraine sp en dessous du rond sp vert {ns}
DATA_Ariane_tache02_11025_152.wav,c'est le cigare sp au dessus du rond sp jaune {ns} sp
DATA_Livia_tache01_11025_150.wav,c'est sp issu au dessus du carre jaune {ns}
DATA_ClaraG_tache02_11025_198.wav,c'est amer au dessus de l' etoile jaune {ns}
DATA_Chloe_tache01_11025_72.wav,c'est le bazar au dessus de l' etoile verte sp {ns} sp
DATA_ClaraG_tache02_11025_177.wav,c'est la rigueur a cote du carre gris {ns}
DATA_ClaraG_tache01_11025_144.wav,c'est la cadence a cote du rond rouge sp {ns} sp
DATA_Clara_tache02_11025_92.wav,c'est le talus sp a cote du rond sp jaune sp {ns}
DATA_Thibault_tache01_11025_59.wav,c'est le beurre sp en dessous sp du carre bleu sp {ns} sp
DATA_ClaraG_tache01_11025_145.wav,c'est l' etage au dessus du rond sp vert sp {ns}
DATA_Nael_tache02_11025_47.wav,c'est cinquante sur le rond vert {ns}
DATA_Thomas_tache01_11025_178.wav,sp c'est l' antenne sp sur l' etoile grise sp {ns}
DATA_Celine_tache02_11025_200.wav,c'est le campus au dessus du triangle jaune sp {ns}
DATA_ClaraG_tache01_11025_38.wav,c'est bavarde a cote de l' etoile jaune {ns} sp
DATA_AnnaL_tache02_11025_5.wav,c'est le hublot sp a cote de l' etoile verte {ns}
DATA_ClaraG_tache02_11025_129.wav,c'est le satin sur l' etoile rouge {ns}
DATA_Clara_tache01_11025_117.wav,c'est le radis sp au dessus du rond sp rouge {ns}
DATA_Emre_tache02_11025_132.wav,sp c'est sp epars sp sur le rond vert {ns}
DATA_Thibault_tache01_11025_62.wav,sp c'est le carreau sp au dessus du carre vert {ns} sp
DATA_Thibault_tache02_11025_79.wav,c'est le theme sp en dessous du carre rouge {ns} sp
DATA_Camille_tache02_11025_122.wav,sp c'est la migraine sp en dessous du rond vert {ns} sp
DATA_Emre_tache02_11025_83.wav,sp c'est decu sp a cote de l' etoile grise {ns}
DATA_Livia_tache01_11025_133.wav,c'est le surplus sur le triangle bleu {ns} sp
DATA_Chloe_tache01_11025_2.wav,c'est sp le karma sp sur l' etoile sp grise {ns} sp
DATA_Clara_tache02_11025_203.wav,c'est la revue sp en dessous du triangle gris sp {ns}
DATA_Chloe_tache01_11025_33.wav,c'est sp la fureur au dessus de l' etoile bleue {ns} sp
DATA_Camille_tache02_11025_69.wav,c'est le beguin a cote sp du rond rouge {ns} sp
DATA_Chloe_tache02_11025_129.wav,c'est le satin sp sur l' etoile rouge {ns}
DATA_Chloe_tache02_11025_69.wav,sp c'est le beguin a cote du rond rouge sp {ns} sp
DATA_Chloe_tache02_11025_59.wav,sp c'est le beurre en dessous du carre bleu {ns} sp
DATA_Lucie_tache01_11025_141.wav,c'est laiteuse sp au dessus du rond gris {ns} sp
DATA_Celine_tache02_11025_141.wav,sp c'est laiteuse sp au dessus du rond gris {ns}
DATA_AnnaL_tache02_11025_25.wav,c'est l' atout sp sur l' etoile jaune {ns} sp
DATA_Ariane_tache02_11025_129.wav,c'est le satin sp sur l' etoile sp rouge sp {ns}
DATA_Livia_tache02_11025_201.wav,c'est le gala sp en dessous du rond rouge {ns} sp
DATA_Camille_tache02_11025_188.wav,sp c'est hagard sp sur le carre jaune {ns} sp
DATA_Nael_tache01_11025_9.wav,c'est le corbeau au dessus de l' etoile rouge {ns} sp
DATA_Melanie_tache01_11025_3.wav,sp c'est le blaspheme sur le triangle bleu sp {ns}
DATA_Clara_tache02_11025_66.wav,c'est le pate sp en dessous du triangle bleu sp {ns}
DATA_Lucie_tache02_11025_176.wav,c'est la paleur sur le triangle jaune {ns} sp
DATA_Thibault_tache01_11025_49.wav,c'est la fierte sp au dessus sp de l' etoile verte {ns}
DATA_Celine_tache01_11025_125.wav,sp c'est l' arnaque en dessous de l' etoile rouge sp {ns} sp
DATA_Clara_tache02_11025_24.wav,c'est le bouchon sp sur le triangle jaune {ns} sp
DATA_Emre_tache02_11025_150.wav,sp c'est issu sp au dessus du carre jaune {ns}
DATA_Clara_tache01_11025_102.wav,c'est l' etang sp au dessus de l' etoile sp bleue sp {ns} sp
DATA_Celine_tache02_11025_175.wav,sp c'est le ruban sp a cote du rond gris sp {ns} sp
DATA_Celine_tache01_11025_48.wav,sp c'est le sud a cote du rond bleu sp {ns}
DATA_Thibault_tache01_11025_65.wav,c'est le semestre sp au dessus du triangle rouge {ns}
DATA_Camille_tache01_11025_98.wav,c'est le colis au dessus du rond bleu {ns} sp
DATA_Clara_tache01_11025_70.wav,c'est le budget sp en dessous sp du triangle bleu sp {ns}
DATA_Lucie_tache02_11025_62.wav,c'est le carreau sp au dessus du carre vert {ns}
DATA_Clara_tache01_11025_99.wav,c'est la charrue sp sur le triangle jaune {ns}
DATA_Camille_tache01_11025_182.wav,sp c'est marron sp en dessous du triangle vert {ns} sp
DATA_Lucie_tache01_11025_110.wav,sp c'est avare a cote du carre jaune {ns}
DATA_Chloe_tache01_11025_130.wav,c'est le marteau au dessus de l' etoile jaune sp {ns} sp
DATA_Chloe_tache01_11025_195.wav,c'est le menteur a cote du rond vert {ns} sp
DATA_Melanie_tache01_11025_171.wav,c'est morveux sp en dessous de l' etoile sp grise {ns} sp
DATA_Chloe_tache01_11025_186.wav,c'est le lezard a cote du rond jaune sp {ns}
DATA_Celine_tache02_11025_9.wav,sp c'est le corbeau au dessus de l' etoile rouge {ns} sp
DATA_Livia_tache02_11025_105.wav,c'est le frangin en dessous du rond bleu {ns}
DATA_Ariane_tache01_11025_117.wav,c'est le radis sp au dessus du rond sp rouge {ns} sp
DATA_Chloe_tache01_11025_66.wav,c'est le pate en dessous du triangle bleu sp {ns} sp
DATA_Emre_tache02_11025_60.wav,c'est le sommet a cote du carre vert sp {ns} sp
DATA_ClaraG_tache01_11025_41.wav,sp c'est jeudi sp en dessous du triangle rouge {ns} sp
DATA_Lucie_tache01_11025_96.wav,sp c'est le precis sp sur sp le carre bleu sp {ns} sp
DATA_Emre_tache02_11025_23.wav,sp c'est le trophee sur le triangle sp vert {ns}
DATA_Livia_tache02_11025_133.wav,c'est le surplus sur le triangle bleu {ns} sp
DATA_Thomas_tache02_11025_137.wav,sp c'est le recours a cote du carre vert {ns} sp
DATA_Livia_tache02_11025_188.wav,sp c'est hagard sur le carre jaune {ns}
DATA_Thibault_tache01_11025_95.wav,sp c'est la sirene sp a cote du triangle bleu sp {ns} sp
DATA_Melanie_tache01_11025_56.wav,c'est la monnaie a cote du cercle vert {ns}
DATA_Thibault_tache01_11025_74.wav,sp c'est la graine sp en dessous sp du rond jaune {ns}
DATA_Chloe_tache02_11025_5.wav,c'est le sp hublot a cote de l' etoile verte {ns} sp
DATA_Nael_tache02_11025_133.wav,c'est le surplus sur le triangle bleu sp {ns}
DATA_Camille_tache02_11025_172.wav,c'est l' ivresse en dessous du carre jaune {ns} sp
DATA_Lucie_tache01_11025_13.wav,sp c'est soudaine sp sur le carre rouge {ns} sp
DATA_Ariane_tache02_11025_98.wav,c'est sp le sp colis sp au dessus du rond sp bleu {ns} sp
DATA_Lucie_tache01_11025_139.wav,sp c'est l' egout sp sur le triangle rouge {ns} sp
DATA_Thibault_tache02_11025_158.wav,c'est l' orage en dessous sp du rond vert {ns}
DATA_Chloe_tache01_11025_150.wav,c'est sp issu sp au dessus du carre jaune {ns} sp
DATA_Thomas_tache01_11025_176.wav,c'est la sp paleur sp sur le triangle jaune {ns} sp
DATA_AnnaL_tache01_11025_37.wav,c'est la pizza sp au dessus du rond jaune {ns}
DATA_Lucie_tache02_11025_37.wav,c'est la pizza sp au dessus du rond jaune {ns}
DATA_Emre_tache01_11025_101.wav,sp c'est la grimace en dessous du carre gris {ns}
DATA_Thibault_tache01_11025_68.wav,c'est le business sp a cote du carre bleu {ns} sp
DATA_Camille_tache02_11025_54.wav,c'est la paresse sp en dessous du carre jaune {ns} sp
DATA_Lucie_tache02_11025_55.wav,sp c'est le tambour en dessous du carre rouge {ns} sp
DATA_Camille_tache01_11025_160.wav,sp c'est ainsi sp sur le carre bleu {ns} sp
DATA_ClaraG_tache02_11025_178.wav,c'est l' antenne sp sur l' etoile grise sp {ns}
DATA_Thomas_tache02_11025_172.wav,c'est l' ivresse en dessous du carre jaune {ns}
DATA_Ariane_tache02_11025_97.wav,c'est sp rugueux sp sur l' etoile sp bleue {ns} sp
DATA_Camille_tache02_11025_177.wav,sp c'est la rigueur sp a cote sp du carre gris {ns} sp
DATA_Melanie_tache01_11025_30.wav,sp c'est le cachet au dessus du carre jaune {ns} sp
DATA_Nael_tache01_11025_25.wav,c'est l' atout sur l' etoile jaune sp {ns}
DATA_Celine_tache01_11025_13.wav,sp c'est soudaine sur le carre rouge sp {ns} sp
DATA_Camille_tache01_11025_68.wav,sp c'est le business sp a cote du carre bleu sp {ns}
DATA_Livia_tache02_11025_196.wav,c'est le fromage a cote du carre jaune {ns}
DATA_Chloe_tache01_11025_189.wav,c'est le sp courroux a cote de l' etoile bleue {ns} sp
DATA_Melanie_tache01_11025_150.wav,sp c'est issu au dessus du carre jaune {ns}
DATA_AnnaL_tache02_11025_48.wav,c'est le sud sp a cote du rond bleu sp {ns}
DATA_Melanie_tache02_11025_16.wav,sp c'est le cartable en dessous du rond jaune {ns}
DATA_ClaraG_tache01_11025_97.wav,c'est rugueux sur l' etoile bleue {ns} sp
DATA_Melanie_tache01_11025_39.wav,sp c'est douteux au dessus du cercle vert {ns} sp
DATA_Celine_tache02_11025_148.wav,c'est le donjon a cote du triangle jaune {ns}
DATA_Livia_tache02_11025_63.wav,c'est la villa sp au dessus de l' etoile jaune {ns}
DATA_Camille_tache02_11025_98.wav,sp c'est le colis sp au dessus du rond bleu sp {ns} sp
DATA_Thomas_tache02_11025_89.wav,sp c'est le cadet sur le carre rouge sp {ns} sp
DATA_Thomas_tache01_11025_198.wav,sp c'est amer au dessus de l' etoile jaune {ns} sp
DATA_AnnaL_tache01_11025_146.wav,c'est le cil a cote de l' etoile rouge {ns}
DATA_Clara_tache02_11025_90.wav,c'est le coma sp en dessous du triangle vert {ns}
DATA_Livia_tache02_11025_37.wav,c'est la sp pizza sp au dessus du rond jaune {ns}
DATA_Emre_tache01_11025_74.wav,c'est la graine en dessous du rond jaune sp {ns} sp
DATA_Livia_tache01_11025_161.wav,c'est le sp coton a cote du carre rouge {ns} sp
DATA_Celine_tache02_11025_53.wav,sp c'est l' arete sp au dessus du triangle vert sp {ns} sp
DATA_Celine_tache02_11025_139.wav,c'est l' egout sur le triangle rouge {ns} sp
DATA_Celine_tache02_11025_13.wav,c'est soudaine sur le carre rouge {ns} sp
DATA_Thomas_tache01_11025_123.wav,sp c'est l' assaut sur l' etoile verte {ns} sp
DATA_ClaraG_tache01_11025_124.wav,c'est le chene a cote du triangle jaune sp {ns}
DATA_Emre_tache02_11025_182.wav,c'est marron sp en dessous du triangle vert {ns} sp
DATA_Thomas_tache02_11025_205.wav,sp c'est le gouter sp en dessous sp du carre bleu sp {ns} sp
DATA_ClaraG_tache02_11025_25.wav,c'est l' atout sur l' etoile jaune {ns}
DATA_Ariane_tache01_11025_122.wav,c'est la migraine sp en sp dessous sp du rond sp vert {ns}
DATA_Nael_tache02_11025_182.wav,c'est marron en dessous du triangle vert {ns} sp
DATA_Celine_tache02_11025_52.wav,sp c'est la censure en dessous de l' etoile sp grise {ns} sp
DATA_Melanie_tache01_11025_22.wav,c'est le couvent a cote de l' etoile grise {ns}
DATA_Celine_tache02_11025_54.wav,sp c'est la paresse en dessous du carre jaune sp {ns} sp
DATA_Emre_tache01_11025_196.wav,sp c'est le fromage a cote du carre jaune {ns}
DATA_Camille_tache01_11025_52.wav,sp c'est la censure sp en dessous de l' etoile sp grise {ns}
DATA_Celine_tache01_11025_106.wav,sp c'est la servante a cote du triangle vert {ns} sp
DATA_Clara_tache02_11025_137.wav,c'est le recours a cote du carre sp vert {ns}
DATA_Lucie_tache01_11025_91.wav,sp c'est le marais sp au dessus sp du carre jaune sp {ns}
DATA_Nael_tache02_11025_83.wav,c'est decu a cote de l' etoile grise {ns}
DATA_ClaraG_tache01_11025_78.wav,sp c'est l' entente a cote du rond rouge {ns} sp
DATA_Thibault_tache01_11025_138.wav,c'est le degre sp a cote de l' etoile jaune sp {ns} sp
DATA_Celine_tache02_11025_155.wav,sp c'est l' horreur sur le rond rouge sp {ns} sp
DATA_Ariane_tache01_11025_134.wav,sp c'est le blafard sp au dessus du carre sp bleu sp {ns}
DATA_Emre_tache02_11025_111.wav,c'est la danseuse a cote de l' etoile jaune {ns} sp
DATA_Thibault_tache02_11025_126.wav,c'est l' otage en dessous de l' etoile verte {ns} sp
DATA_Nael_tache02_11025_1.wav,c'est l' epoux sp sur le carre gris {ns}
DATA_Celine_tache02_11025_203.wav,sp c'est la revue sp en dessous du triangle gris {ns}
DATA_Thibault_tache02_11025_70.wav,c'est le budget sp en dessous sp du triangle bleu sp {ns}
DATA_Camille_tache02_11025_23.wav,c'est le trophee sp sur sp le triangle vert {ns} sp
DATA_Livia_tache01_11025_49.wav,sp c'est la fierte au dessus de l' etoile verte sp {ns} sp
DATA_ClaraG_tache01_11025_137.wav,c'est le recours sp a cote du carre vert {ns} sp
DATA_Celine_tache01_11025_174.wav,c'est l' insulte sur le triangle bleu sp {ns}
DATA_Chloe_tache02_11025_68.wav,c'est le business a cote du carre bleu {ns} sp
DATA_Melanie_tache02_11025_143.wav,sp c'est le morceau sur le carre gris sp {ns}
DATA_Livia_tache01_11025_71.wav,c'est le metteur sur le carre jaune {ns} sp
DATA_Clara_tache02_11025_18.wav,c'est le citron sp au dessus du triangle bleu sp {ns}
DATA_Lucie_tache02_11025_123.wav,c'est l' assaut sur l' etoile verte {ns}
DATA_Thomas_tache01_11025_165.wav,c'est l' arene a cote de l' etoile verte {ns} sp
DATA_Ariane_tache01_11025_101.wav,sp c'est la grimace sp en dessous sp du carre sp gris {ns} sp
DATA_Camille_tache01_11025_23.wav,sp c'est le trophee sur le triangle vert {ns}
DATA_Ariane_tache02_11025_82.wav,c'est la belle-mere sp a cote du rond sp vert {ns} sp
DATA_Thibault_tache01_11025_123.wav,c'est l' assaut sp sur l' etoile verte {ns} sp
DATA_Lucie_tache01_11025_78.wav,sp c'est l' entente a cote du rond rouge {ns} sp
DATA_AnnaL_tache02_11025_145.wav,c'est l' etage au dessus du rond vert {ns}
DATA_Thomas_tache02_11025_184.wav,sp c'est l' auteur sur l' etoile rouge {ns}
DATA_ClaraG_tache01_11025_81.wav,sp c'est le discours a cote du rond gris {ns} sp
DATA_Ariane_tache02_11025_128.wav,c'est sp le vernis sp en dessous de l' etoile sp grise {ns} sp
DATA_Chloe_tache01_11025_29.wav,sp c'est le savon sp en dessous de l' etoile jaune {ns} sp
DATA_Lucie_tache01_11025_18.wav,sp c'est le citron sp au dessus du triangle bleu sp {ns}
DATA_Thibault_tache01_11025_121.wav,c'est le delta sp en dessous sp du triangle gris sp {ns} sp
DATA_Clara_tache02_11025_16.wav,c'est le cartable sp en dessous sp du rond sp jaune sp {ns}
DATA_ClaraG_tache02_11025_50.wav,c'est le talon sp en dessous du triangle vert {ns}
DATA_AnnaL_tache01_11025_120.wav,sp c'est le whiskey sp en dessous du rond gris {ns}
DATA_Camille_tache02_11025_156.wav,sp c'est le sultan sp a cote du rond bleu sp {ns}
DATA_Thomas_tache01_11025_109.wav,c'est la detresse sp en dessous du carre bleu sp {ns}
DATA_ClaraG_tache02_11025_53.wav,c'est l' arete au dessus du sp triangle vert {ns}
DATA_AnnaL_tache01_11025_20.wav,sp c'est sp hideux a sp cote du rond jaune {ns} sp
DATA_Lucie_tache02_11025_168.wav,sp c'est la soucoupe sp sur l' etoile jaune {ns}
DATA_AnnaL_tache01_11025_15.wav,c'est l' ecart a cote du carre rouge {ns}
DATA_Celine_tache01_11025_170.wav,c'est certaine au dessus de l' sp etoile rouge sp {ns} sp
DATA_Ariane_tache02_11025_171.wav,sp c'est sp morveux sp en dessous de l' etoile sp grise sp {ns} sp
DATA_Thibault_tache02_11025_166.wav,c'est le format sp en dessous du rond gris sp {ns} sp
DATA_Camille_tache02_11025_97.wav,c'est rugueux sp sur l' etoile bleue sp {ns}
DATA_Lucie_tache01_11025_98.wav,c'est le colis sp au dessus du rond bleu sp {ns}
DATA_AnnaL_tache02_11025_163.wav,c'est l' audace sp au dessus du triangle bleu {ns} sp
DATA_ClaraG_tache02_11025_78.wav,c'est l' entente a cote du rond rouge {ns}
DATA_Chloe_tache01_11025_89.wav,sp c'est le cadet sp sur le carre rouge {ns} sp
DATA_Ariane_tache02_11025_16.wav,c'est le cartable sp en dessous du rond sp jaune {ns} sp
DATA_Emre_tache01_11025_102.wav,c'est l' etang au dessus de l' etoile bleue sp {ns}
DATA_Melanie_tache01_11025_136.wav,sp c'est la poupee sur le carre vert {ns}
DATA_Camille_tache02_11025_20.wav,c'est sp hideux sp a cote du rond jaune {ns} sp
DATA_Livia_tache02_11025_94.wav,c'est le marquis a cote de l' etoile verte {ns}
DATA_Emre_tache01_11025_52.wav,c'est la censure sp en dessous de l' etoile grise {ns} sp
DATA_Emre_tache02_11025_160.wav,sp c'est ainsi sp sur le carre bleu {ns}
DATA_Celine_tache01_11025_203.wav,sp c'est la revue sp en dessous du triangle gris {ns} sp
DATA_ClaraG_tache02_11025_173.wav,c'est le placard en dessous du carre rouge {ns} sp
DATA_Clara_tache02_11025_129.wav,c'est le satin sp sur l' etoile rouge {ns}
DATA_Clara_tache02_11025_88.wav,sp c'est la cire sp en dessous sp du carre jaune sp {ns}
DATA_Nael_tache01_11025_68.wav,c'est le business sp a cote du carre sp bleu {ns} sp
DATA_Lucie_tache02_11025_104.wav,c'est la blessure a cote du carre gris {ns} sp
DATA_Emre_tache01_11025_199.wav,c'est le refrain au dessus du carre gris {ns} sp
DATA_ClaraG_tache02_11025_35.wav,c'est le climat sp sur le triangle rouge {ns}
DATA_Emre_tache01_11025_2.wav,sp c'est le karma sp sur l' etoile grise {ns}
DATA_Melanie_tache01_11025_59.wav,sp c'est le beurre en dessous du carre bleu {ns} sp
DATA_Clara_tache01_11025_150.wav,c'est sp issu sp au dessus du carre sp jaune {ns}
DATA_Nael_tache02_11025_151.wav,c'est le batard au dessus du sp carre vert {ns}
DATA_Nael_tache01_11025_98.wav,sp c'est le colis au dessus du rond bleu {ns}
DATA_AnnaL_tache01_11025_172.wav,c'est l' ivresse en dessous du carre jaune {ns}
DATA_Chloe_tache02_11025_29.wav,c'est le savon en dessous de l' etoile jaune {ns} sp
DATA_Chloe_tache01_11025_166.wav,c'est le format sp en dessous du rond gris {ns} sp
DATA_Melanie_tache02_11025_170.wav,sp c'est certaine au dessus de l' etoile rouge {ns}
DATA_Livia_tache01_11025_136.wav,c'est la poupee sur le carre vert {ns}
DATA_Chloe_tache02_11025_190.wav,c'est le godet a cote du triangle gris {ns}
DATA_Emre_tache01_11025_70.wav,c'est sp le sp budget sp en dessous sp du triangle sp bleu {ns} sp
DATA_Lucie_tache02_11025_156.wav,sp c'est le sultan a cote du rond bleu sp {ns}
DATA_Celine_tache02_11025_72.wav,sp c'est le bazar au dessus de l' etoile verte {ns} sp
DATA_Emre_tache01_11025_188.wav,c'est hagard sur le carre jaune {ns}
DATA_Clara_tache01_11025_83.wav,c'est decu sp a cote de l' etoile sp grise {ns}
DATA_Emre_tache01_11025_191.wav,sp c'est les patins sp en dessous du carre vert {ns}
DATA_Thomas_tache02_11025_164.wav,sp c'est l' achat en dessous du rond bleu {ns} sp
DATA_Melanie_tache02_11025_205.wav,c'est le gouter en dessous du carre bleu sp {ns}
DATA_Ariane_tache02_11025_144.wav,c'est sp la sp cadence sp a cote du rond sp rouge {ns}
DATA_ClaraG_tache01_11025_44.wav,c'est la bougie sp au dessus du triangle gris sp {ns} sp
DATA_Lucie_tache02_11025_140.wav,c'est le pasteur en dessous du triangle bleu {ns}
DATA_Nael_tache02_11025_65.wav,c'est le semestre au dessus du triangle rouge {ns}
DATA_Camille_tache01_11025_92.wav,sp c'est le talus sp a cote du rond jaune {ns} sp
DATA_Ariane_tache01_11025_47.wav,c'est cinquante sp sur le rond sp vert {ns} sp
DATA_Livia_tache01_11025_92.wav,c'est le talus a cote du rond jaune {ns} sp
DATA_Emre_tache02_11025_139.wav,c'est l' egout sp sur le triangle rouge {ns} sp
DATA_Camille_tache02_11025_79.wav,c'est le theme sp en dessous du carre rouge {ns} sp
DATA_Nael_tache02_11025_15.wav,c'est l' ecart a cote du carre rouge {ns} sp
DATA_Clara_tache02_11025_194.wav,c'est le diamant sp a cote du triangle rouge {ns} sp
DATA_Celine_tache02_11025_167.wav,sp c'est l' hommage a cote du triangle bleu sp {ns} sp
DATA_Livia_tache01_11025_191.wav,c'est les patins en dessous du carre vert {ns} sp
DATA_Lucie_tache01_11025_133.wav,sp c'est sp le surplus sp sur le triangle bleu sp {ns}
DATA_Lucie_tache01_11025_137.wav,sp c'est le recours a cote du carre sp vert sp {ns}
DATA_AnnaL_tache02_11025_154.wav,c'est la guitare a cote du carre bleu {ns} sp
DATA_Clara_tache01_11025_143.wav,c'est le morceau sp sur le carre sp gris {ns}
DATA_Emre_tache01_11025_99.wav,c'est la charrue sur le triangle jaune {ns} sp
DATA_ClaraG_tache01_11025_154.wav,sp c'est la guitare a cote du carre bleu {ns}
DATA_Lucie_tache01_11025_171.wav,c'est morveux sp en dessous de l' etoile grise sp {ns}
DATA_Chloe_tache02_11025_157.wav,c'est le dilemme sp en dessous de l' etoile verte {ns}
DATA_Clara_tache02_11025_74.wav,c'est la graine sp en dessous du rond sp jaune {ns}
DATA_Thomas_tache02_11025_114.wav,c'est frileux a cote de l' etoile rouge {ns} sp
DATA_Lucie_tache02_11025_66.wav,sp c'est le pate sp en dessous du triangle bleu {ns}
DATA_Thomas_tache02_11025_121.wav,c'est le delta en dessous du triangle gris {ns} sp
DATA_Emre_tache01_11025_167.wav,c'est l' hommage a cote du triangle bleu {ns}
DATA_Chloe_tache01_11025_44.wav,c'est la bougie au dessus du triangle gris {ns}
DATA_Celine_tache01_11025_105.wav,sp c'est le frangin sp en dessous du rond bleu {ns} sp
DATA_Nael_tache02_11025_154.wav,c'est la guitare a cote du carre bleu {ns}
DATA_Clara_tache02_11025_177.wav,c'est la rigueur sp a cote du carre sp gris {ns}
DATA_Thomas_tache02_11025_29.wav,c'est le savon sp en dessous de l' etoile jaune sp {ns} sp
DATA_ClaraG_tache01_11025_37.wav,sp c'est la pizza sp au dessus du rond jaune {ns} sp
DATA_Emre_tache02_11025_181.wav,sp c'est le cypres sur le rond jaune sp {ns}
DATA_Camille_tache01_11025_179.wav,sp c'est la pancarte sp au dessus du triangle gris sp {ns} sp
DATA_Celine_tache01_11025_165.wav,sp c'est l' arene a cote de l' etoile verte sp {ns} sp
DATA_Thomas_tache01_11025_127.wav,sp c'est le buisson au dessus du triangle gris {ns} sp
DATA_Celine_tache02_11025_88.wav,c'est la cire en dessous du carre jaune sp {ns} sp
DATA_Celine_tache02_11025_178.wav,c'est l' antenne sur l' etoile sp grise {ns} sp
DATA_Camille_tache01_11025_112.wav,c'est le pave sp au dessus du rond gris sp {ns}
DATA_AnnaL_tache02_11025_52.wav,sp c'est la censure sp en dessous de l' etoile grise {ns}
DATA_AnnaL_tache01_11025_39.wav,sp c'est douteux sp au dessus du sp rond vert {ns}
DATA_AnnaL_tache02_11025_184.wav,c'est l' auteur sp sur l' etoile rouge {ns}
DATA_Celine_tache02_11025_23.wav,c'est le trophee sur le triangle vert {ns}
DATA_Camille_tache01_11025_8.wav,c'est le vaccin sur le rond jaune sp {ns}
DATA_AnnaL_tache02_11025_74.wav,sp c'est la graine sp en dessous du rond jaune {ns}
DATA_Clara_tache02_11025_77.wav,c'est supreme au dessus du triangle rouge sp {ns}
DATA_Ariane_tache02_11025_46.wav,c'est sp la ressource sp au dessus du carre sp gris {ns} sp
DATA_Lucie_tache02_11025_85.wav,c'est le sceau sp sur le rond sp gris sp {ns}
DATA_Clara_tache02_11025_134.wav,c'est le blafard sp au dessus du carre sp bleu {ns}
DATA_Nael_tache01_11025_90.wav,sp c'est le coma en sp dessous du triangle sp vert sp {ns}
DATA_Nael_tache01_11025_3.wav,sp c'est sp le blaspheme sur le sp triangle bleu {ns}
DATA_Celine_tache01_11025_7.wav,sp c'est la source sur le carre sp jaune {ns} sp
DATA_Nael_tache02_11025_78.wav,c'est l' entente a cote du rond rouge {ns}
DATA_Thibault_tache01_11025_104.wav,c'est la blessure sp a cote du carre gris {ns} sp
DATA_Chloe_tache02_11025_178.wav,c'est l' antenne sp sur l' etoile grise {ns}
DATA_Emre_tache01_11025_162.wav,sp c'est le soupcon au dessus du rond rouge sp {ns}
DATA_Clara_tache01_11025_9.wav,c'est le corbeau sp au dessus sp de l' etoile rouge {ns}
DATA_Thibault_tache01_11025_27.wav,c'est le tombeau sp a cote du carre jaune sp {ns} sp
DATA_Nael_tache02_11025_85.wav,c'est le sceau sur le rond gris {ns} sp
DATA_Clara_tache01_11025_27.wav,c'est le tombeau sp a cote sp du carre jaune sp {ns}
DATA_Livia_tache02_11025_16.wav,c'est le cartable en dessous du rond jaune {ns}
DATA_AnnaL_tache01_11025_151.wav,c'est le batard au dessus du carre vert {ns}
DATA_AnnaL_tache01_11025_168.wav,c'est la soucoupe sp sur l' etoile jaune {ns}
DATA_Ariane_tache02_11025_78.wav,c'est sp l' entente sp a cote du rond sp rouge {ns} sp
DATA_Thomas_tache01_11025_201.wav,c'est le gala en dessous du rond rouge sp {ns} sp
DATA_Melanie_tache01_11025_180.wav,c'est la bonte sur le cercle vert {ns}
DATA_Ariane_tache02_11025_68.wav,c'est sp le business sp a cote du carre sp bleu sp {ns} sp
DATA_Clara_tache01_11025_90.wav,c'est le coma sp en dessous du triangle vert {ns} sp
DATA_Thomas_tache01_11025_157.wav,sp c'est le dilemme en dessous de l' etoile verte {ns} sp
DATA_ClaraG_tache01_11025_65.wav,c'est le semestre au dessus du triangle rouge {ns}
DATA_Lucie_tache02_11025_73.wav,sp c'est le montant sp au sp dessus sp de l' etoile grise {ns}
DATA_ClaraG_tache02_11025_56.wav,c'est la monnaie a cote du rond vert {ns}
DATA_Lucie_tache02_11025_1.wav,c'est l' epoux sp sur le carre gris {ns}
DATA_Emre_tache02_11025_100.wav,c'est le soda sp au dessus du triangle jaune {ns}
DATA_Thomas_tache02_11025_91.wav,sp c'est le marais au dessus du carre jaune {ns}
DATA_Camille_tache01_11025_180.wav,sp c'est la bonte sur le rond vert {ns} sp
DATA_ClaraG_tache01_11025_24.wav,c'est le bouchon sp dans le triangle jaune {ns} sp
DATA_Thibault_tache01_11025_82.wav,c'est la belle-mere sp a cote du rond vert {ns} sp
DATA_ClaraG_tache02_11025_148.wav,c'est le donjon a cote du triangle jaune sp {ns}
DATA_Thomas_tache01_11025_142.wav,c'est la puree sp en dessous de l' etoile bleue sp {ns} sp
DATA_Celine_tache01_11025_123.wav,sp c'est l' assaut sur l' etoile verte {ns}
DATA_Thomas_tache01_11025_92.wav,c'est le talus a cote du rond jaune {ns} sp
DATA_Thomas_tache01_11025_21.wav,c'est la clarte en dessous du rond vert {ns} sp
DATA_Camille_tache02_11025_52.wav,c'est la censure sp en dessous de l' etoile sp grise {ns}
DATA_Melanie_tache02_11025_108.wav,c'est l' enjeu sur le triangle vert {ns}
DATA_Nael_tache01_11025_72.wav,c'est le bazar au dessus de l' etoile verte {ns} sp
DATA_Ariane_tache01_11025_128.wav,c'est le vernis sp en dessous de l' etoile sp grise {ns} sp
DATA_Lucie_tache01_11025_134.wav,c'est le blafard sp au dessus du carre bleu sp {ns}
DATA_Thibault_tache01_11025_72.wav,sp c'est le bazar sp au dessus de l' etoile verte {ns}
DATA_Lucie_tache01_11025_204.wav,sp c'est la morphine sp sur le carre rouge {ns}
DATA_Thomas_tache01_11025_43.wav,sp c'est le poussin en dessous du triangle jaune {ns}
DATA_Camille_tache02_11025_125.wav,c'est l' arnaque sp en dessous de l' etoile rouge sp {ns} sp
DATA_Thibault_tache02_11025_97.wav,c'est rugueux sp sur sp l' etoile bleue {ns} sp
DATA_Melanie_tache02_11025_182.wav,sp c'est marron sp en dessous du triangle vert {ns}
DATA_Clara_tache02_11025_26.wav,c'est le tapage sur l' etoile sp verte {ns} sp
DATA_Celine_tache01_11025_81.wav,c'est le discours a cote du rond gris sp {ns} sp
DATA_ClaraG_tache02_11025_204.wav,c'est la morphine sp sur le carre rouge {ns}
DATA_Lucie_tache02_11025_200.wav,c'est le campus au dessus du triangle jaune {ns}
DATA_Clara_tache02_11025_150.wav,c'est issu sp au dessus du carre sp jaune {ns}
DATA_Lucie_tache01_11025_198.wav,sp c'est amer sp au dessus de l' etoile jaune sp {ns} sp
DATA_Lucie_tache02_11025_153.wav,sp c'est amen au dessus du carre bleu sp {ns} sp
DATA_Celine_tache02_11025_16.wav,c'est le cartable en dessous du rond jaune sp {ns} sp
DATA_Thibault_tache01_11025_11.wav,c'est le divan sp en dessous sp du rond rouge sp {ns} sp
DATA_Livia_tache02_11025_138.wav,c'est le degre a cote de l' etoile jaune {ns}
DATA_Chloe_tache02_11025_64.wav,sp c'est la capsule au dessus du carre rouge {ns} sp
DATA_Melanie_tache02_11025_64.wav,sp c'est la capsule au dessus du carre rouge {ns} sp
DATA_Clara_tache02_11025_47.wav,c'est cinquante sp sur le rond sp vert {ns}
DATA_Nael_tache02_11025_38.wav,c'est bavarde a cote de l' etoile jaune sp {ns}
DATA_Melanie_tache02_11025_123.wav,sp c'est l' assaut sur l' etoile verte {ns}
DATA_AnnaL_tache01_11025_104.wav,c'est la blessure a cote du carre gris {ns}
DATA_Ariane_tache02_11025_156.wav,sp c'est sp le sultan sp a cote du rond sp bleu {ns}
DATA_Chloe_tache02_11025_188.wav,sp c'est hagard sur le carre jaune {ns}
DATA_Livia_tache01_11025_31.wav,c'est l' etude sur l' etoile rouge {ns} sp
DATA_Thibault_tache02_11025_56.wav,sp c'est la monnaie a cote du rond vert {ns}
DATA_Emre_tache01_11025_8.wav,c'est le vaccin sur le rond sp jaune {ns}
DATA_Melanie_tache02_11025_188.wav,sp c'est hagard sur le carre jaune {ns}
DATA_Emre_tache02_11025_9.wav,sp c'est le corbeau au dessus de l' etoile rouge {ns}
DATA_Thomas_tache02_11025_48.wav,sp c'est le sud a cote du rond bleu sp {ns} sp
DATA_Camille_tache02_11025_134.wav,c'est le blafard au dessus du carre bleu sp {ns} sp
DATA_Livia_tache01_11025_45.wav,c'est le meurtre en dessous de l' etoile bleue {ns}
DATA_ClaraG_tache01_11025_88.wav,c'est la cire en dessous du carre jaune {ns} sp
DATA_Celine_tache02_11025_134.wav,sp c'est le blafard au dessus du carre bleu sp {ns}
DATA_Melanie_tache01_11025_51.wav,c'est le micro a cote du cercle gris sp {ns}
DATA_Chloe_tache02_11025_139.wav,sp c'est l' egout sur le triangle rouge {ns}
DATA_Melanie_tache02_11025_165.wav,c'est l' arene a cote de l' etoile verte {ns} sp
DATA_Chloe_tache02_11025_73.wav,c'est le montant au dessus de l' etoile grise {ns} sp
DATA_Thomas_tache02_11025_189.wav,sp c'est le courroux a cote de l' etoile bleue {ns} sp
DATA_Lucie_tache02_11025_131.wav,c'est la philo en dessous du triangle rouge {ns} sp
DATA_Clara_tache01_11025_149.wav,c'est sp la flanelle sp au dessus du rond sp bleu sp {ns}
DATA_Camille_tache02_11025_194.wav,sp c'est le diamant sp a sp cote du triangle rouge {ns} sp
DATA_Celine_tache02_11025_122.wav,sp c'est la migraine en dessous du rond vert {ns} sp
DATA_Emre_tache01_11025_114.wav,sp c'est frileux sp a cote de l' etoile rouge sp {ns}
DATA_Thibault_tache02_11025_163.wav,c'est l' audace sp au dessus sp du triangle bleu {ns} sp
DATA_Emre_tache01_11025_62.wav,c'est le carreau au dessus du carre vert {ns} sp
DATA_Livia_tache01_11025_123.wav,c'est l' assaut sur l' etoile verte {ns} sp
DATA_AnnaL_tache02_11025_114.wav,c'est frileux sp a cote de l' etoile rouge {ns}
DATA_Thibault_tache02_11025_92.wav,c'est le talus a cote sp du rond jaune sp {ns}
DATA_AnnaL_tache01_11025_142.wav,c'est la puree en dessous de l' etoile bleue {ns} sp
DATA_Ariane_tache01_11025_61.wav,sp c'est le debit sp sur sp le rond sp bleu {ns} sp
DATA_Celine_tache01_11025_104.wav,c'est la blessure a cote du carre gris sp {ns} sp
DATA_Melanie_tache02_11025_150.wav,c'est sp issu au dessus du carre jaune {ns} sp
DATA_Thomas_tache02_11025_123.wav,sp c'est l' assaut sp sur l' etoile verte sp {ns} sp
DATA_Thibault_tache02_11025_129.wav,c'est le satin sp sur l' etoile rouge {ns}
DATA_ClaraG_tache02_11025_123.wav,c'est l' assaut sp sur l' etoile verte {ns}
DATA_Melanie_tache01_11025_26.wav,sp c'est le tapage sur l' etoile verte sp {ns} sp
DATA_AnnaL_tache02_11025_155.wav,c'est l' horreur sp sur le rond rouge {ns}
DATA_Camille_tache02_11025_170.wav,c'est certaine sp au dessus de l' etoile rouge sp {ns}
DATA_ClaraG_tache02_11025_144.wav,c'est la cadence a cote sp du rond rouge {ns}
DATA_Nael_tache01_11025_101.wav,c'est sp la grimace en dessous du carre gris {ns}
DATA_Chloe_tache02_11025_180.wav,c'est la bonte sp sur le rond vert {ns} sp
DATA_AnnaL_tache02_11025_78.wav,sp c'est l' entente sp a cote du rond rouge sp {ns}
DATA_Chloe_tache01_11025_154.wav,sp c'est la guitare a cote du carre bleu {ns} sp
DATA_Nael_tache01_11025_82.wav,c'est la belle-mere sp a cote du rond vert {ns}
DATA_Thomas_tache01_11025_104.wav,c'est la blessure a cote du carre gris {ns} sp
DATA_Thibault_tache01_11025_190.wav,c'est le godet sp a cote sp du triangle gris sp {ns} sp
DATA_Celine_tache02_11025_3.wav,c'est le blaspheme sur le triangle bleu {ns} sp
DATA_Livia_tache01_11025_100.wav,c'est le soda sp au dessus du triangle jaune {ns} sp
DATA_AnnaL_tache02_11025_102.wav,c'est l' etang au dessus de l' etoile bleue sp {ns}
DATA_Camille_tache01_11025_18.wav,sp c'est le citron au dessus du triangle bleu {ns} sp
DATA_Celine_tache01_11025_152.wav,sp c'est le cigare au dessus du rond jaune {ns}
DATA_Melanie_tache02_11025_120.wav,sp c'est le whiskey en dessous du rond gris {ns}
DATA_Livia_tache02_11025_146.wav,c'est le cil a cote de l' etoile rouge {ns}
DATA_Chloe_tache01_11025_97.wav,c'est rugueux sur l' etoile bleue {ns} sp
DATA_Clara_tache01_11025_132.wav,c'est epars sp sur sp le rond sp vert {ns}
DATA_Nael_tache01_11025_78.wav,sp c'est l' entente a cote du rond rouge {ns}
DATA_Livia_tache01_11025_15.wav,c'est l' ecart a cote du sp carre rouge {ns} sp
DATA_Camille_tache01_11025_39.wav,sp c'est douteux au dessus du rond sp vert {ns} sp
DATA_Chloe_tache01_11025_52.wav,c'est la censure en dessous de l' etoile grise {ns} sp
DATA_ClaraG_tache01_11025_133.wav,c'est le surplus sp sur le triangle bleu sp {ns} sp
DATA_AnnaL_tache02_11025_28.wav,c'est le machin sp sur le carre bleu {ns} sp
DATA_Thomas_tache02_11025_149.wav,c'est la flanelle au dessus du rond bleu {ns}
DATA_Livia_tache02_11025_169.wav,c'est le voisin sur le rond bleu {ns} sp
DATA_Clara_tache02_11025_168.wav,c'est la soucoupe sp sur l' etoile sp jaune {ns}
DATA_ClaraG_tache02_11025_99.wav,c'est la charrue sp sur le triangle jaune {ns}
DATA_Chloe_tache01_11025_35.wav,c'est sp le climat sp sur le triangle rouge {ns} sp
DATA_Livia_tache01_11025_113.wav,sp c'est la moto sp en dessous sp de l' etoile bleue sp {ns} sp
DATA_Livia_tache01_11025_28.wav,c'est le machin sp sur le sp carre sp bleu sp {ns} sp
DATA_Thomas_tache02_11025_65.wav,sp c'est le semestre sp au dessus du triangle rouge {ns} sp
DATA_Livia_tache01_11025_125.wav,c'est l' arnaque en dessous de l' etoile rouge {ns}
DATA_Thomas_tache02_11025_113.wav,sp c'est la moto en dessous de l' etoile bleue sp {ns} sp
DATA_Clara_tache01_11025_199.wav,c'est le refrain sp au dessus du carre gris {ns}
DATA_Chloe_tache01_11025_162.wav,c'est le soupcon au dessus du rond rouge sp {ns} sp
DATA_Nael_tache01_11025_62.wav,sp c'est le carreau au dessus du carre vert {ns} sp
DATA_Clara_tache01_11025_115.wav,c'est la corvee sp sur sp le rond sp rouge {ns}
DATA_Celine_tache01_11025_37.wav,sp c'est la pizza sp au dessus du rond jaune sp {ns}
DATA_AnnaL_tache01_11025_70.wav,c'est le budget en dessous du triangle bleu {ns}
DATA_Lucie_tache01_11025_111.wav,sp c'est la danseuse a cote de l' etoile jaune sp {ns}
DATA_Melanie_tache01_11025_24.wav,sp c'est le bouchon sur le triangle jaune {ns}
DATA_Clara_tache01_11025_89.wav,c'est le cadet sur le carre rouge {ns}
DATA_Thibault_tache01_11025_173.wav,c'est le placard sp en dessous du carre rouge sp {ns} sp
DATA_Chloe_tache02_11025_196.wav,c'est le fromage a cote du carre jaune {ns} sp
DATA_Nael_tache02_11025_8.wav,c'est le vaccin sur le rond jaune {ns}
DATA_Thibault_tache02_11025_143.wav,c'est le morceau sp sur le carre gris {ns} sp
DATA_Chloe_tache02_11025_87.wav,c'est le recu sur le triangle rouge {ns} sp
DATA_Livia_tache02_11025_166.wav,c'est le format sp en dessous du rond gris {ns}
DATA_Melanie_tache02_11025_94.wav,c'est le marquis a cote de l' etoile verte {ns} sp
DATA_Thomas_tache02_11025_57.wav,sp c'est la fontaine sp sur le carre vert {ns}
DATA_AnnaL_tache01_11025_1.wav,c'est l'epoux sur le carre gris
DATA_ClaraG_tache01_11025_26.wav,c'est le tapage dans l' etoile verte sp {ns} sp
DATA_Celine_tache01_11025_28.wav,c'est le machin sp sur le carre bleu sp {ns}
DATA_Thibault_tache02_11025_111.wav,c'est la danseuse a cote de l' etoile jaune sp {ns} sp
DATA_Emre_tache01_11025_138.wav,c'est le degre sp a cote de l' etoile jaune {ns}
DATA_Emre_tache01_11025_120.wav,sp c'est le whiskey sp en dessous du rond gris {ns}
DATA_AnnaL_tache02_11025_87.wav,c'est le recu sp sur le triangle rouge {ns} sp
DATA_Melanie_tache02_11025_102.wav,sp c'est l' etang au dessus de sp l' sp etoile bleue sp {ns} sp
DATA_Nael_tache01_11025_126.wav,sp c'est l' otage en dessous de l' etoile verte {ns}
DATA_Chloe_tache01_11025_7.wav,c'est la source sp sur le carre jaune {ns} sp
DATA_Lucie_tache01_11025_144.wav,sp c'est la cadence sp a cote du rond rouge sp {ns}
DATA_Thomas_tache01_11025_66.wav,c'est le pate sp en dessous du triangle bleu sp {ns} sp
DATA_Ariane_tache02_11025_96.wav,c'est le precis sp sur le carre sp bleu {ns}
DATA_Celine_tache02_11025_38.wav,c'est bavarde a cote de l' etoile jaune sp {ns}
DATA_Lucie_tache01_11025_60.wav,sp c'est le sommet a cote du carre vert {ns}
DATA_Chloe_tache01_11025_59.wav,c'est le beurre en dessous du carre bleu sp {ns} sp
DATA_ClaraG_tache02_11025_121.wav,c'est le delta sp en dessous du triangle sp gris {ns}
DATA_Livia_tache01_11025_56.wav,c'est la monnaie a cote du rond vert {ns} sp
DATA_Nael_tache01_11025_125.wav,sp c'est l' arnaque en dessous de l' etoile rouge {ns}
DATA_Melanie_tache02_11025_127.wav,sp c'est le buisson au dessus du triangle gris {ns}
DATA_Emre_tache01_11025_40.wav,sp c'est l' ouvrage en dessous du carre gris {ns} sp
DATA_Thibault_tache01_11025_125.wav,c'est l' arnaque sp en dessous sp de l' etoile rouge {ns} sp
DATA_Livia_tache02_11025_151.wav,c'est le batard sp au dessus du carre vert {ns} sp
DATA_Emre_tache02_11025_184.wav,c'est l' auteur sp sur l' etoile rouge {ns} sp
DATA_Livia_tache01_11025_73.wav,c'est le montant sp au dessus de l' etoile grise {ns} sp
DATA_Lucie_tache02_11025_132.wav,sp c'est sp epars sp sur sp le rond sp vert {ns}
DATA_Nael_tache02_11025_12.wav,c'est les etats sur l' etoile bleue {ns} sp
DATA_Ariane_tache01_11025_44.wav,c'est la bougie sp au dessus du triangle gris {ns}
DATA_Camille_tache02_11025_35.wav,c'est le climat sp sur le triangle rouge {ns} sp
DATA_Camille_tache02_11025_84.wav,c'est le bouton sp a cote de l' etoile bleue {ns} sp
DATA_Clara_tache02_11025_98.wav,c'est le colis sp au dessus du rond sp bleu sp {ns}
DATA_Celine_tache01_11025_185.wav,c'est l' egard en dessous du triangle rouge sp {ns} sp
DATA_Emre_tache01_11025_42.wav,sp c'est l' harem en dessous de l' etoile rouge {ns} sp
DATA_Emre_tache02_11025_1.wav,c'est l' epoux sur le carre gris {ns}
DATA_Ariane_tache02_11025_176.wav,sp c'est la paleur sp sur le triangle jaune sp {ns}
DATA_Melanie_tache01_11025_10.wav,sp c'est l' argile a cote du triangle bleu sp {ns} sp
DATA_Melanie_tache02_11025_70.wav,sp c'est le budget sp en dessous du triangle bleu sp {ns} sp
DATA_Melanie_tache01_11025_198.wav,sp c'est amer au dessus de l' etoile jaune {ns} sp
DATA_Celine_tache02_11025_117.wav,sp c'est le radis au dessus du rond rouge {ns}
DATA_Nael_tache02_11025_178.wav,c'est l' antenne sur l' etoile grise {ns}
DATA_Thomas_tache01_11025_132.wav,c'est epars sp sur sp le rond sp vert {ns} sp
DATA_Clara_tache01_11025_59.wav,c'est le beurre sp en dessous du carre bleu sp {ns}
DATA_Camille_tache01_11025_140.wav,sp c'est le pasteur en dessous du triangle bleu sp {ns} sp
DATA_Chloe_tache01_11025_102.wav,c'est l' etang au dessus de l' etoile bleue {ns} sp
DATA_ClaraG_tache01_11025_180.wav,c'est la bonte sur le rond vert {ns}
DATA_Livia_tache02_11025_78.wav,c'est l' entente a cote du rond rouge {ns}
DATA_Emre_tache02_11025_18.wav,c'est le citron au dessus du triangle bleu {ns}
DATA_Celine_tache02_11025_149.wav,sp c'est la flanelle au dessus du rond bleu sp {ns} sp
DATA_Clara_tache02_11025_6.wav,c'est le genou sp sur le rond sp gris sp {ns}
DATA_Ariane_tache02_11025_201.wav,sp c'est le gala sp en dessous sp du rond sp rouge {ns} sp
DATA_Livia_tache02_11025_139.wav,c'est l' egout sur le triangle rouge {ns}
DATA_Emre_tache02_11025_39.wav,c'est douteux sp au dessus du rond vert {ns} sp
DATA_Chloe_tache02_11025_181.wav,c'est le cypres sp sur le rond jaune {ns} sp
DATA_Lucie_tache02_11025_112.wav,c'est le pave au dessus du rond gris {ns}
DATA_Camille_tache02_11025_176.wav,c'est la paleur sp sur le triangle sp jaune sp {ns}
DATA_Nael_tache01_11025_50.wav,c'est le talon sp en dessous du triangle vert {ns}
DATA_Thibault_tache02_11025_103.wav,c'est l' osseux sp sur le carre gris {ns} sp
DATA_ClaraG_tache02_11025_4.wav,c'est le ruisseau sp a cote du triangle rouge {ns}
DATA_Camille_tache02_11025_59.wav,sp c'est le beurre sp en dessous du carre bleu {ns} sp
DATA_Chloe_tache02_11025_60.wav,c'est le sommet a cote du carre vert {ns} sp
DATA_AnnaL_tache01_11025_89.wav,c'est le cadet sur le carre rouge {ns} sp
DATA_Celine_tache02_11025_171.wav,c'est morveux en dessous de l' etoile sp grise {ns} sp
DATA_Ariane_tache01_11025_66.wav,c'est le sp pate sp en dessous sp du triangle sp bleu {ns} sp
DATA_ClaraG_tache01_11025_165.wav,sp c'est l' arene sp a cote sp de l' etoile verte {ns}
DATA_Celine_tache01_11025_94.wav,c'est le marquis a cote de l' etoile verte sp {ns} sp
DATA_Ariane_tache02_11025_55.wav,sp c'est sp le sp tambour sp en dessous du carre sp rouge {ns} sp
DATA_Nael_tache02_11025_89.wav,sp c'est le cadet sur le carre rouge {ns}
DATA_ClaraG_tache02_11025_40.wav,c'est l' ouvrage sp en dessous du carre gris {ns}
DATA_Thomas_tache02_11025_47.wav,c'est cinquante sp sur le rond vert sp {ns}
DATA_Chloe_tache02_11025_10.wav,c'est l' argile sp a cote du triangle bleu {ns} sp
DATA_AnnaL_tache01_11025_32.wav,c'est le bouquin sur le triangle gris {ns}
DATA_AnnaL_tache01_11025_75.wav,c'est sp le cingle a cote du carre bleu sp {ns}
DATA_Thibault_tache02_11025_1.wav,sp c'est l' epoux sp sur le carre gris {ns} sp
DATA_Livia_tache02_11025_11.wav,c'est le divan sp en dessous sp du rond rouge {ns} sp
DATA_Nael_tache01_11025_183.wav,c'est le radeau en dessous du rond jaune sp {ns}
DATA_Clara_tache01_11025_22.wav,c'est le couvent sp a cote de l' etoile sp grise {ns}
DATA_Livia_tache01_11025_138.wav,c'est le degre a cote de l' etoile jaune {ns}
DATA_Melanie_tache02_11025_76.wav,sp c'est l' aveu en dessous du rond rouge sp {ns} sp
DATA_Livia_tache01_11025_29.wav,c'est le savon en dessous de l' etoile jaune sp {ns} sp
DATA_ClaraG_tache01_11025_12.wav,c'est les etats sp dans l' etoile bleue {ns} sp
DATA_Ariane_tache02_11025_138.wav,sp c'est le degre sp a cote de l' etoile sp jaune {ns}
DATA_Chloe_tache02_11025_145.wav,c'est l' etage au dessus du rond vert {ns} sp
DATA_Melanie_tache01_11025_201.wav,sp c'est le gala sp en dessous du cercle rouge {ns} sp
DATA_Thomas_tache01_11025_134.wav,sp c'est le blafard au dessus du carre bleu {ns} sp
DATA_ClaraG_tache01_11025_69.wav,c'est le beguin a cote du rond rouge {ns}
DATA_Thomas_tache01_11025_194.wav,c'est le diamant a cote du triangle rouge sp {ns} sp
DATA_ClaraG_tache02_11025_26.wav,c'est le tapage sp sur l' etoile verte {ns} sp
DATA_Melanie_tache02_11025_13.wav,c'est soudaine sur le carre rouge {ns} sp
DATA_AnnaL_tache02_11025_38.wav,c'est bavarde a cote de l' etoile jaune {ns} sp
DATA_Livia_tache01_11025_12.wav,c'est les etats sp sur l' etoile bleue {ns}
DATA_Clara_tache01_11025_16.wav,c'est le cartable sp en dessous du rond sp jaune {ns}
DATA_Ariane_tache02_11025_20.wav,c'est sp hideux sp a cote du rond sp jaune {ns} sp
DATA_Nael_tache01_11025_105.wav,c'est le frangin en dessous du rond sp bleu sp {ns}
DATA_Camille_tache01_11025_55.wav,sp c'est le tambour en dessous du carre rouge sp {ns} sp
DATA_Clara_tache01_11025_78.wav,c'est l' entente sp a cote du rond sp rouge {ns}
DATA_Lucie_tache01_11025_77.wav,sp c'est supreme sp au dessus du triangle rouge {ns}
DATA_Chloe_tache02_11025_174.wav,c'est l' insulte sur le triangle bleu {ns}
DATA_Melanie_tache01_11025_145.wav,sp c'est l' etage au dessus du cercle vert {ns} sp
DATA_Thomas_tache01_11025_78.wav,c'est l' entente a cote sp du sp rond rouge {ns} sp
DATA_Celine_tache01_11025_161.wav,sp c'est le coton sp a cote du carre rouge {ns} sp
DATA_Thomas_tache02_11025_6.wav,sp c'est le genou sur le rond gris {ns} sp
DATA_Thibault_tache02_11025_46.wav,sp c'est la ressource sp au dessus du carre gris sp {ns} sp
DATA_Ariane_tache02_11025_14.wav,c'est le secteur sp en dessous du rond sp gris sp {ns}
DATA_Chloe_tache01_11025_5.wav,c'est le hublot sp a cote de l' etoile verte {ns} sp
DATA_Emre_tache02_11025_133.wav,c'est le surplus sp sur le triangle bleu {ns} sp
DATA_Livia_tache02_11025_32.wav,c'est le bouquin sp sur le triangle gris {ns}
DATA_Lucie_tache01_11025_73.wav,sp c'est le montant sp au dessus de l' etoile grise {ns} sp
DATA_Livia_tache01_11025_134.wav,c'est le blafard au dessus du carre bleu sp {ns}
DATA_Lucie_tache02_11025_17.wav,c'est l' amas sp au dessus du triangle jaune {ns}
DATA_Clara_tache02_11025_79.wav,sp c'est le theme sp en dessous du carre rouge {ns}
DATA_Thomas_tache01_11025_98.wav,sp c'est le sp colis au dessus du rond sp bleu {ns} sp
DATA_Thibault_tache02_11025_58.wav,c'est le savant sp en dessous de l' etoile verte {ns} sp
DATA_Camille_tache02_11025_153.wav,sp c'est amen sp au dessus du carre bleu sp {ns} sp
DATA_Thomas_tache01_11025_180.wav,c'est sp la bonte sp sur le rond vert {ns} sp
DATA_Ariane_tache02_11025_170.wav,c'est certaine sp au dessus de l' etoile rouge {ns} sp
DATA_Celine_tache01_11025_142.wav,c'est la puree en dessous de l' etoile sp bleue sp {ns} sp
DATA_Lucie_tache02_11025_19.wav,c'est le plafond au dessus du rond sp gris {ns}
DATA_Celine_tache02_11025_82.wav,c'est la belle-mere a cote du rond vert {ns} sp
DATA_Clara_tache01_11025_190.wav,c'est le godet sp a cote sp du triangle gris {ns}
DATA_Thibault_tache01_11025_35.wav,c'est le climat sp sur le triangle rouge sp {ns}
DATA_Nael_tache01_11025_199.wav,sp c'est le refrain sp au dessus du carre gris {ns}
DATA_AnnaL_tache01_11025_16.wav,sp c'est le cartable en dessous du rond sp jaune {ns} sp
DATA_Livia_tache02_11025_66.wav,c'est le pate sp en dessous du triangle bleu {ns}
DATA_Clara_tache02_11025_184.wav,c'est l' auteur sur l' etoile rouge sp {ns}
DATA_ClaraG_tache02_11025_111.wav,c'est la danseuse a cote de l' etoile jaune {ns}
DATA_Nael_tache01_11025_193.wav,c'est le parrain au dessus du triangle rouge {ns}
DATA_Nael_tache01_11025_108.wav,sp c'est l' enjeu sur le triangle vert {ns}
DATA_Camille_tache01_11025_1.wav,c'est l' epoux sp sur le carre gris sp {ns}
DATA_Camille_tache02_11025_96.wav,c'est le precis sp sur le carre bleu sp {ns} sp
DATA_Lucie_tache01_11025_97.wav,sp c'est rugueux sp sur l' etoile sp bleue sp {ns}
DATA_Nael_tache02_11025_171.wav,sp c'est sp morveux en dessous de l' etoile grise {ns} sp
DATA_ClaraG_tache02_11025_20.wav,c'est sp hideux sp a cote du rond jaune {ns} sp
DATA_Livia_tache02_11025_159.wav,c'est le fardeau sur l' etoile bleue {ns}
DATA_Melanie_tache02_11025_178.wav,c'est l' antenne sur l' etoile grise sp {ns}
DATA_Clara_tache01_11025_146.wav,c'est le cil sp a cote de l' etoile rouge {ns}
DATA_Thibault_tache01_11025_9.wav,c'est le corbeau sp au dessus de l' etoile rouge sp {ns} sp
DATA_Nael_tache02_11025_69.wav,c'est le beguin a cote du rond rouge sp {ns}
DATA_Melanie_tache01_11025_38.wav,sp c'est bavarde a cote de l' etoile jaune sp {ns} sp
DATA_Camille_tache02_11025_205.wav,sp c'est le gouter sp en dessous du carre bleu {ns} sp
DATA_AnnaL_tache02_11025_88.wav,c'est la cire sp en dessous du carre jaune {ns}
DATA_Thomas_tache01_11025_32.wav,sp c'est le bouquin sp sur le triangle gris {ns}
DATA_Thibault_tache01_11025_10.wav,c'est l' argile a cote du triangle bleu {ns} sp
DATA_Livia_tache02_11025_19.wav,sp c'est le plafond au dessus sp du rond sp gris {ns}
DATA_Celine_tache01_11025_66.wav,c'est le pate en dessous du triangle bleu sp {ns}
DATA_Chloe_tache01_11025_116.wav,c'est l' allure sp sur l' etoile grise {ns}
DATA_ClaraG_tache01_11025_68.wav,c'est le business a cote du carre bleu sp {ns}
DATA_Camille_tache01_11025_58.wav,sp c'est le savant sp en dessous de l' etoile verte {ns} sp
DATA_ClaraG_tache02_11025_168.wav,c'est la soucoupe sur l' etoile jaune {ns} sp
DATA_Celine_tache01_11025_160.wav,sp c'est ainsi sp sur le carre bleu sp {ns} sp
DATA_Thomas_tache01_11025_139.wav,c'est l' egout sur le triangle rouge {ns} sp
DATA_AnnaL_tache01_11025_173.wav,sp c'est le placard en dessous du carre rouge sp {ns} sp
DATA_Lucie_tache01_11025_112.wav,sp c'est le pave sp au dessus sp du rond gris sp {ns}
DATA_Emre_tache02_11025_24.wav,c'est le bouchon sp sur le triangle jaune {ns}
DATA_Melanie_tache02_11025_75.wav,sp c'est le cingle a cote du carre bleu sp {ns}
DATA_Livia_tache02_11025_22.wav,c'est le couvent a cote de l' etoile grise {ns}
DATA_Nael_tache01_11025_104.wav,sp c'est la blessure a sp cote du carre gris sp {ns}
DATA_Livia_tache01_11025_129.wav,c'est le satin sur l' etoile rouge {ns} sp
DATA_Ariane_tache01_11025_110.wav,sp c'est sp avare sp a cote sp du carre sp jaune {ns} sp
DATA_Thibault_tache01_11025_140.wav,c'est le pasteur sp en dessous du triangle bleu sp {ns}
DATA_Chloe_tache02_11025_152.wav,sp c'est le cigare au dessus du rond jaune {ns}
DATA_Thibault_tache02_11025_171.wav,c'est morveux sp en dessous de l' etoile grise {ns} sp
DATA_Celine_tache02_11025_185.wav,sp c'est l' egard en dessous du triangle rouge {ns}
DATA_Lucie_tache02_11025_43.wav,c'est le poussin sp en dessous du triangle jaune {ns}
DATA_Celine_tache02_11025_31.wav,sp c'est l' etude sp sur l' etoile rouge sp {ns} sp
DATA_Melanie_tache01_11025_4.wav,sp c'est le ruisseau a cote du triangle rouge {ns} sp
DATA_Camille_tache01_11025_116.wav,c'est l' allure sp sur l' etoile sp grise sp {ns}
DATA_Ariane_tache01_11025_180.wav,c'est la bonte sp sur le rond sp vert {ns} sp
DATA_Emre_tache01_11025_31.wav,c'est l' etude sp sur l' etoile rouge {ns} sp
DATA_AnnaL_tache01_11025_41.wav,c'est jeudi en dessous du triangle rouge {ns} sp
DATA_Thomas_tache01_11025_203.wav,c'est la revue en dessous du triangle gris {ns} sp
DATA_Clara_tache01_11025_45.wav,c'est le meurtre sp en dessous sp de l' etoile bleue sp {ns}
DATA_Celine_tache01_11025_47.wav,c'est cinquante sur le rond vert {ns} sp
DATA_Melanie_tache02_11025_51.wav,sp c'est le micro a cote du rond gris {ns}
DATA_Thomas_tache02_11025_180.wav,c'est la bonte sur le rond vert sp {ns}
DATA_ClaraG_tache02_11025_109.wav,c'est la detresse sp en dessous du carre bleu {ns}
DATA_Thibault_tache02_11025_161.wav,c'est le coton sp a cote du carre rouge {ns} sp
DATA_Camille_tache02_11025_200.wav,sp c'est le campus sp au dessus du triangle jaune {ns} sp
DATA_ClaraG_tache02_11025_100.wav,c'est le soda sp au dessus du triangle sp jaune {ns}
DATA_Livia_tache01_11025_25.wav,c'est l' atout sur l' etoile jaune {ns} sp
DATA_Chloe_tache01_11025_47.wav,c'est cinquante sur le rond vert {ns} sp
DATA_Livia_tache01_11025_146.wav,sp c'est le cil sp a cote de l' etoile rouge {ns} sp
DATA_Ariane_tache01_11025_40.wav,sp c'est sp l' ouvrage sp en dessous sp du carre sp gris {ns}
DATA_Lucie_tache02_11025_40.wav,c'est l' ouvrage sp en dessous du carre gris {ns} sp
DATA_Chloe_tache02_11025_71.wav,sp c'est le metteur sp sur le carre jaune {ns} sp
DATA_Camille_tache01_11025_3.wav,sp c'est le blaspheme sur le triangle bleu {ns} sp
DATA_Livia_tache01_11025_94.wav,c'est le marquis a cote de l' etoile verte sp {ns} sp
DATA_Clara_tache02_11025_9.wav,sp c'est le corbeau sp au dessus de l' etoile rouge {ns}
DATA_Ariane_tache01_11025_24.wav,c'est le bouchon sp sur le triangle jaune {ns} sp
DATA_Livia_tache02_11025_85.wav,c'est le sceau sur le rond gris {ns}
DATA_Chloe_tache01_11025_85.wav,c'est le sceau sp sur le rond gris sp {ns} sp
DATA_Lucie_tache01_11025_189.wav,c'est le courroux sp a cote de l' etoile bleue sp {ns} sp
DATA_Thibault_tache01_11025_47.wav,c'est cinquante sur le rond vert {ns} sp
DATA_Nael_tache01_11025_151.wav,sp c'est le batard au dessus du carre vert {ns}
DATA_Emre_tache02_11025_12.wav,c'est les etats sp sur l' etoile bleue sp {ns}
DATA_Celine_tache02_11025_65.wav,c'est le semestre au dessus du triangle rouge sp {ns} sp
DATA_ClaraG_tache01_11025_84.wav,c'est le bouton a cote de l' etoile bleue {ns} sp
DATA_Ariane_tache02_11025_120.wav,c'est le whiskey sp en dessous du rond sp gris {ns}
DATA_Thomas_tache02_11025_105.wav,c'est le frangin en dessous du rond bleu {ns} sp
DATA_Camille_tache01_11025_47.wav,sp c'est cinquante sur le rond vert {ns} sp
DATA_Thibault_tache02_11025_11.wav,c'est le divan sp en dessous du rond rouge {ns} sp
DATA_Livia_tache01_11025_27.wav,c'est le tombeau a cote du sp carre jaune {ns} sp
DATA_Chloe_tache01_11025_138.wav,c'est le degre sp a cote de l' etoile jaune {ns} sp
DATA_ClaraG_tache01_11025_93.wav,c'est l' intrus sp au dessus du rond jaune {ns} sp
DATA_Lucie_tache01_11025_29.wav,sp c'est le savon sp en dessous de l' etoile jaune sp {ns}
DATA_Thibault_tache02_11025_102.wav,c'est l' etang sp au dessus de l' etoile bleue {ns} sp
DATA_Emre_tache01_11025_72.wav,sp c'est le bazar au dessus de l' etoile verte sp {ns}
DATA_AnnaL_tache01_11025_54.wav,c'est la paresse en dessous du carre jaune {ns} sp
DATA_ClaraG_tache02_11025_135.wav,c'est le choeur sp au dessus du triangle vert {ns}
DATA_Melanie_tache01_11025_36.wav,sp c'est moelleux a cote de l' etoile bleue {ns} sp
DATA_Livia_tache02_11025_95.wav,c'est la sirene a cote du triangle bleu {ns}
DATA_Camille_tache02_11025_157.wav,c'est le dilemme sp en dessous de l' etoile verte sp {ns} sp
DATA_Livia_tache01_11025_6.wav,sp c'est le genou sp sur le rond gris {ns} sp
DATA_ClaraG_tache02_11025_157.wav,sp c'est le dilemme en dessous de l' etoile verte {ns}
DATA_Nael_tache02_11025_58.wav,sp c'est le savant en dessous de l' etoile verte {ns}
DATA_AnnaL_tache02_11025_174.wav,c'est l' insulte sp sur le triangle bleu {ns} sp
DATA_Camille_tache01_11025_199.wav,sp c'est le refrain sp au dessus du carre gris {ns} sp
DATA_Thibault_tache02_11025_3.wav,sp c'est le blaspheme sp sur le triangle bleu {ns} sp
DATA_Thibault_tache02_11025_54.wav,c'est la paresse sp en dessous du carre jaune {ns} sp
DATA_Emre_tache02_11025_121.wav,c'est le delta en dessous du triangle gris {ns}
DATA_Emre_tache01_11025_17.wav,sp c'est l' amas sp au dessus du triangle jaune {ns} sp
DATA_Thibault_tache02_11025_175.wav,c'est le ruban sp a cote du rond gris sp {ns}
DATA_Melanie_tache01_11025_52.wav,c'est la censure en dessous de l' etoile grise {ns} sp
DATA_Emre_tache02_11025_10.wav,c'est l' argile a cote du triangle bleu {ns} sp
DATA_Thomas_tache02_11025_22.wav,c'est le couvent a cote de l' etoile grise sp {ns} sp
DATA_Camille_tache01_11025_24.wav,c'est le bouchon sp sur le triangle jaune sp {ns}
DATA_ClaraG_tache02_11025_189.wav,c'est le courroux a cote de l' etoile bleue {ns}
DATA_Nael_tache01_11025_142.wav,sp c'est la puree en dessous de l' etoile bleue {ns} sp
DATA_Thibault_tache01_11025_126.wav,c'est l' otage sp en dessous sp de l' etoile verte {ns}
DATA_Thomas_tache02_11025_126.wav,sp c'est l' otage en dessous de l' etoile verte {ns} sp
DATA_Chloe_tache01_11025_151.wav,sp c'est le batard au dessus du carre vert {ns} sp
DATA_Thomas_tache01_11025_166.wav,c'est le format sp en dessous du rond gris {ns}
DATA_Lucie_tache01_11025_48.wav,sp c'est le sud sp a cote du rond bleu sp {ns}
DATA_Emre_tache02_11025_76.wav,c'est l' aveu en dessous du rond rouge {ns}
DATA_Livia_tache02_11025_61.wav,sp c'est le debit sp sur le rond bleu {ns}
DATA_Lucie_tache02_11025_187.wav,sp c'est le bonnet sp en dessous du carre gris sp {ns} sp
DATA_Camille_tache01_11025_63.wav,sp c'est la villa sp au dessus de l' etoile jaune {ns}
DATA_Livia_tache02_11025_203.wav,c'est la revue sp en dessous sp du triangle gris {ns}
DATA_Lucie_tache02_11025_172.wav,sp c'est l' ivresse en dessous du carre jaune sp {ns}
DATA_Emre_tache01_11025_126.wav,c'est l' otage en dessous de l' etoile verte {ns}
DATA_Thomas_tache01_11025_5.wav,c'est le sp hublot a cote de l' etoile verte {ns}
DATA_Camille_tache01_11025_6.wav,sp c'est le genou sp sur le rond gris {ns} sp
DATA_Livia_tache02_11025_69.wav,c'est le beguin a cote du rond rouge {ns} sp
DATA_Emre_tache02_11025_127.wav,c'est le buisson sp au dessus du triangle gris {ns}
DATA_Thibault_tache02_11025_188.wav,c'est hagard sur le carre jaune {ns} sp
DATA_Emre_tache02_11025_178.wav,c'est l' antenne sp sur l' etoile grise {ns}
DATA_Melanie_tache01_11025_102.wav,sp c'est l' etang au dessus de l' etoile bleue sp {ns} sp
DATA_Thibault_tache01_11025_150.wav,c'est issu sp au dessus du carre jaune {ns} sp
DATA_Melanie_tache02_11025_140.wav,c'est le pasteur en dessous du triangle bleu sp {ns} sp
DATA_Emre_tache02_11025_105.wav,sp c'est le frangin sp en dessous du rond bleu {ns}
DATA_Nael_tache01_11025_137.wav,c'est le recours a cote du carre vert {ns}
DATA_Celine_tache02_11025_119.wav,sp c'est l' haleine sur le triangle gris {ns} sp
DATA_Celine_tache01_11025_63.wav,c'est la villa sp au dessus de l' etoile jaune {ns} sp
DATA_AnnaL_tache02_11025_152.wav,sp c'est le cigare au dessus du rond jaune {ns} sp
DATA_Clara_tache02_11025_174.wav,c'est l' insulte sur le triangle bleu {ns}
DATA_Melanie_tache02_11025_88.wav,c'est la cire en dessous du carre jaune {ns}
DATA_Clara_tache02_11025_123.wav,c'est l' assaut sur l' etoile verte {ns}
DATA_Camille_tache01_11025_198.wav,sp c'est amer sp au dessus de l' etoile jaune sp {ns} sp
DATA_Lucie_tache02_11025_180.wav,c'est la bonte sp sur le sp rond sp vert {ns} sp
DATA_Thomas_tache01_11025_35.wav,c'est le climat sur le triangle rouge {ns} sp
DATA_ClaraG_tache02_11025_45.wav,c'est le meurtre sp en dessous de l' etoile bleue sp {ns}
DATA_ClaraG_tache01_11025_3.wav,c'est le blaspheme sp dans le triangle bleu {ns} sp
DATA_Livia_tache02_11025_107.wav,c'est relax a cote du triangle rouge {ns}
DATA_AnnaL_tache02_11025_136.wav,c'est la poupee sur le carre vert {ns}
DATA_Celine_tache02_11025_58.wav,c'est le savant sp en dessous de l' etoile verte {ns} sp
DATA_Chloe_tache01_11025_205.wav,sp c'est le gouter en dessous du carre bleu sp {ns}
DATA_Thomas_tache02_11025_190.wav,c'est le godet a cote du triangle gris sp {ns}
DATA_Livia_tache02_11025_60.wav,c'est le sommet sp a cote du sp carre vert {ns} sp
DATA_Camille_tache01_11025_192.wav,sp c'est sp haineux sp au dessus du carre rouge {ns} sp
DATA_Emre_tache01_11025_75.wav,c'est le cingle a cote du sp carre bleu sp {ns}
DATA_AnnaL_tache02_11025_156.wav,c'est le sultan sp a cote du rond bleu sp {ns}
DATA_Ariane_tache02_11025_148.wav,sp c'est le donjon sp a cote du triangle sp jaune {ns}
DATA_Livia_tache02_11025_162.wav,sp c'est le soupcon au dessus du rond rouge {ns}
DATA_Chloe_tache02_11025_158.wav,c'est l' orage en dessous du rond vert {ns} sp
DATA_Lucie_tache01_11025_89.wav,sp c'est le cadet sp sur sp le carre rouge {ns}
DATA_Camille_tache02_11025_29.wav,c'est le savon sp en dessous de l' etoile jaune {ns} sp
DATA_Thomas_tache01_11025_89.wav,sp c'est le cadet sp sur le carre rouge {ns} sp
DATA_Melanie_tache01_11025_97.wav,c'est rugueux sur l' etoile bleue sp {ns}
DATA_Clara_tache02_11025_127.wav,c'est le buisson sp au dessus du triangle gris {ns} sp
DATA_Clara_tache01_11025_32.wav,c'est le bouquin sp sur sp le triangle gris {ns}
DATA_Nael_tache02_11025_40.wav,sp c'est l' ouvrage en dessous du carre gris {ns}
DATA_Chloe_tache01_11025_41.wav,c'est sp jeudi sp en dessous du triangle rouge {ns} sp
DATA_ClaraG_tache02_11025_57.wav,c'est la fontaine sp sur le carre vert {ns} sp
DATA_ClaraG_tache02_11025_146.wav,c'est le cil a cote de l' etoile rouge sp {ns}
DATA_Clara_tache02_11025_53.wav,c'est l' arete sp au dessus du triangle vert {ns}
DATA_Lucie_tache01_11025_84.wav,c'est le bouton sp a cote de l' etoile bleue {ns} sp
DATA_Chloe_tache02_11025_162.wav,c'est le soupcon au dessus du rond rouge sp {ns} sp
DATA_Ariane_tache01_11025_97.wav,sp c'est sp rugueux sp sur l' etoile sp bleue {ns} sp
DATA_Emre_tache02_11025_145.wav,c'est l' etage au dessus du rond vert {ns} sp
DATA_ClaraG_tache02_11025_11.wav,c'est le divan sp en dessous du rond rouge {ns}
DATA_Clara_tache01_11025_165.wav,c'est l' arene sp a cote de l' etoile sp verte {ns} sp
DATA_AnnaL_tache01_11025_134.wav,c'est le blafard au dessus du carre bleu {ns} sp
DATA_Chloe_tache02_11025_147.wav,sp c'est le visa en dessous de l' etoile jaune {ns}
DATA_Chloe_tache01_11025_107.wav,c'est relax a cote du triangle rouge {ns} sp
DATA_Emre_tache02_11025_20.wav,sp c'est hideux a cote du rond jaune {ns}
DATA_AnnaL_tache02_11025_147.wav,c'est le visa sp en sp dessous de l' etoile jaune {ns} sp
DATA_ClaraG_tache02_11025_76.wav,c'est l' aveu en dessous du rond rouge {ns} sp
DATA_Camille_tache01_11025_123.wav,sp c'est l' assaut sp sur l' etoile verte {ns} sp
DATA_Clara_tache02_11025_56.wav,c'est la monnaie a cote du rond sp vert {ns}
DATA_Melanie_tache01_11025_193.wav,c'est le parrain au dessus du triangle rouge {ns}
DATA_Nael_tache02_11025_50.wav,c'est le talon en dessous sp du triangle vert {ns}
DATA_Livia_tache01_11025_152.wav,c'est le cigare au dessus du rond jaune {ns} sp
DATA_Celine_tache01_11025_101.wav,sp c'est la grimace sp en dessous du carre gris sp {ns} sp
DATA_Camille_tache02_11025_191.wav,sp c'est les patins sp en dessous du carre vert {ns}
DATA_Nael_tache02_11025_116.wav,sp c'est l' allure sur l' etoile grise {ns} sp
DATA_Chloe_tache02_11025_24.wav,c'est le bouchon sp sur le triangle jaune {ns} sp
DATA_Ariane_tache01_11025_48.wav,sp c'est sp le sud sp a cote sp du rond sp bleu {ns} sp
DATA_Camille_tache01_11025_175.wav,c'est le ruban sp a cote du rond gris {ns}
DATA_Clara_tache01_11025_53.wav,c'est sp l' arete sp au dessus du triangle vert {ns}
DATA_Ariane_tache01_11025_166.wav,sp c'est sp le format sp en dessous du rond sp gris {ns} sp
DATA_ClaraG_tache01_11025_6.wav,c'est le genou sp dans le rond gris {ns}
DATA_Celine_tache01_11025_180.wav,sp c'est la bonte sur le rond vert {ns} sp
DATA_Livia_tache01_11025_61.wav,c'est le debit sur le rond bleu {ns} sp
DATA_Clara_tache01_11025_185.wav,c'est l' egard en dessous du triangle rouge {ns}
DATA_AnnaL_tache01_11025_105.wav,c'est le frangin sp en sp dessous du rond bleu {ns} sp
DATA_ClaraG_tache02_11025_153.wav,c'est amen au dessus du carre bleu sp {ns}
DATA_Nael_tache02_11025_45.wav,sp c'est le meurtre en dessous de l' etoile bleue sp {ns}
DATA_Thibault_tache01_11025_136.wav,c'est la poupee sp sur sp le carre vert {ns} sp
DATA_Melanie_tache01_11025_119.wav,c'est l' haleine sur le triangle gris sp {ns} sp
DATA_Thibault_tache01_11025_25.wav,c'est l' atout sp sur l' etoile jaune sp {ns} sp
DATA_Celine_tache02_11025_112.wav,sp c'est le pave sp au dessus du rond gris sp {ns}
DATA_Camille_tache02_11025_73.wav,sp c'est le montant au dessus de l' etoile sp grise {ns} sp
DATA_ClaraG_tache02_11025_69.wav,c'est le beguin a cote du rond rouge {ns}
DATA_Clara_tache01_11025_84.wav,c'est le bouton sp a cote de l' etoile sp bleue sp {ns}
DATA_Chloe_tache01_11025_71.wav,c'est sp le metteur sp sur le carre jaune sp {ns}
DATA_Clara_tache02_11025_154.wav,c'est la guitare sp a cote du carre sp bleu sp {ns}
DATA_Ariane_tache02_11025_57.wav,c'est sp la fontaine sp sur le carre sp vert {ns}
DATA_ClaraG_tache02_11025_116.wav,c'est l' allure sur l' etoile sp grise sp {ns}
DATA_Camille_tache01_11025_87.wav,sp c'est le recu sp sur le triangle rouge {ns} sp
DATA_Livia_tache02_11025_71.wav,c'est le metteur sur le carre jaune {ns} sp
DATA_Thomas_tache01_11025_39.wav,c'est douteux au dessus du rond vert {ns} sp
DATA_Chloe_tache02_11025_46.wav,c'est la ressource au dessus du carre gris {ns}
DATA_Celine_tache01_11025_141.wav,sp c'est laiteuse sp au dessus du rond gris sp {ns} sp
DATA_Chloe_tache01_11025_43.wav,c'est le poussin sp en dessous sp du triangle jaune sp {ns} sp
DATA_Thibault_tache01_11025_148.wav,c'est le donjon sp a cote sp du triangle jaune sp {ns} sp
DATA_Ariane_tache01_11025_131.wav,sp c'est la philo sp en dessous du triangle rouge {ns} sp
DATA_Camille_tache01_11025_153.wav,sp c'est amen sp au dessus du carre bleu sp {ns}
DATA_Thibault_tache01_11025_92.wav,c'est le talus sp a cote sp du rond jaune sp {ns} sp
DATA_Clara_tache02_11025_155.wav,sp c'est l' horreur sur le rond rouge {ns}
DATA_Ariane_tache02_11025_64.wav,c'est la capsule sp au dessus du carre sp rouge {ns} sp
DATA_Clara_tache01_11025_87.wav,c'est sp le recu sp sur le triangle rouge {ns}
DATA_Thomas_tache02_11025_133.wav,sp c'est le surplus sur le triangle sp bleu {ns} sp
DATA_Chloe_tache01_11025_198.wav,c'est amer sp au dessus de l' etoile jaune sp {ns}
DATA_ClaraG_tache01_11025_168.wav,c'est la soucoupe sur l' etoile jaune sp {ns} sp
DATA_Thomas_tache02_11025_195.wav,sp c'est le menteur a cote du rond sp vert {ns} sp
DATA_Lucie_tache02_11025_107.wav,c'est relax sp a cote sp du triangle rouge {ns} sp
DATA_ClaraG_tache02_11025_66.wav,c'est le pate sp en dessous du triangle bleu {ns} sp
DATA_Thomas_tache02_11025_159.wav,c'est le fardeau sur l' etoile bleue sp {ns} sp
DATA_Thibault_tache02_11025_160.wav,c'est ainsi sp sur le carre bleu sp {ns} sp
DATA_Camille_tache01_11025_156.wav,sp c'est le sultan sp a cote du rond bleu sp {ns}
DATA_Livia_tache01_11025_24.wav,sp c'est le bouchon sp sur sp le triangle jaune {ns} sp
DATA_Camille_tache02_11025_159.wav,c'est le fardeau sp sur l' etoile bleue sp {ns}
DATA_Melanie_tache01_11025_142.wav,sp c'est la puree en dessous de l' etoile bleue sp {ns}
DATA_Lucie_tache01_11025_25.wav,sp c'est l' atout sp sur l' etoile jaune sp {ns}
DATA_Ariane_tache01_11025_23.wav,c'est le trophee sur le triangle vert {ns}
DATA_Nael_tache01_11025_30.wav,sp c'est le cachet au dessus du carre jaune {ns}
DATA_ClaraG_tache02_11025_8.wav,c'est le vaccin sp sur le rond jaune {ns}
DATA_Nael_tache01_11025_42.wav,sp c'est l' harem sp en dessous de l' etoile rouge {ns}
DATA_Thomas_tache02_11025_13.wav,sp c'est soudaine sp sur le carre rouge {ns} sp
DATA_Thomas_tache02_11025_161.wav,c'est le coton a cote du carre rouge sp {ns} sp
DATA_Nael_tache01_11025_83.wav,c'est decu sp a cote de l' etoile grise {ns} sp
DATA_ClaraG_tache02_11025_130.wav,sp c'est le marteau au dessus de l' etoile jaune {ns}
DATA_Chloe_tache01_11025_178.wav,sp c'est l' antenne sur l' etoile grise sp {ns}
DATA_Ariane_tache01_11025_95.wav,sp c'est la sirene sp a cote sp du triangle sp bleu {ns} sp
DATA_Ariane_tache01_11025_59.wav,c'est le beurre sp en dessous sp du carre sp bleu sp {ns} sp
DATA_Livia_tache01_11025_87.wav,sp c'est le recu sur le triangle rouge {ns} sp
DATA_Lucie_tache02_11025_141.wav,c'est laiteuse sp au dessus du rond gris {ns} sp
DATA_AnnaL_tache02_11025_39.wav,c'est douteux sp au dessus du rond vert {ns}
DATA_Lucie_tache02_11025_106.wav,c'est la servante sp a cote du triangle vert {ns} sp
DATA_Lucie_tache02_11025_88.wav,sp c'est la cire en dessous du sp carre jaune {ns} sp
DATA_Ariane_tache01_11025_120.wav,sp c'est sp le whiskey sp en dessous sp du rond sp gris {ns} sp
DATA_Chloe_tache02_11025_151.wav,c'est le batard au dessus du carre vert {ns}
DATA_AnnaL_tache01_11025_187.wav,c'est le bonnet sp en dessous du carre gris {ns}
DATA_Emre_tache01_11025_135.wav,sp c'est le choeur sp au dessus du triangle vert {ns}
DATA_Emre_tache02_11025_124.wav,sp c'est le chene sp a cote du triangle jaune {ns}
DATA_ClaraG_tache01_11025_116.wav,c'est l' allure sur l' etoile sp grise sp {ns} sp
DATA_Celine_tache02_11025_191.wav,c'est les patins sp en dessous du carre vert {ns} sp
DATA_Melanie_tache01_11025_174.wav,sp c'est l' insulte sur le triangle bleu sp {ns}
DATA_Lucie_tache01_11025_36.wav,sp c'est moelleux a cote sp de l' etoile bleue {ns} sp
DATA_Thomas_tache01_11025_2.wav,c'est le karma sp sur l' etoile grise sp {ns}
DATA_Emre_tache01_11025_76.wav,c'est l' aveu sp en dessous sp du rond sp rouge {ns} sp
DATA_Celine_tache02_11025_173.wav,sp c'est le placard en dessous du carre rouge sp {ns} sp
DATA_Camille_tache01_11025_45.wav,sp c'est le meurtre sp en dessous de l' etoile bleue {ns} sp
DATA_Thomas_tache02_11025_80.wav,c'est sure sp au dessus du carre rouge sp {ns} sp
DATA_Ariane_tache01_11025_205.wav,sp c'est sp le gouter sp en dessous du carre sp bleu sp {ns} sp
DATA_AnnaL_tache01_11025_73.wav,sp c'est sp le montant au dessus de l' etoile grise {ns} sp
DATA_Clara_tache01_11025_108.wav,c'est l' enjeu sp sur le triangle vert {ns}
DATA_Melanie_tache02_11025_114.wav,sp c'est frileux a cote de l' etoile rouge {ns}
DATA_Livia_tache01_11025_116.wav,c'est l' allure sp sur l' etoile grise {ns} sp
DATA_Nael_tache02_11025_96.wav,c'est le precis sur le carre bleu {ns}
DATA_Ariane_tache01_11025_60.wav,c'est le sommet sp a cote sp du carre sp vert {ns} sp
DATA_Livia_tache01_11025_130.wav,sp c'est le marteau au dessus de l' etoile sp jaune {ns} sp
DATA_Ariane_tache01_11025_79.wav,sp c'est sp le sp theme sp en dessous sp du carre sp rouge sp {ns}
DATA_Nael_tache02_11025_139.wav,c'est l' egout sur le triangle rouge sp {ns}
DATA_Emre_tache02_11025_25.wav,c'est l' atout sur l' etoile jaune {ns} sp
DATA_ClaraG_tache02_11025_21.wav,c'est la sp clarte sp en dessous du rond vert {ns} sp
DATA_Thomas_tache01_11025_15.wav,sp c'est l' ecart a cote du carre rouge {ns} sp
DATA_Melanie_tache01_11025_134.wav,sp c'est le blafard au dessus du carre bleu sp {ns}
DATA_Livia_tache01_11025_165.wav,c'est l' arene a cote de l' etoile verte sp {ns}
DATA_ClaraG_tache01_11025_57.wav,c'est la fontaine sur le carre vert {ns}
DATA_Nael_tache01_11025_89.wav,c'est sp le cadet sur le carre rouge {ns}
DATA_Clara_tache01_11025_128.wav,c'est le vernis sp en dessous de l' etoile grise {ns}
DATA_Thibault_tache01_11025_155.wav,c'est l' horreur sp sur le rond rouge {ns} sp
DATA_AnnaL_tache02_11025_75.wav,c'est le cingle sp a cote du carre bleu sp {ns}
DATA_Camille_tache01_11025_128.wav,c'est le vernis en dessous de l' etoile sp grise {ns} sp
DATA_Chloe_tache02_11025_130.wav,c'est le marteau au dessus de l' etoile jaune {ns} sp
DATA_AnnaL_tache02_11025_63.wav,c'est la villa sp au dessus de l' etoile jaune sp {ns} sp
DATA_Thibault_tache02_11025_44.wav,c'est la bougie sp au dessus du triangle gris {ns} sp
DATA_Lucie_tache02_11025_191.wav,c'est les patins sp en dessous du carre vert {ns}
DATA_Thomas_tache02_11025_175.wav,c'est le ruban a cote du rond gris {ns}
DATA_Camille_tache02_11025_171.wav,sp c'est morveux sp en dessous de l' etoile sp grise sp {ns} sp
DATA_Livia_tache01_11025_153.wav,c'est amen sp au dessus du carre sp bleu {ns} sp
DATA_ClaraG_tache02_11025_195.wav,c'est le menteur a cote du rond vert {ns}
DATA_Nael_tache02_11025_135.wav,c'est le choeur au dessus du triangle vert sp {ns}
DATA_Celine_tache01_11025_195.wav,sp c'est le menteur a cote du rond vert {ns}
DATA_ClaraG_tache01_11025_4.wav,c'est le ruisseau sp a cote du triangle rouge {ns} sp
DATA_Thibault_tache02_11025_40.wav,sp c'est l' ouvrage en dessous du carre gris {ns} sp
DATA_Thibault_tache02_11025_140.wav,c'est le pasteur sp en dessous sp du triangle bleu {ns} sp
DATA_Lucie_tache02_11025_203.wav,c'est la revue sp en dessous du triangle sp gris sp {ns}
DATA_ClaraG_tache01_11025_91.wav,sp c'est le marais au dessus du carre jaune sp {ns}
DATA_Lucie_tache01_11025_20.wav,c'est sp hideux sp a cote sp du rond jaune sp {ns} sp
DATA_Thomas_tache02_11025_120.wav,c'est le whiskey sp en dessous du rond gris {ns} sp
DATA_Camille_tache02_11025_46.wav,sp c'est la ressource sp au dessus du carre gris {ns} sp
DATA_Livia_tache01_11025_176.wav,sp c'est la paleur sur le triangle jaune {ns} sp
DATA_Melanie_tache01_11025_18.wav,sp c'est le citron au dessus du triangle bleu sp {ns} sp
DATA_Celine_tache01_11025_88.wav,sp c'est la cire en dessous du carre jaune sp {ns} sp
DATA_Clara_tache02_11025_118.wav,c'est l' etape sp au dessus du carre sp gris {ns}
DATA_Emre_tache01_11025_71.wav,c'est le metteur sur le carre jaune {ns}
DATA_Thomas_tache01_11025_196.wav,sp c'est le fromage a cote du carre jaune {ns} sp
DATA_Nael_tache02_11025_138.wav,c'est le degre sp a cote de l' etoile sp jaune sp {ns}
DATA_Celine_tache02_11025_125.wav,sp c'est l' arnaque en dessous de l' etoile rouge {ns} sp
DATA_Camille_tache01_11025_148.wav,sp c'est le donjon sp a cote du triangle jaune {ns} sp
DATA_ClaraG_tache02_11025_137.wav,c'est le recours a cote du carre vert {ns}
DATA_Clara_tache01_11025_8.wav,c'est sp le vaccin sp sur le rond sp jaune sp {ns}
DATA_Livia_tache02_11025_183.wav,c'est le radeau en dessous sp du rond jaune {ns} sp
DATA_Thibault_tache01_11025_141.wav,sp c'est laiteuse sp au dessus sp du rond gris {ns} sp
DATA_Celine_tache01_11025_118.wav,sp c'est l' etape au dessus du carre gris sp {ns} sp
DATA_Melanie_tache02_11025_78.wav,sp c'est l' entente a cote du rond rouge {ns} sp
DATA_Camille_tache01_11025_117.wav,sp c'est le radis au dessus du rond rouge sp {ns} sp
DATA_Lucie_tache02_11025_189.wav,sp c'est le courroux a cote de l' etoile bleue {ns} sp
DATA_Ariane_tache01_11025_69.wav,sp c'est sp le beguin sp a cote sp du rond sp rouge sp {ns} sp
DATA_AnnaL_tache01_11025_99.wav,sp c'est la charrue sp sur le triangle jaune {ns} sp
DATA_Chloe_tache01_11025_10.wav,sp c'est l' argile sp a cote du triangle bleu {ns} sp
DATA_Chloe_tache02_11025_67.wav,c'est absurde au dessus du rond rouge {ns} sp
DATA_Camille_tache01_11025_176.wav,sp c'est la paleur sp sur le triangle jaune {ns} sp
DATA_Ariane_tache02_11025_113.wav,c'est la moto sp en dessous sp de l' etoile sp bleue {ns} sp
DATA_Lucie_tache02_11025_30.wav,c'est le cachet sp au dessus sp du carre jaune {ns}
DATA_Chloe_tache02_11025_30.wav,c'est le cachet au dessus du carre sp jaune sp {ns} sp
DATA_AnnaL_tache01_11025_60.wav,c'est le sommet sp a cote du carre vert {ns}
DATA_Melanie_tache01_11025_11.wav,sp c'est le divan en dessous du cercle rouge {ns}
DATA_Lucie_tache02_11025_109.wav,c'est la detresse en dessous du carre bleu sp {ns} sp
DATA_Thibault_tache02_11025_128.wav,sp c'est le vernis sp en dessous de l' etoile grise sp {ns}
DATA_Melanie_tache01_11025_200.wav,c'est le campus au dessus du triangle jaune {ns} sp
DATA_Ariane_tache02_11025_100.wav,c'est le soda sp au dessus du triangle sp jaune {ns}
DATA_Camille_tache01_11025_149.wav,c'est la flanelle sp au dessus du rond bleu {ns} sp
DATA_Celine_tache01_11025_96.wav,sp c'est le precis sur le carre bleu sp {ns} sp
DATA_Emre_tache01_11025_192.wav,c'est sp haineux au dessus du carre rouge {ns} sp
DATA_Lucie_tache01_11025_57.wav,sp c'est la fontaine sp sur le carre vert {ns} sp
DATA_Ariane_tache01_11025_38.wav,c'est sp bavarde sp a cote de l' etoile sp jaune {ns}
DATA_Nael_tache01_11025_127.wav,c'est le buisson au dessus du triangle gris {ns}
DATA_Thibault_tache02_11025_18.wav,c'est le citron sp au dessus du triangle bleu {ns} sp
DATA_Nael_tache02_11025_203.wav,sp c'est la revue en dessous du triangle gris {ns} sp
DATA_Melanie_tache01_11025_65.wav,c'est le semestre au dessus du triangle rouge {ns}
DATA_Livia_tache01_11025_72.wav,c'est le bazar au dessus de l' etoile verte sp {ns} sp
DATA_Emre_tache02_11025_46.wav,c'est la ressource au dessus du carre gris {ns} sp
DATA_Nael_tache01_11025_66.wav,c'est le pate en dessous du triangle bleu sp {ns}
DATA_Clara_tache02_11025_87.wav,sp c'est le recu sur le triangle rouge {ns}
DATA_Chloe_tache02_11025_113.wav,sp c'est la moto en dessous de l' etoile bleue sp {ns}
DATA_Clara_tache01_11025_94.wav,sp c'est le marquis a cote de l' etoile verte {ns}
DATA_Thibault_tache02_11025_43.wav,c'est le poussin sp en dessous sp du triangle jaune sp {ns} sp
DATA_Ariane_tache02_11025_121.wav,sp c'est sp le delta sp en dessous du triangle sp gris {ns} sp
DATA_Thomas_tache02_11025_4.wav,c'est le ruisseau a cote du triangle rouge sp {ns}
DATA_Lucie_tache01_11025_90.wav,sp c'est le coma en dessous du triangle sp vert {ns}
DATA_Thomas_tache02_11025_163.wav,sp c'est l' audace au dessus du triangle bleu sp {ns} sp
DATA_Ariane_tache02_11025_119.wav,c'est sp l' haleine sp sur le triangle sp gris {ns}
DATA_Nael_tache01_11025_73.wav,sp c'est le montant au dessus de l' etoile grise {ns}
DATA_Melanie_tache02_11025_10.wav,sp c'est l' argile a cote du triangle bleu sp {ns} sp
DATA_ClaraG_tache02_11025_147.wav,c'est le visa sp en sp dessous de l' etoile jaune sp {ns}
DATA_Lucie_tache02_11025_137.wav,c'est le recours a cote du carre vert {ns}
DATA_Livia_tache01_11025_86.wav,c'est la brebis a cote du rond bleu {ns} sp
DATA_ClaraG_tache01_11025_140.wav,c'est le pasteur en dessous du triangle bleu sp {ns}
DATA_Melanie_tache02_11025_48.wav,sp c'est le sud a cote du rond bleu sp {ns} sp
DATA_Lucie_tache02_11025_196.wav,sp c'est le fromage a cote du carre jaune {ns}
DATA_Celine_tache01_11025_42.wav,sp c'est l' harem en dessous de l' etoile rouge {ns} sp
DATA_Livia_tache02_11025_98.wav,c'est le colis sp au dessus du rond sp bleu {ns} sp
DATA_Camille_tache01_11025_190.wav,sp c'est le godet sp a cote du triangle gris {ns} sp
DATA_Ariane_tache01_11025_37.wav,sp c'est la pizza sp au dessus sp du rond sp jaune {ns} sp
DATA_Celine_tache02_11025_111.wav,sp c'est la danseuse a cote de l' etoile jaune {ns}
DATA_Clara_tache02_11025_4.wav,c'est le ruisseau sp a cote du triangle rouge {ns}
DATA_Clara_tache01_11025_5.wav,sp c'est sp le sp hublot sp a cote de l' etoile sp verte {ns}
DATA_Chloe_tache02_11025_149.wav,c'est la flanelle au dessus du rond bleu {ns}
DATA_Clara_tache02_11025_182.wav,c'est marron sp en dessous sp du triangle vert {ns}
DATA_Chloe_tache02_11025_8.wav,c'est le vaccin sur le rond jaune {ns} sp
DATA_ClaraG_tache02_11025_140.wav,c'est le pasteur en dessous du triangle bleu {ns} sp
DATA_Chloe_tache02_11025_135.wav,c'est le choeur au dessus du triangle sp vert {ns}
DATA_Chloe_tache01_11025_100.wav,c'est le soda au dessus du triangle jaune {ns} sp
DATA_Camille_tache01_11025_51.wav,sp c'est le micro sp a cote du rond gris sp {ns}
DATA_Thomas_tache01_11025_81.wav,c'est le discours a cote du rond gris {ns}
DATA_ClaraG_tache01_11025_141.wav,c'est laiteuse sp au dessus du rond gris {ns}
DATA_Thibault_tache01_11025_158.wav,c'est l' orage sp en dessous sp du rond vert {ns} sp
DATA_Melanie_tache02_11025_163.wav,c'est l' audace au dessus du triangle bleu sp {ns}
DATA_Thibault_tache02_11025_127.wav,c'est le buisson sp au dessus du triangle gris {ns} sp
DATA_Thomas_tache02_11025_62.wav,sp c'est le carreau au dessus du carre vert {ns} sp
DATA_Camille_tache01_11025_113.wav,sp c'est la moto sp en dessous de l' etoile bleue sp {ns} sp
DATA_Ariane_tache01_11025_87.wav,c'est le recu sp sur le triangle rouge {ns} sp
DATA_ClaraG_tache01_11025_35.wav,c'est le climat sp dans le triangle rouge sp {ns} sp
DATA_Nael_tache01_11025_146.wav,c'est le cil a cote de l' etoile rouge {ns}
DATA_Emre_tache02_11025_51.wav,c'est le micro a cote sp du rond sp gris {ns}
DATA_Thibault_tache01_11025_106.wav,c'est la servante sp a cote du triangle vert {ns} sp
DATA_Celine_tache02_11025_47.wav,sp c'est cinquante sur le rond sp vert {ns} sp
DATA_Nael_tache02_11025_66.wav,sp c'est le pate en dessous du triangle bleu sp {ns} sp
DATA_Melanie_tache01_11025_44.wav,sp c'est la bougie au dessus du triangle gris {ns}
DATA_Livia_tache02_11025_15.wav,c'est l' ecart a cote du carre rouge {ns} sp
DATA_Camille_tache02_11025_14.wav,c'est le secteur sp en dessous du rond gris {ns} sp
DATA_Chloe_tache01_11025_36.wav,c'est moelleux sp a cote de l' etoile bleue {ns} sp
DATA_Thomas_tache01_11025_80.wav,c'est sure au dessus du carre rouge sp {ns} sp
DATA_Celine_tache01_11025_147.wav,sp c'est le visa en dessous de l' etoile jaune sp {ns}
DATA_Melanie_tache02_11025_30.wav,c'est le cachet sp au dessus du carre jaune {ns} sp
DATA_Melanie_tache01_11025_175.wav,sp c'est le ruban a cote du cercle gris {ns} sp
DATA_Thomas_tache01_11025_27.wav,sp c'est le tombeau a cote du carre jaune {ns} sp
DATA_Chloe_tache01_11025_91.wav,c'est le marais sp au dessus du carre jaune {ns} sp
DATA_Nael_tache02_11025_41.wav,c'est jeudi en dessous du triangle rouge sp {ns}
DATA_Camille_tache01_11025_94.wav,sp c'est le marquis a cote de l' etoile verte sp {ns} sp
DATA_Camille_tache01_11025_5.wav,c'est le hublot sp a cote de l' etoile verte sp {ns} sp
DATA_Celine_tache01_11025_186.wav,c'est le lezard a cote du rond jaune sp {ns}
DATA_Thibault_tache02_11025_61.wav,c'est le debit sp sur le rond bleu {ns} sp
DATA_Ariane_tache01_11025_158.wav,sp c'est sp l' orage sp en dessous du rond sp vert {ns}
DATA_Clara_tache02_11025_45.wav,c'est le meurtre sp en dessous sp de l' etoile bleue sp {ns}
DATA_Thomas_tache02_11025_30.wav,sp c'est le cachet sp au dessus du carre jaune {ns} sp
DATA_Chloe_tache01_11025_109.wav,c'est la detresse en dessous du carre bleu {ns} sp
DATA_Thibault_tache02_11025_99.wav,sp c'est la charrue sp sur le triangle jaune {ns} sp
DATA_Nael_tache02_11025_84.wav,sp c'est le bouton sp a cote de l' etoile bleue {ns} sp
DATA_Clara_tache01_11025_160.wav,c'est ainsi sp sur sp le carre sp bleu sp {ns}
DATA_Livia_tache01_11025_195.wav,sp c'est le menteur a cote du rond vert {ns} sp
DATA_Emre_tache02_11025_45.wav,sp c'est le meurtre en dessous de l' etoile bleue {ns} sp
DATA_Thomas_tache01_11025_193.wav,sp c'est le sp parrain sp au dessus du triangle rouge {ns} sp
DATA_Celine_tache01_11025_43.wav,c'est le poussin sp en dessous du triangle jaune {ns}
DATA_Ariane_tache02_11025_26.wav,sp c'est le tapage sp sur l' etoile sp verte sp {ns}
DATA_Nael_tache01_11025_203.wav,c'est la revue en dessous du sp triangle gris {ns}
DATA_Lucie_tache01_11025_74.wav,c'est la graine sp en dessous sp du rond jaune {ns} sp
DATA_Camille_tache01_11025_141.wav,c'est laiteuse sp au dessus du rond gris {ns} sp
DATA_Emre_tache01_11025_193.wav,sp c'est le parrain au dessus du triangle rouge {ns} sp
DATA_Camille_tache02_11025_202.wav,sp c'est le bambou sp sur le triangle vert {ns}
DATA_Camille_tache01_11025_74.wav,sp c'est la graine sp en dessous du rond jaune {ns} sp
DATA_Celine_tache01_11025_196.wav,sp c'est le fromage a cote du carre jaune {ns}
DATA_Ariane_tache01_11025_32.wav,sp c'est sp le bouquin sp sur sp le triangle sp gris {ns}
DATA_Camille_tache02_11025_166.wav,c'est le format sp en dessous du rond gris {ns} sp
DATA_Camille_tache02_11025_196.wav,sp c'est le fromage sp a cote du carre jaune {ns} sp
DATA_Thomas_tache02_11025_124.wav,c'est le chene a cote du triangle jaune {ns}
DATA_Livia_tache02_11025_137.wav,c'est le recours a cote du carre vert {ns}
DATA_ClaraG_tache02_11025_101.wav,c'est la grimace en dessous du carre gris {ns}
DATA_Nael_tache01_11025_26.wav,c'est le tapage sur l' etoile verte {ns} sp
DATA_Emre_tache01_11025_182.wav,c'est marron en dessous du triangle vert sp {ns}
DATA_AnnaL_tache01_11025_152.wav,c'est le cigare au dessus du rond jaune {ns}
DATA_Nael_tache02_11025_28.wav,c'est le machin sp sur le carre bleu {ns} sp
DATA_Chloe_tache02_11025_183.wav,sp c'est le radeau en dessous du rond jaune {ns} sp
DATA_Thomas_tache01_11025_154.wav,c'est sp la guitare a cote du carre bleu {ns} sp
DATA_Thomas_tache02_11025_31.wav,c'est l' etude sur l' etoile rouge sp {ns}
DATA_Melanie_tache01_11025_173.wav,sp c'est le placard en dessous du carre rouge {ns} sp
DATA_Clara_tache02_11025_48.wav,sp c'est le sud sp a cote du rond sp bleu sp {ns}
DATA_Thibault_tache02_11025_173.wav,c'est le placard sp en dessous du carre rouge {ns} sp
DATA_Thibault_tache02_11025_120.wav,c'est le whiskey sp en dessous du rond gris sp {ns} sp
DATA_Camille_tache02_11025_147.wav,c'est le visa sp en sp dessous de l' etoile jaune {ns} sp
DATA_Melanie_tache02_11025_124.wav,sp c'est le chene a cote du triangle jaune {ns}
DATA_Lucie_tache01_11025_19.wav,c'est le plafond au dessus du rond gris {ns}
DATA_Melanie_tache02_11025_156.wav,c'est le sultan a cote du rond bleu sp {ns}
DATA_Nael_tache02_11025_64.wav,sp c'est la capsule au dessus du carre rouge {ns}
DATA_Clara_tache01_11025_68.wav,c'est sp le business sp a cote sp du carre bleu sp {ns}
DATA_Lucie_tache02_11025_46.wav,c'est la ressource sp au dessus sp du carre gris {ns}
DATA_Emre_tache02_11025_148.wav,c'est le donjon sp a cote du triangle jaune {ns}
DATA_Camille_tache01_11025_22.wav,sp c'est le couvent sp a cote de l' etoile grise {ns} sp
DATA_Camille_tache02_11025_149.wav,c'est la flanelle sp au dessus du rond sp bleu sp {ns} sp
DATA_AnnaL_tache01_11025_83.wav,c'est decu sp a cote de l' etoile grise {ns} sp
DATA_Lucie_tache01_11025_156.wav,c'est le sultan sp a cote sp du rond bleu sp {ns} sp
DATA_Thibault_tache01_11025_149.wav,c'est la flanelle sp au dessus sp du rond bleu sp {ns} sp
DATA_ClaraG_tache01_11025_130.wav,c'est le marteau sp au dessus de l' etoile jaune {ns} sp
DATA_ClaraG_tache01_11025_94.wav,c'est le marquis a cote de l' etoile verte {ns}
DATA_Livia_tache01_11025_192.wav,sp c'est sp haineux au dessus sp du carre rouge {ns}
DATA_Thomas_tache02_11025_169.wav,c'est le voisin sur le rond bleu sp {ns} sp
DATA_Chloe_tache02_11025_75.wav,c'est le cingle sp a cote du carre bleu {ns} sp
DATA_Livia_tache01_11025_97.wav,sp c'est rugueux sur l' etoile bleue {ns}
DATA_Celine_tache02_11025_150.wav,c'est sp issu sp au dessus du carre jaune sp {ns} sp
DATA_Melanie_tache02_11025_187.wav,sp c'est le bonnet en dessous du carre gris sp {ns}
DATA_AnnaL_tache02_11025_118.wav,c'est l' etape sp au dessus du carre gris {ns}
DATA_Camille_tache01_11025_89.wav,sp c'est le cadet sp sur le carre rouge {ns}
DATA_Clara_tache01_11025_25.wav,c'est l' atout sp sur l' etoile jaune {ns}
DATA_Chloe_tache02_11025_175.wav,c'est le ruban a cote du rond gris {ns}
DATA_Lucie_tache02_11025_174.wav,sp c'est l' insulte sur le triangle bleu {ns} sp
DATA_Thibault_tache02_11025_122.wav,c'est la migraine en dessous du rond vert sp {ns}
DATA_Celine_tache01_11025_71.wav,sp c'est le metteur sp sur le carre jaune sp {ns} sp
DATA_ClaraG_tache01_11025_30.wav,c'est le cachet sp au dessus sp du carre jaune sp {ns}
DATA_Ariane_tache02_11025_173.wav,sp c'est sp le placard sp en dessous du carre sp rouge {ns} sp
DATA_Camille_tache02_11025_189.wav,c'est le courroux sp a cote de l' etoile bleue {ns} sp
DATA_Livia_tache02_11025_47.wav,c'est cinquante sur le rond vert {ns}
DATA_Thomas_tache01_11025_3.wav,sp c'est le blaspheme sp sur le triangle bleu sp {ns} sp
DATA_Chloe_tache01_11025_39.wav,c'est douteux sp au dessus du rond vert {ns} sp
DATA_Clara_tache01_11025_71.wav,c'est le metteur sp sur le carre jaune {ns}
DATA_Emre_tache02_11025_113.wav,c'est la moto en dessous de l' etoile bleue {ns}
DATA_Thibault_tache01_11025_40.wav,c'est l' ouvrage en dessous sp du carre gris sp {ns} sp
DATA_Camille_tache02_11025_11.wav,c'est le divan sp en dessous du rond rouge {ns} sp
DATA_Nael_tache02_11025_156.wav,sp c'est le sultan sp a cote du rond bleu {ns}
DATA_ClaraG_tache02_11025_10.wav,c'est l' argile a cote du triangle bleu {ns}
DATA_Nael_tache01_11025_21.wav,c'est la clarte sp en dessous du rond sp vert sp {ns}
DATA_Thomas_tache02_11025_36.wav,c'est moelleux a cote de l' etoile bleue sp {ns} sp
DATA_AnnaL_tache02_11025_197.wav,c'est le macon sp sur le rond gris {ns}
DATA_Clara_tache01_11025_85.wav,c'est le sceau sp sur le rond sp gris {ns} sp
DATA_ClaraG_tache02_11025_122.wav,c'est la migraine en dessous du rond vert {ns}
DATA_Livia_tache01_11025_197.wav,c'est le macon sur le rond gris {ns}
DATA_Lucie_tache02_11025_95.wav,c'est la sirene a cote du triangle bleu sp {ns}
DATA_Clara_tache01_11025_178.wav,c'est l' antenne sp sur l' etoile grise {ns}
DATA_Celine_tache01_11025_82.wav,c'est la belle-mere a cote du rond vert {ns}
DATA_Camille_tache02_11025_109.wav,c'est la detresse sp en dessous du carre bleu {ns}
DATA_ClaraG_tache01_11025_198.wav,sp c'est amer au dessus de l' etoile jaune {ns} sp
DATA_Emre_tache01_11025_201.wav,c'est le gala sp en dessous du rond rouge {ns} sp
DATA_Emre_tache02_11025_155.wav,sp c'est l' horreur sur le rond rouge {ns}
DATA_Nael_tache02_11025_145.wav,sp c'est l' etage au dessus du rond sp vert {ns} sp
DATA_Chloe_tache01_11025_201.wav,c'est le gala sp en dessous du rond rouge {ns} sp
DATA_Lucie_tache02_11025_57.wav,c'est la fontaine sp sur le carre vert {ns}
DATA_Livia_tache02_11025_64.wav,c'est la capsule au dessus du sp carre rouge {ns} sp
DATA_Livia_tache02_11025_89.wav,c'est le cadet sur le carre rouge {ns}
DATA_Melanie_tache01_11025_188.wav,sp c'est hagard sur le carre jaune {ns} sp
DATA_Clara_tache01_11025_153.wav,c'est amen sp au dessus du carre sp bleu sp {ns}
DATA_Camille_tache01_11025_147.wav,c'est le visa sp en dessous de l' etoile jaune {ns} sp
DATA_Melanie_tache01_11025_34.wav,sp c'est le parvis a cote du triangle vert {ns} sp
DATA_Melanie_tache01_11025_88.wav,sp c'est la cire en dessous du carre jaune sp {ns}
DATA_Celine_tache02_11025_163.wav,sp c'est l' audace au dessus du triangle bleu sp {ns} sp
DATA_Chloe_tache02_11025_17.wav,c'est l' amas sp au dessus du triangle jaune {ns} sp
DATA_Ariane_tache01_11025_133.wav,sp c'est le surplus sp sur le triangle sp bleu {ns}
DATA_Emre_tache02_11025_190.wav,c'est le godet a cote du triangle sp gris {ns}
DATA_Nael_tache01_11025_160.wav,sp c'est ainsi sur le carre bleu {ns} sp
DATA_Thomas_tache02_11025_64.wav,c'est la capsule au dessus du carre rouge {ns}
DATA_Livia_tache02_11025_28.wav,c'est le machin sp sur le sp carre bleu {ns}
DATA_AnnaL_tache02_11025_55.wav,c'est le tambour sp en dessous du carre sp rouge {ns} sp
DATA_ClaraG_tache01_11025_34.wav,c'est le parvis a cote du triangle vert sp {ns} sp
DATA_Camille_tache02_11025_198.wav,c'est amer sp au dessus de l' etoile jaune {ns} sp
DATA_Nael_tache01_11025_156.wav,c'est le sultan a cote du rond bleu {ns} sp
DATA_ClaraG_tache01_11025_194.wav,c'est le diamant a cote du triangle rouge {ns}
DATA_Chloe_tache01_11025_86.wav,c'est la brebis a cote du rond bleu {ns} sp
DATA_Camille_tache02_11025_124.wav,c'est le chene sp a cote du triangle jaune {ns}
DATA_Clara_tache01_11025_1.wav,c'est l' epoux sp sur sp le carre sp gris {ns}
DATA_AnnaL_tache01_11025_119.wav,c'est l' haleine sp sur le triangle gris {ns}
DATA_ClaraG_tache01_11025_113.wav,c'est la moto sp en dessous de l' etoile bleue {ns} sp
DATA_Chloe_tache01_11025_110.wav,c'est sp avare a cote du carre jaune sp {ns}
DATA_Livia_tache01_11025_17.wav,c'est l' amas sp au dessus du triangle jaune {ns} sp
DATA_Thibault_tache01_11025_2.wav,sp c'est le karma sp sur sp l' etoile grise {ns} sp
DATA_Clara_tache02_11025_17.wav,c'est sp l' amas sp au dessus du triangle jaune {ns}
DATA_Livia_tache02_11025_49.wav,c'est la fierte au dessus de l' etoile verte sp {ns}
DATA_Nael_tache01_11025_52.wav,c'est la censure sp en dessous de l' etoile grise {ns} sp
DATA_Clara_tache01_11025_106.wav,c'est la servante a cote du triangle vert {ns}
DATA_ClaraG_tache02_11025_162.wav,c'est le soupcon sp au dessus du rond rouge {ns}
DATA_Ariane_tache01_11025_144.wav,c'est la cadence sp a cote du rond sp rouge {ns} sp
DATA_Camille_tache02_11025_137.wav,c'est le recours a cote du carre vert {ns}
DATA_AnnaL_tache01_11025_178.wav,c'est l' antenne sp sur l' etoile grise {ns}
DATA_Celine_tache01_11025_95.wav,sp c'est la sirene a cote du triangle bleu sp {ns}
DATA_Lucie_tache02_11025_24.wav,c'est le bouchon sp sur le triangle jaune {ns} sp
DATA_AnnaL_tache02_11025_169.wav,c'est le voisin sp sur le rond bleu {ns} sp
DATA_Clara_tache01_11025_12.wav,sp c'est sp les etats sur sp l' etoile bleue sp {ns}
DATA_Ariane_tache01_11025_146.wav,c'est sp le cil sp a cote sp de l' etoile sp rouge {ns} sp
DATA_AnnaL_tache02_11025_105.wav,c'est le frangin sp en dessous du rond bleu {ns} sp
DATA_Clara_tache01_11025_3.wav,c'est sp le blaspheme sp sur sp le triangle sp bleu sp {ns}
DATA_Emre_tache02_11025_69.wav,c'est le beguin sp a cote du rond rouge sp {ns}
DATA_Emre_tache01_11025_132.wav,sp c'est epars sp sur le rond vert sp {ns}
DATA_Clara_tache01_11025_23.wav,c'est le trophee sp sur le triangle vert {ns}
DATA_Celine_tache01_11025_39.wav,c'est douteux au dessus du rond vert {ns} sp
DATA_AnnaL_tache02_11025_125.wav,c'est l' arnaque sp en dessous de l' etoile rouge {ns}
DATA_Melanie_tache01_11025_37.wav,sp c'est la pizza au dessus du cercle jaune {ns}
DATA_Ariane_tache01_11025_83.wav,sp c'est sp decu sp a cote de l' etoile sp grise {ns} sp
DATA_Thibault_tache01_11025_5.wav,c'est le hublot sp a cote sp de l' etoile verte sp {ns}
DATA_ClaraG_tache01_11025_95.wav,c'est la sirene sp a cote du triangle bleu sp {ns} sp
DATA_Nael_tache01_11025_5.wav,sp c'est le sp hublot a cote de l' etoile verte {ns}
DATA_ClaraG_tache02_11025_124.wav,c'est le chene a cote du triangle jaune sp {ns}
DATA_Ariane_tache02_11025_141.wav,c'est sp laiteuse sp au dessus du rond sp gris {ns}
DATA_Thomas_tache02_11025_59.wav,c'est le beurre en dessous du carre bleu {ns} sp
DATA_ClaraG_tache02_11025_126.wav,c'est l' otage en dessous de l' etoile verte {ns}
DATA_Thomas_tache01_11025_174.wav,c'est l' insulte sur le triangle sp bleu sp {ns}
DATA_Melanie_tache01_11025_123.wav,sp c'est l' assaut sur sp l' etoile verte {ns} sp
DATA_Nael_tache01_11025_164.wav,c'est l' achat en dessous du rond bleu sp {ns} sp
DATA_Thibault_tache02_11025_200.wav,c'est le campus au dessus sp du triangle jaune sp {ns} sp
DATA_Emre_tache02_11025_72.wav,c'est le bazar au dessus de l' etoile verte {ns} sp
DATA_Emre_tache01_11025_22.wav,sp c'est le couvent a cote de l' etoile grise {ns} sp
DATA_Thibault_tache01_11025_81.wav,c'est le discours sp a cote sp du rond gris sp {ns} sp
DATA_Ariane_tache02_11025_62.wav,c'est sp le carreau sp au dessus sp du carre sp vert {ns}
DATA_Clara_tache01_11025_175.wav,c'est le ruban sp a cote du rond sp gris {ns}
DATA_Melanie_tache01_11025_57.wav,sp c'est la fontaine sur le carre vert {ns} sp
DATA_Melanie_tache01_11025_83.wav,c'est decu a cote de l' etoile grise sp {ns}
DATA_Melanie_tache01_11025_182.wav,c'est marron en dessous du triangle vert {ns} sp
DATA_Thomas_tache01_11025_138.wav,c'est le degre a cote de l' etoile jaune {ns} sp
DATA_Nael_tache02_11025_80.wav,c'est sure au dessus du carre rouge {ns}
DATA_Thomas_tache02_11025_108.wav,sp c'est l' enjeu sur le triangle sp vert {ns}
DATA_Ariane_tache02_11025_162.wav,c'est sp le soupcon sp au dessus du rond sp rouge {ns} sp
DATA_Chloe_tache01_11025_197.wav,c'est le macon sur le rond gris sp {ns} sp
DATA_Lucie_tache01_11025_45.wav,c'est le meurtre sp en dessous de l' etoile bleue {ns} sp
DATA_Melanie_tache02_11025_31.wav,sp c'est l' etude sur l' etoile rouge {ns} sp
DATA_Clara_tache02_11025_7.wav,c'est la source sp sur le carre sp jaune sp {ns}
DATA_Emre_tache01_11025_60.wav,c'est le sommet a cote du carre vert {ns} sp
DATA_ClaraG_tache01_11025_23.wav,c'est le trophee sp dans le triangle vert sp {ns}
DATA_Livia_tache01_11025_75.wav,sp c'est le cingle sp a cote du carre bleu {ns}
DATA_Chloe_tache02_11025_103.wav,c'est l' osseux sp sur le carre gris {ns}
DATA_Ariane_tache01_11025_169.wav,sp c'est sp le voisin sp sur le rond sp bleu sp {ns}
DATA_Chloe_tache01_11025_142.wav,c'est la puree sp en dessous de l' etoile bleue {ns} sp
DATA_ClaraG_tache01_11025_77.wav,c'est supreme sp au dessus du triangle rouge {ns}
DATA_Thibault_tache01_11025_204.wav,c'est la morphine sp sur le carre sp rouge {ns} sp
DATA_ClaraG_tache02_11025_158.wav,c'est l' orage en dessous du rond vert {ns}
DATA_Ariane_tache02_11025_65.wav,sp c'est le semestre sp au dessus du triangle rouge {ns} sp
DATA_Ariane_tache01_11025_2.wav,c'est le karma sp sur l' etoile sp grise {ns}
DATA_Ariane_tache01_11025_20.wav,c'est sp hideux sp a cote du rond sp jaune {ns} sp
DATA_Lucie_tache01_11025_106.wav,sp c'est la servante a cote du triangle vert {ns} sp
DATA_Emre_tache01_11025_161.wav,c'est le coton a cote du carre rouge {ns} sp
DATA_Nael_tache01_11025_196.wav,c'est le fromage a cote du carre jaune sp {ns} sp
DATA_ClaraG_tache02_11025_43.wav,c'est le poussin sp en dessous du triangle jaune {ns}
DATA_ClaraG_tache01_11025_56.wav,c'est la monnaie a cote du rond vert {ns}
DATA_Melanie_tache02_11025_111.wav,sp c'est la danseuse a cote de l' etoile jaune {ns} sp
DATA_Ariane_tache02_11025_63.wav,c'est sp la villa sp au dessus de l' etoile sp jaune {ns}
DATA_Melanie_tache02_11025_74.wav,c'est la graine sp en dessous du rond jaune {ns} sp
DATA_Melanie_tache02_11025_80.wav,c'est sure au dessus du carre rouge {ns} sp
DATA_Celine_tache02_11025_168.wav,c'est la soucoupe sur l' etoile jaune sp {ns} sp
DATA_Chloe_tache02_11025_132.wav,sp c'est sp epars sur le rond vert {ns}
DATA_Ariane_tache02_11025_131.wav,sp c'est la philo sp en dessous sp du triangle sp rouge {ns}
DATA_Livia_tache02_11025_36.wav,c'est moelleux a cote de l' etoile bleue {ns}
DATA_Lucie_tache02_11025_27.wav,c'est le tombeau sp a cote du carre jaune {ns}
DATA_AnnaL_tache02_11025_62.wav,c'est le carreau sp au dessus du carre vert {ns} sp
DATA_Thibault_tache01_11025_180.wav,c'est la bonte sp sur le rond vert {ns} sp
DATA_Livia_tache01_11025_44.wav,c'est la bougie au dessus du triangle gris {ns}
DATA_AnnaL_tache01_11025_205.wav,c'est le gouter sp en dessous du carre bleu sp {ns}
DATA_AnnaL_tache02_11025_7.wav,c'est la source sur le carre jaune sp {ns}
DATA_Lucie_tache02_11025_152.wav,c'est le cigare au dessus du rond jaune sp {ns} sp
DATA_ClaraG_tache01_11025_64.wav,c'est la capsule au dessus du carre rouge {ns}
DATA_Melanie_tache02_11025_148.wav,c'est le donjon a cote du triangle jaune {ns}
DATA_Celine_tache02_11025_75.wav,sp c'est le cingle sp a cote du carre bleu sp {ns} sp
DATA_Emre_tache01_11025_110.wav,sp c'est avare a cote du carre jaune {ns}
DATA_Lucie_tache01_11025_184.wav,sp c'est l' auteur sp sur l' etoile rouge sp {ns}
DATA_Camille_tache01_11025_42.wav,sp c'est l' harem en dessous de l' etoile rouge {ns} sp
DATA_Thibault_tache02_11025_136.wav,sp c'est la poupee sur le carre vert {ns} sp
DATA_Clara_tache01_11025_144.wav,c'est la cadence sp a cote du rond sp rouge {ns}
DATA_Thomas_tache01_11025_151.wav,sp c'est le batard au dessus du carre vert {ns} sp
DATA_Thomas_tache01_11025_105.wav,c'est le frangin en dessous du rond bleu sp {ns}
DATA_Livia_tache02_11025_76.wav,c'est l' aveu sp en dessous du rond rouge {ns}
DATA_AnnaL_tache02_11025_53.wav,c'est l' arete sp au dessus du triangle vert {ns}
DATA_Lucie_tache02_11025_148.wav,c'est le donjon a cote du triangle jaune {ns} sp
DATA_ClaraG_tache02_11025_59.wav,c'est le beurre en dessous du carre bleu {ns}
DATA_Thomas_tache01_11025_107.wav,c'est relax a cote du triangle rouge {ns} sp
DATA_Thomas_tache01_11025_116.wav,c'est l' allure sur l' etoile grise sp {ns} sp
DATA_ClaraG_tache01_11025_36.wav,c'est moelleux sp a cote de l' etoile bleue sp {ns}
DATA_Livia_tache02_11025_74.wav,c'est la graine sp en dessous du rond jaune {ns}
DATA_Clara_tache01_11025_196.wav,c'est le fromage sp a cote du carre sp jaune {ns}
DATA_Chloe_tache02_11025_88.wav,c'est la cire en dessous du carre jaune sp {ns}
DATA_Nael_tache02_11025_61.wav,c'est le debit sur le rond bleu sp {ns}
DATA_Ariane_tache02_11025_56.wav,sp c'est sp la monnaie sp a cote du rond sp vert {ns} sp
DATA_Celine_tache01_11025_148.wav,sp c'est le donjon sp a cote du triangle jaune {ns}
DATA_Thibault_tache02_11025_5.wav,c'est le hublot a cote de l' etoile verte {ns}
DATA_Thomas_tache01_11025_195.wav,sp c'est le menteur a cote du sp rond vert {ns}
DATA_Clara_tache01_11025_29.wav,c'est le savon sp en dessous de l' etoile jaune {ns}
DATA_Thibault_tache02_11025_23.wav,c'est le trophee sp sur le triangle vert {ns}
DATA_Celine_tache01_11025_80.wav,sp c'est sure au dessus du carre rouge {ns}
DATA_Celine_tache01_11025_102.wav,c'est l' etang au dessus de l' etoile bleue sp {ns} sp
DATA_Livia_tache02_11025_116.wav,c'est l' allure sur l' etoile sp grise {ns} sp
DATA_Ariane_tache01_11025_121.wav,c'est le delta en sp dessous du triangle sp gris {ns} sp
DATA_Chloe_tache01_11025_13.wav,c'est sp soudaine sp sur le carre rouge {ns} sp
DATA_AnnaL_tache02_11025_59.wav,c'est le beurre sp en dessous du carre bleu {ns}
DATA_Livia_tache01_11025_53.wav,sp c'est l' arete au dessus du triangle vert {ns} sp
DATA_AnnaL_tache02_11025_122.wav,c'est la migraine sp en dessous du sp rond vert {ns} sp
DATA_Nael_tache02_11025_67.wav,c'est absurde au dessus du rond rouge sp {ns} sp
DATA_AnnaL_tache01_11025_47.wav,c'est cinquante sp sur le rond vert {ns} sp
DATA_Thibault_tache01_11025_24.wav,c'est le bouchon sp sur le triangle jaune sp {ns} sp
DATA_Emre_tache02_11025_110.wav,c'est avare a cote du carre jaune sp {ns} sp
DATA_Lucie_tache01_11025_108.wav,sp c'est l' enjeu sp sur le triangle vert {ns}
DATA_AnnaL_tache02_11025_97.wav,c'est rugueux sur l' etoile bleue {ns} sp
DATA_ClaraG_tache01_11025_135.wav,c'est le choeur au dessus du triangle vert {ns} sp
DATA_AnnaL_tache01_11025_177.wav,c'est la rigueur a cote du sp carre gris sp {ns} sp
DATA_Emre_tache02_11025_91.wav,sp c'est le marais sp au dessus du carre jaune {ns}
DATA_Camille_tache01_11025_120.wav,c'est le whiskey sp en dessous du rond gris sp {ns} sp
DATA_Camille_tache02_11025_104.wav,c'est la blessure sp a cote du carre gris {ns} sp
DATA_Livia_tache01_11025_33.wav,c'est la fureur au dessus de l' etoile bleue {ns} sp
DATA_Thibault_tache01_11025_6.wav,c'est le genou sp sur le rond gris {ns} sp
DATA_Livia_tache02_11025_147.wav,c'est le visa sp en dessous de l' etoile jaune {ns}
DATA_Emre_tache01_11025_204.wav,c'est la morphine sur le carre rouge {ns}
DATA_Thibault_tache01_11025_133.wav,sp c'est sp le surplus sp sur sp le triangle bleu sp {ns} sp
DATA_Clara_tache01_11025_66.wav,c'est sp le pate sp en dessous du triangle bleu sp {ns}
DATA_Livia_tache02_11025_70.wav,c'est le budget sp en dessous du triangle bleu sp {ns} sp
DATA_Livia_tache01_11025_80.wav,sp c'est sure au dessus du carre rouge {ns} sp
DATA_Camille_tache01_11025_130.wav,c'est le marteau au dessus de l' etoile jaune sp {ns}
DATA_Emre_tache01_11025_34.wav,c'est le parvis a cote du triangle vert {ns} sp
DATA_AnnaL_tache01_11025_17.wav,c'est l' amas sp au dessus du triangle jaune sp {ns}
DATA_Emre_tache01_11025_24.wav,c'est le bouchon sur le triangle jaune {ns} sp
DATA_ClaraG_tache01_11025_92.wav,c'est le talus a cote du rond jaune {ns}
DATA_Lucie_tache01_11025_126.wav,sp c'est l' otage en dessous sp de l' etoile verte {ns} sp
DATA_Thibault_tache02_11025_202.wav,c'est le bambou sp sur sp le triangle vert {ns} sp
DATA_Thibault_tache02_11025_52.wav,sp c'est la censure sp en dessous de l' etoile grise sp {ns}
DATA_Ariane_tache02_11025_43.wav,c'est sp le poussin sp en dessous du triangle sp jaune {ns} sp
DATA_Lucie_tache01_11025_183.wav,sp c'est le radeau sp en dessous du rond jaune {ns} sp
DATA_Lucie_tache01_11025_180.wav,c'est la bonte sp sur sp le rond vert {ns} sp
DATA_ClaraG_tache02_11025_120.wav,c'est le whiskey en dessous du rond gris {ns}
DATA_Lucie_tache01_11025_203.wav,sp c'est la revue sp en dessous sp du triangle gris {ns}
DATA_Nael_tache02_11025_192.wav,c'est sp haineux sp au dessus du carre rouge {ns} sp
DATA_Nael_tache02_11025_141.wav,c'est laiteuse sp au dessus du rond gris {ns} sp
DATA_Nael_tache01_11025_150.wav,c'est issu sp au dessus sp du carre jaune sp {ns} sp
DATA_Nael_tache01_11025_32.wav,c'est le bouquin sp sur sp le triangle gris {ns} sp
DATA_Nael_tache02_11025_70.wav,c'est le budget sp en dessous du triangle bleu {ns} sp
DATA_ClaraG_tache01_11025_28.wav,c'est le machin sp sur le carre bleu {ns} sp
DATA_Ariane_tache01_11025_111.wav,sp c'est sp la danseuse sp a cote sp de l' etoile sp jaune {ns} sp
DATA_AnnaL_tache02_11025_83.wav,c'est decu sp a cote de l' etoile grise {ns} sp
DATA_Thibault_tache02_11025_45.wav,c'est le meurtre en dessous sp de l' etoile bleue sp {ns} sp
DATA_Thomas_tache01_11025_59.wav,sp c'est le beurre en dessous du carre bleu {ns} sp
DATA_ClaraG_tache01_11025_85.wav,c'est le sceau sp sur le rond gris {ns}
DATA_AnnaL_tache01_11025_193.wav,c'est le parrain au dessus du triangle rouge {ns} sp
DATA_Clara_tache02_11025_105.wav,c'est le frangin sp en dessous du rond bleu sp {ns}
DATA_Lucie_tache01_11025_67.wav,sp c'est absurde sp au dessus du rond rouge sp {ns}
DATA_Livia_tache01_11025_154.wav,c'est la guitare a cote sp du carre bleu {ns} sp
DATA_Lucie_tache02_11025_82.wav,c'est la belle-mere a cote du rond vert {ns}
DATA_Livia_tache02_11025_6.wav,c'est le genou sur le rond gris {ns}
DATA_Chloe_tache02_11025_192.wav,c'est sp haineux sp au dessus du carre rouge {ns} sp
DATA_Celine_tache02_11025_120.wav,c'est le whiskey en dessous du rond gris sp {ns} sp
DATA_Chloe_tache01_11025_3.wav,c'est sp le blaspheme sp sur le triangle bleu {ns} sp
DATA_Livia_tache01_11025_115.wav,c'est la corvee sur le rond rouge {ns} sp
DATA_Thomas_tache01_11025_26.wav,sp c'est le tapage sur l' etoile verte {ns} sp
DATA_Livia_tache02_11025_126.wav,sp c'est l' otage en dessous de l' etoile verte {ns}
DATA_Thomas_tache01_11025_63.wav,sp c'est la villa au dessus de l' etoile jaune {ns} sp
DATA_Celine_tache02_11025_51.wav,sp c'est le micro sp a cote du rond gris {ns} sp
DATA_Melanie_tache02_11025_32.wav,c'est le bouquin sur le triangle gris {ns}
DATA_Chloe_tache01_11025_181.wav,c'est le cypres sp sur le rond jaune {ns} sp
DATA_Thomas_tache01_11025_38.wav,sp c'est bavarde a cote de l' etoile jaune {ns}
DATA_Melanie_tache02_11025_60.wav,sp c'est le sommet a cote du carre vert {ns} sp
DATA_AnnaL_tache01_11025_79.wav,c'est le theme sp en dessous du carre rouge sp {ns} sp
DATA_Chloe_tache01_11025_50.wav,c'est le talon sp en dessous du triangle vert {ns} sp
DATA_ClaraG_tache02_11025_19.wav,c'est le plafond sp au dessus du rond gris {ns}
DATA_Chloe_tache02_11025_185.wav,sp c'est l' egard en dessous du triangle rouge {ns} sp
DATA_Ariane_tache02_11025_178.wav,c'est sp l' antenne sp sur sp l' etoile sp grise {ns} sp
DATA_ClaraG_tache02_11025_83.wav,c'est decu a cote de l' etoile grise {ns}
DATA_Livia_tache02_11025_65.wav,c'est le semestre au dessus du triangle rouge {ns}
DATA_Ariane_tache01_11025_177.wav,c'est la rigueur sp a cote sp du carre sp gris {ns} sp
DATA_Melanie_tache02_11025_52.wav,sp c'est la censure en dessous de l' etoile sp grise {ns}
DATA_Ariane_tache01_11025_148.wav,sp c'est le donjon sp a cote du triangle sp jaune {ns} sp
DATA_Livia_tache02_11025_101.wav,c'est la grimace sp en dessous du carre gris {ns}
DATA_Thibault_tache01_11025_135.wav,c'est le choeur sp au dessus du triangle vert {ns} sp
DATA_AnnaL_tache01_11025_7.wav,sp c'est la source sur le carre jaune {ns}
DATA_Thibault_tache02_11025_32.wav,c'est le bouquin sur le triangle gris {ns} sp
DATA_Thomas_tache01_11025_7.wav,c'est la source sp sur le carre jaune {ns} sp
DATA_Thibault_tache01_11025_86.wav,c'est la brebis a cote sp du rond bleu {ns} sp
DATA_Clara_tache01_11025_171.wav,c'est morveux sp en dessous sp de l' etoile sp grise {ns}
DATA_Thomas_tache02_11025_52.wav,c'est la censure en dessous de l' etoile grise sp {ns}
DATA_Lucie_tache01_11025_41.wav,c'est jeudi sp en dessous sp du triangle rouge {ns}
DATA_ClaraG_tache02_11025_103.wav,c'est l' osseux sur le carre gris {ns}
DATA_Emre_tache02_11025_107.wav,c'est relax a cote du triangle rouge {ns}
DATA_ClaraG_tache01_11025_155.wav,c'est l' horreur sur le rond rouge {ns}
DATA_Camille_tache01_11025_171.wav,c'est morveux sp en dessous de l' etoile grise {ns} sp
DATA_Celine_tache02_11025_109.wav,c'est la detresse sp en dessous du carre bleu sp {ns}
DATA_Chloe_tache02_11025_159.wav,c'est le fardeau sp sur l' etoile bleue {ns} sp
DATA_Clara_tache02_11025_128.wav,c'est le vernis en dessous de l' etoile grise sp {ns}
DATA_Livia_tache02_11025_90.wav,sp c'est le coma sp en dessous du triangle vert {ns}
DATA_Ariane_tache02_11025_28.wav,sp c'est le machin sp sur le carre sp bleu {ns} sp
DATA_ClaraG_tache02_11025_133.wav,c'est le surplus sur le triangle sp bleu sp {ns}
DATA_ClaraG_tache02_11025_92.wav,c'est le talus a cote du rond jaune {ns} sp
DATA_Livia_tache01_11025_22.wav,c'est le couvent a cote de l' etoile grise {ns} sp
DATA_Nael_tache01_11025_71.wav,c'est le metteur sp sur le carre jaune {ns} sp
DATA_Camille_tache02_11025_78.wav,c'est l' entente sp a cote du rond rouge {ns} sp
DATA_Ariane_tache01_11025_189.wav,c'est sp le sp courroux sp a cote de l' etoile sp bleue sp {ns}
DATA_Nael_tache02_11025_137.wav,c'est le recours a cote du carre vert {ns} sp
DATA_Livia_tache01_11025_205.wav,sp c'est le gouter sp en dessous du carre bleu sp {ns}
DATA_Livia_tache02_11025_53.wav,c'est l' arete au dessus du triangle vert {ns}
DATA_Thibault_tache02_11025_164.wav,c'est l' achat sp en dessous sp du rond bleu sp {ns} sp
DATA_Celine_tache02_11025_201.wav,sp c'est le gala sp en dessous du rond rouge sp {ns}
DATA_Emre_tache01_11025_58.wav,sp c'est le savant en dessous de l' etoile verte {ns}
DATA_Melanie_tache02_11025_115.wav,sp c'est la corvee sur le rond rouge sp {ns} sp
DATA_ClaraG_tache01_11025_51.wav,sp c'est le micro a cote du rond gris {ns}
DATA_Clara_tache01_11025_195.wav,sp c'est le menteur sp a cote du rond sp vert {ns} sp
DATA_Nael_tache01_11025_95.wav,c'est la sirene sp a cote sp du sp triangle bleu {ns} sp
DATA_Chloe_tache02_11025_94.wav,c'est le marquis sp a cote de l' etoile verte {ns} sp
DATA_Ariane_tache02_11025_51.wav,c'est le micro sp a cote du rond sp gris {ns} sp
DATA_Thomas_tache02_11025_15.wav,c'est l' ecart a cote du carre rouge {ns}
DATA_Celine_tache02_11025_165.wav,sp c'est l' arene a cote de l' etoile verte {ns} sp
DATA_Emre_tache02_11025_152.wav,sp c'est le cigare au dessus du rond jaune {ns} sp
DATA_Thomas_tache02_11025_139.wav,c'est l' egout sur le triangle rouge {ns}
DATA_Ariane_tache01_11025_109.wav,c'est sp la detresse sp en dessous du carre sp bleu {ns} sp
DATA_AnnaL_tache01_11025_25.wav,c'est l' atout sur l' etoile jaune {ns}
DATA_Nael_tache02_11025_144.wav,sp c'est la cadence a cote du rond rouge sp {ns}
DATA_Livia_tache01_11025_30.wav,sp c'est le cachet au dessus du carre jaune {ns} sp
DATA_Lucie_tache02_11025_53.wav,c'est l' arete au dessus du triangle vert {ns}
DATA_Ariane_tache02_11025_99.wav,sp c'est sp la charrue sp sur le triangle sp jaune {ns} sp
DATA_Celine_tache01_11025_70.wav,sp c'est le budget sp en dessous du triangle bleu sp {ns}
DATA_Celine_tache01_11025_51.wav,sp c'est le micro a cote du rond gris sp {ns} sp
DATA_ClaraG_tache01_11025_188.wav,c'est hagard sp sur le carre jaune sp {ns}
DATA_Nael_tache02_11025_20.wav,c'est hideux a cote du rond jaune sp {ns}
DATA_Celine_tache02_11025_40.wav,c'est l' ouvrage en dessous du carre gris sp {ns}
DATA_Celine_tache02_11025_98.wav,sp c'est le colis au dessus du rond sp bleu sp {ns}
DATA_Chloe_tache01_11025_54.wav,c'est la paresse en dessous du carre jaune sp {ns} sp
DATA_Livia_tache01_11025_145.wav,c'est l' etage au dessus du rond vert {ns} sp
DATA_Thomas_tache01_11025_87.wav,sp c'est le recu sp sur le triangle rouge {ns} sp
DATA_Thibault_tache01_11025_84.wav,sp c'est le bouton sp a cote de l' etoile bleue sp {ns} sp
DATA_AnnaL_tache02_11025_9.wav,c'est le corbeau sp au dessus de l' etoile rouge {ns} sp
DATA_Emre_tache02_11025_168.wav,c'est la soucoupe sp sur l' etoile jaune {ns}
DATA_ClaraG_tache02_11025_149.wav,c'est la flanelle au dessus du rond bleu sp {ns}
DATA_Camille_tache01_11025_155.wav,sp c'est l' horreur sur le rond rouge {ns} sp
DATA_Thomas_tache02_11025_68.wav,sp c'est le business a cote du carre bleu {ns} sp
DATA_Lucie_tache01_11025_167.wav,c'est l' hommage sp a cote du triangle bleu sp {ns}
DATA_Celine_tache01_11025_24.wav,c'est le bouchon sur le triangle jaune {ns}
DATA_Livia_tache02_11025_17.wav,c'est l' amas sp au dessus du triangle jaune {ns}
DATA_Thibault_tache02_11025_185.wav,c'est l' egard en dessous du triangle rouge {ns} sp
DATA_ClaraG_tache01_11025_171.wav,c'est morveux sp en dessous de l' etoile grise {ns}
DATA_Camille_tache01_11025_60.wav,sp c'est le sommet sp a cote du carre vert {ns} sp
DATA_Ariane_tache01_11025_140.wav,c'est le sp pasteur sp en dessous du triangle sp bleu {ns} sp
DATA_Celine_tache02_11025_145.wav,sp c'est l' etage sp au dessus du rond vert {ns}
DATA_Camille_tache02_11025_148.wav,c'est le donjon a cote sp du triangle jaune {ns} sp
DATA_Chloe_tache02_11025_194.wav,c'est le diamant a cote du triangle rouge {ns}
DATA_Thibault_tache01_11025_114.wav,c'est frileux sp a cote sp de l' etoile rouge sp {ns} sp
DATA_Ariane_tache02_11025_166.wav,c'est sp le format sp en dessous du rond sp gris {ns}
DATA_ClaraG_tache02_11025_71.wav,c'est le metteur sp sur le carre jaune {ns}
DATA_Ariane_tache02_11025_122.wav,c'est sp la migraine sp en dessous du rond sp vert {ns}
DATA_ClaraG_tache02_11025_38.wav,c'est bavarde a cote de l' etoile jaune {ns} sp
DATA_Clara_tache02_11025_59.wav,sp c'est le beurre sp en dessous du carre sp bleu sp {ns}
DATA_Chloe_tache02_11025_197.wav,c'est le macon sp sur le rond gris {ns}
DATA_Melanie_tache02_11025_96.wav,sp c'est le precis sur le carre bleu {ns}
DATA_Emre_tache01_11025_84.wav,c'est le bouton a cote de l' etoile bleue {ns} sp
DATA_Livia_tache02_11025_197.wav,sp c'est le macon sur le rond gris {ns}
DATA_Melanie_tache01_11025_9.wav,sp c'est le corbeau au dessus de l' etoile rouge {ns} sp
DATA_Clara_tache02_11025_14.wav,c'est sp le secteur sp en dessous sp du rond gris {ns}
DATA_Camille_tache02_11025_151.wav,c'est le batard au dessus du carre vert {ns} sp
DATA_Melanie_tache01_11025_50.wav,sp c'est le talon en dessous du triangle vert {ns} sp
DATA_Thomas_tache01_11025_4.wav,sp c'est le ruisseau sp a cote du triangle sp rouge {ns}
DATA_Lucie_tache01_11025_200.wav,c'est le campus sp au dessus sp du triangle jaune {ns}
DATA_Chloe_tache02_11025_134.wav,c'est le blafard au dessus du carre bleu sp {ns}
DATA_Thibault_tache02_11025_124.wav,c'est le chene a cote du triangle jaune sp {ns} sp
DATA_AnnaL_tache02_11025_80.wav,c'est sure sp au dessus du carre rouge {ns} sp
DATA_Clara_tache01_11025_13.wav,c'est soudaine sp sur sp le carre rouge {ns}
DATA_Lucie_tache02_11025_61.wav,c'est le debit sur sp le rond sp bleu {ns}
DATA_Emre_tache01_11025_64.wav,c'est la capsule au dessus du carre rouge {ns} sp
DATA_Lucie_tache01_11025_160.wav,sp c'est ainsi sur le carre bleu {ns} sp
DATA_Camille_tache01_11025_121.wav,sp c'est le delta sp en dessous du sp triangle gris {ns} sp
DATA_Ariane_tache01_11025_33.wav,sp c'est la fureur sp au dessus de l' etoile sp bleue {ns} sp
DATA_AnnaL_tache01_11025_181.wav,c'est sp le cypres sp sur le rond jaune {ns} sp
DATA_Thomas_tache01_11025_161.wav,c'est le coton a cote du carre rouge {ns} sp
DATA_Thomas_tache01_11025_88.wav,c'est la cire sp en dessous du carre jaune sp {ns} sp
DATA_Chloe_tache02_11025_35.wav,c'est le climat sur le triangle rouge {ns} sp
DATA_Emre_tache02_11025_67.wav,sp c'est absurde au dessus du rond rouge {ns} sp
DATA_Livia_tache02_11025_62.wav,c'est le carreau au dessus du carre vert {ns}
DATA_Emre_tache02_11025_167.wav,c'est l' hommage sp a cote du triangle bleu {ns}
DATA_Nael_tache01_11025_74.wav,sp c'est la graine en dessous du rond sp jaune {ns} sp
DATA_Lucie_tache01_11025_174.wav,sp c'est l' insulte sur le triangle bleu {ns}
DATA_Thomas_tache01_11025_41.wav,sp c'est jeudi en dessous du triangle rouge {ns} sp
DATA_Emre_tache01_11025_184.wav,c'est l' auteur sp sur l' etoile rouge sp {ns}
DATA_Livia_tache01_11025_8.wav,c'est le vaccin sp sur le rond jaune {ns} sp
DATA_Clara_tache01_11025_161.wav,c'est le coton sp a cote sp du carre rouge {ns} sp
DATA_Melanie_tache01_11025_190.wav,sp c'est le godet a cote du triangle gris {ns} sp
DATA_Chloe_tache01_11025_131.wav,c'est la philo sp en dessous du triangle rouge {ns} sp
DATA_Camille_tache02_11025_12.wav,c'est les etats sp sur l' etoile bleue sp {ns}
DATA_Emre_tache01_11025_170.wav,c'est certaine sp au dessus de l' etoile rouge {ns} sp
DATA_Chloe_tache02_11025_202.wav,c'est le bambou sur le triangle vert {ns}
DATA_Clara_tache01_11025_162.wav,c'est le soupcon sp au dessus du rond sp rouge {ns}
DATA_Melanie_tache01_11025_202.wav,c'est le bambou sur le triangle vert {ns} sp
DATA_Livia_tache02_11025_3.wav,c'est le blaspheme sp sur le sp triangle bleu {ns} sp
DATA_AnnaL_tache02_11025_128.wav,c'est le vernis sp en dessous de l' etoile grise {ns}
DATA_Thibault_tache02_11025_178.wav,sp c'est l' antenne sp sur l' etoile grise sp {ns} sp
DATA_Melanie_tache02_11025_117.wav,sp c'est le radis au dessus du rond rouge {ns} sp
DATA_Camille_tache02_11025_197.wav,c'est le macon sp sur le rond gris {ns} sp
DATA_Emre_tache01_11025_108.wav,sp c'est l' enjeu sur le triangle vert {ns} sp
DATA_Chloe_tache01_11025_63.wav,c'est la villa sp au dessus de l' etoile jaune {ns}
DATA_Thomas_tache02_11025_129.wav,sp c'est le satin sur l' etoile rouge sp {ns}
DATA_AnnaL_tache01_11025_61.wav,c'est le debit sur le sp rond bleu {ns} sp
DATA_Melanie_tache02_11025_12.wav,sp c'est les etats sur l' etoile bleue sp {ns} sp
DATA_Thomas_tache01_11025_31.wav,sp c'est l' etude sur l' etoile rouge {ns}
DATA_Thomas_tache01_11025_167.wav,c'est l' hommage a cote du triangle bleu sp {ns} sp
DATA_Melanie_tache01_11025_32.wav,c'est le bouquin sur le triangle gris sp {ns}
DATA_Thibault_tache01_11025_151.wav,c'est le batard au dessus sp du carre vert {ns} sp
DATA_Melanie_tache02_11025_137.wav,sp c'est le recours a cote du carre vert {ns}
DATA_AnnaL_tache02_11025_153.wav,c'est amen sp au dessus du carre bleu {ns} sp
DATA_Chloe_tache02_11025_55.wav,c'est le tambour en dessous du carre rouge {ns}
DATA_Chloe_tache01_11025_69.wav,c'est le beguin sp a cote du rond rouge {ns} sp
DATA_Emre_tache02_11025_97.wav,c'est rugueux sur l' etoile bleue {ns}
DATA_Emre_tache01_11025_197.wav,c'est le macon sp sur le rond gris {ns} sp
DATA_Lucie_tache02_11025_54.wav,c'est la paresse sp en dessous du carre jaune {ns}
DATA_Emre_tache01_11025_131.wav,sp c'est la philo en dessous sp du triangle rouge {ns}
DATA_Lucie_tache02_11025_98.wav,sp c'est le colis sp au dessus sp du rond sp bleu sp {ns}
DATA_Celine_tache01_11025_93.wav,c'est l' intrus sp au dessus du rond jaune sp {ns} sp
DATA_AnnaL_tache02_11025_89.wav,sp c'est le cadet sp sur le carre rouge {ns}
DATA_Thibault_tache01_11025_22.wav,c'est le couvent sp a cote de l' etoile grise sp {ns} sp
DATA_Camille_tache01_11025_29.wav,sp c'est le savon sp en dessous de l' etoile jaune {ns}
DATA_Emre_tache02_11025_101.wav,sp c'est la grimace en dessous du carre gris sp {ns} sp
DATA_Emre_tache02_11025_156.wav,c'est le sultan sp a cote du rond bleu {ns} sp
DATA_Thibault_tache01_11025_93.wav,c'est l' intrus sp au dessus du rond jaune sp {ns}
DATA_Thomas_tache01_11025_101.wav,c'est la grimace en dessous du carre gris {ns}
DATA_Thibault_tache01_11025_105.wav,c'est le frangin sp en dessous du rond bleu {ns} sp
DATA_Emre_tache02_11025_53.wav,c'est l' arete au dessus du triangle vert {ns}
DATA_Livia_tache02_11025_73.wav,c'est le montant sp au dessus de l' etoile grise {ns}
DATA_Celine_tache02_11025_114.wav,c'est frileux a cote de l' etoile rouge sp {ns} sp
DATA_Ariane_tache01_11025_8.wav,c'est sp le vaccin sur le rond sp jaune {ns} sp
DATA_Clara_tache02_11025_153.wav,sp c'est amen sp au dessus du carre bleu sp {ns}
DATA_AnnaL_tache01_11025_136.wav,c'est la poupee sp sur le sp carre vert {ns} sp
DATA_Ariane_tache01_11025_5.wav,c'est le sp hublot sp a cote de l' etoile verte sp {ns}
DATA_Nael_tache01_11025_20.wav,sp c'est hideux sp a cote du sp rond jaune {ns} sp
DATA_Lucie_tache02_11025_99.wav,sp c'est la charrue sp sur sp le triangle jaune {ns} sp
DATA_Thibault_tache01_11025_19.wav,c'est le plafond sp au dessus du rond gris {ns} sp
DATA_AnnaL_tache02_11025_133.wav,c'est le surplus sp sur le triangle bleu {ns}
DATA_Emre_tache02_11025_187.wav,c'est le bonnet en dessous du carre gris {ns} sp
DATA_Celine_tache01_11025_198.wav,sp c'est amer au dessus de l' etoile jaune sp {ns} sp
DATA_Livia_tache02_11025_38.wav,c'est bavarde a cote de l' etoile jaune {ns} sp
DATA_Thomas_tache02_11025_34.wav,sp c'est le parvis a cote du triangle vert sp {ns} sp
DATA_AnnaL_tache02_11025_95.wav,c'est la sirene sp a cote du triangle bleu sp {ns}
DATA_Celine_tache02_11025_105.wav,sp c'est le frangin sp en dessous du rond bleu sp {ns} sp
DATA_AnnaL_tache02_11025_15.wav,c'est l' ecart a cote du carre rouge {ns}
DATA_Livia_tache02_11025_194.wav,c'est le diamant a cote du triangle rouge sp {ns}
DATA_Thibault_tache02_11025_197.wav,c'est le macon sp sur le rond gris {ns} sp
DATA_Chloe_tache01_11025_143.wav,c'est le morceau sp sur le carre gris {ns} sp
DATA_Livia_tache01_11025_93.wav,c'est l' intrus sp au dessus du rond jaune {ns} sp
DATA_Chloe_tache01_11025_176.wav,c'est la sp paleur sur le triangle jaune {ns} sp
DATA_Camille_tache02_11025_75.wav,sp c'est le cingle sp a cote du carre bleu {ns} sp
DATA_Camille_tache01_11025_111.wav,c'est la danseuse sp a cote de l' etoile jaune {ns}
DATA_Chloe_tache02_11025_118.wav,c'est l' etape sp au dessus du carre gris {ns}
DATA_Clara_tache01_11025_131.wav,c'est la philo en dessous sp du sp triangle rouge {ns}
DATA_Emre_tache01_11025_46.wav,c'est la ressource au dessus du carre gris {ns} sp
DATA_Melanie_tache02_11025_106.wav,sp c'est la servante a cote du triangle vert {ns}
DATA_Chloe_tache02_11025_63.wav,c'est la villa au dessus de l' etoile jaune {ns} sp
DATA_Livia_tache02_11025_23.wav,c'est le trophee sur le triangle vert {ns}
DATA_AnnaL_tache02_11025_36.wav,c'est moelleux sp a cote de l' etoile bleue sp {ns}
DATA_Melanie_tache02_11025_39.wav,c'est douteux au dessus du rond vert {ns} sp
DATA_Celine_tache02_11025_64.wav,sp c'est la capsule au dessus du carre rouge sp {ns}
DATA_Clara_tache02_11025_32.wav,c'est le bouquin sp sur le triangle gris {ns}
DATA_Lucie_tache02_11025_111.wav,c'est la danseuse a cote de l' etoile jaune {ns}
DATA_Thomas_tache01_11025_152.wav,sp c'est le cigare au dessus du rond jaune {ns} sp
DATA_Ariane_tache01_11025_162.wav,sp c'est le soupcon sp au dessus du rond sp rouge {ns} sp
DATA_Livia_tache02_11025_79.wav,c'est le theme en dessous du carre rouge {ns}
DATA_Clara_tache02_11025_22.wav,c'est le couvent sp a cote de l' etoile grise {ns}
DATA_Celine_tache02_11025_179.wav,c'est la pancarte au dessus du triangle gris sp {ns}
DATA_Melanie_tache01_11025_68.wav,sp c'est le business a cote du carre bleu sp {ns}
DATA_Thibault_tache01_11025_71.wav,c'est le metteur sp sur le carre jaune sp {ns} sp
DATA_Thibault_tache02_11025_90.wav,sp c'est le coma sp en dessous du triangle vert {ns} sp
DATA_Lucie_tache02_11025_164.wav,c'est l' achat en dessous du rond bleu sp {ns}
DATA_Ariane_tache02_11025_80.wav,sp c'est sp sure sp au dessus du carre rouge sp {ns} sp
DATA_Chloe_tache01_11025_28.wav,sp c'est sp le machin sp sur le carre bleu {ns} sp
DATA_Thibault_tache02_11025_106.wav,c'est la servante a cote du triangle vert {ns} sp
DATA_Emre_tache01_11025_54.wav,c'est la paresse en dessous du carre jaune sp {ns} sp
DATA_ClaraG_tache02_11025_93.wav,c'est l' intrus au dessus du rond jaune {ns}
DATA_Nael_tache02_11025_60.wav,c'est le sommet a cote sp du carre sp vert sp {ns}
DATA_Nael_tache01_11025_120.wav,c'est le whiskey en dessous du rond sp gris {ns} sp
DATA_Thibault_tache02_11025_57.wav,c'est la fontaine sur le carre vert {ns}
DATA_Thomas_tache01_11025_135.wav,c'est le choeur au dessus du triangle vert {ns} sp
DATA_AnnaL_tache02_11025_57.wav,c'est la fontaine sp sur le carre vert sp {ns}
DATA_Celine_tache01_11025_136.wav,sp c'est la poupee sur le carre vert {ns} sp
DATA_Lucie_tache02_11025_2.wav,c'est le karma sp sur l' etoile sp grise {ns} sp
DATA_Thibault_tache02_11025_133.wav,sp c'est le surplus sp sur le triangle bleu sp {ns} sp
DATA_Lucie_tache02_11025_31.wav,sp c'est l' etude sp sur l' etoile rouge {ns}
DATA_Thomas_tache01_11025_146.wav,c'est le cil a cote de l' etoile rouge sp {ns} sp
DATA_Nael_tache02_11025_124.wav,c'est le chene a cote sp du triangle sp jaune {ns} sp
DATA_AnnaL_tache02_11025_42.wav,c'est l' harem sp en dessous de l' etoile rouge sp {ns}
DATA_Lucie_tache01_11025_65.wav,sp c'est le semestre au dessus du triangle rouge sp {ns}
DATA_Nael_tache01_11025_157.wav,c'est le dilemme en dessous de l' etoile verte {ns} sp
DATA_Thibault_tache02_11025_72.wav,c'est le bazar sp au dessus de l' etoile verte {ns} sp
DATA_Clara_tache01_11025_191.wav,c'est les patins sp en dessous sp du carre sp vert {ns}
DATA_Emre_tache01_11025_56.wav,c'est la monnaie a cote du rond vert sp {ns}
DATA_Thibault_tache02_11025_37.wav,c'est la pizza sp au dessus du rond jaune sp {ns} sp
DATA_Celine_tache01_11025_89.wav,sp c'est le cadet sur le carre rouge {ns} sp
DATA_Ariane_tache02_11025_136.wav,c'est la sp poupee sp sur le carre sp vert {ns} sp
DATA_Emre_tache02_11025_106.wav,c'est la servante sp a cote sp du triangle vert {ns} sp
DATA_Thibault_tache02_11025_6.wav,c'est le genou sp sur sp le rond gris {ns}
DATA_ClaraG_tache01_11025_146.wav,c'est le cil sp a cote de l' etoile rouge {ns}
DATA_Ariane_tache02_11025_114.wav,sp c'est sp frileux sp a cote de l' etoile sp rouge {ns} sp
DATA_Lucie_tache01_11025_161.wav,c'est le coton sp a cote du carre rouge {ns}
DATA_Clara_tache01_11025_129.wav,c'est le satin sur l' etoile rouge sp {ns}
DATA_Clara_tache02_11025_1.wav,c'est sp l' epoux sp sur sp le carre sp gris {ns}
DATA_Melanie_tache01_11025_14.wav,sp c'est le secteur en dessous du cercle gris sp {ns} sp
DATA_Melanie_tache02_11025_35.wav,c'est le climat sur le triangle rouge {ns}
DATA_Nael_tache02_11025_82.wav,sp c'est la belle-mere a cote du rond vert {ns}
DATA_Lucie_tache02_11025_36.wav,sp c'est moelleux a cote de l' etoile bleue sp {ns}
DATA_Thomas_tache02_11025_134.wav,c'est le blafard au dessus du carre bleu {ns} sp
DATA_Livia_tache02_11025_156.wav,c'est le sultan a cote du rond bleu {ns} sp
DATA_Melanie_tache02_11025_18.wav,sp c'est le citron au dessus du triangle bleu sp {ns} sp
DATA_Clara_tache01_11025_135.wav,c'est le choeur sp au dessus du triangle vert {ns}
DATA_Celine_tache02_11025_126.wav,sp c'est l' otage en dessous de l' etoile verte sp {ns} sp
DATA_Livia_tache02_11025_9.wav,c'est le corbeau au dessus de l' etoile rouge sp {ns} sp
DATA_Thibault_tache01_11025_163.wav,c'est l' audace sp au dessus du triangle bleu sp {ns} sp
DATA_AnnaL_tache01_11025_202.wav,c'est le bambou sp sur le triangle vert {ns}
DATA_Chloe_tache01_11025_78.wav,c'est l' entente a cote du rond rouge {ns} sp
DATA_Celine_tache02_11025_152.wav,sp c'est le cigare au dessus du rond jaune sp {ns}
DATA_ClaraG_tache02_11025_46.wav,c'est la ressource au dessus du carre gris {ns}
DATA_Celine_tache01_11025_100.wav,c'est le soda sp au dessus du triangle jaune {ns}
DATA_Clara_tache01_11025_96.wav,c'est le precis sp sur le carre sp bleu sp {ns}
DATA_Clara_tache02_11025_51.wav,c'est le micro sp a cote du rond sp gris {ns}
DATA_Thomas_tache02_11025_20.wav,c'est sp hideux a cote du rond jaune {ns}
DATA_Thibault_tache02_11025_205.wav,c'est le gouter en dessous du carre bleu {ns}
DATA_Camille_tache02_11025_3.wav,c'est le blaspheme sp sur le triangle bleu {ns} sp
DATA_Thomas_tache01_11025_200.wav,sp c'est le campus au dessus du triangle jaune {ns} sp
DATA_Thibault_tache01_11025_76.wav,c'est l' aveu sp en dessous sp du rond rouge {ns} sp
DATA_AnnaL_tache01_11025_150.wav,c'est sp issu sp au dessus du carre jaune {ns} sp
DATA_Melanie_tache01_11025_69.wav,sp c'est le beguin a cote du cercle rouge sp {ns}
DATA_Emre_tache01_11025_87.wav,c'est le recu sur le triangle rouge sp {ns}
DATA_Nael_tache02_11025_87.wav,c'est le recu sur le triangle rouge {ns}
DATA_Thomas_tache02_11025_40.wav,sp c'est l' ouvrage en dessous du carre gris {ns} sp
DATA_Chloe_tache01_11025_185.wav,c'est l' egard en dessous du triangle rouge sp {ns}
DATA_Thibault_tache02_11025_139.wav,c'est l' egout sp sur sp le triangle rouge {ns} sp
DATA_Clara_tache02_11025_57.wav,c'est la fontaine sp sur le carre sp vert sp {ns}
DATA_ClaraG_tache01_11025_46.wav,sp c'est la ressource sp au dessus du carre gris {ns}
DATA_AnnaL_tache01_11025_58.wav,c'est le savant en dessous de l' etoile verte {ns}
DATA_Lucie_tache01_11025_17.wav,sp c'est l' amas sp au sp dessus sp du triangle jaune sp {ns} sp
DATA_Clara_tache01_11025_112.wav,sp c'est le pave sp au dessus sp du rond gris sp {ns}
DATA_Clara_tache01_11025_193.wav,c'est le parrain sp au dessus sp du triangle rouge {ns}
DATA_Melanie_tache01_11025_100.wav,c'est le soda au dessus du triangle jaune sp {ns}
DATA_Lucie_tache01_11025_50.wav,c'est le talon sp en dessous du triangle vert {ns} sp
DATA_Clara_tache01_11025_48.wav,c'est le sud a cote du rond sp bleu sp {ns}
DATA_Thomas_tache01_11025_33.wav,c'est la fureur au dessus de l' etoile bleue {ns}
DATA_Ariane_tache02_11025_182.wav,c'est marron sp en dessous du triangle vert {ns} sp
DATA_Emre_tache01_11025_73.wav,c'est le montant au dessus de l' etoile grise {ns} sp
DATA_Nael_tache02_11025_79.wav,c'est le theme en dessous du carre rouge {ns}
DATA_Camille_tache02_11025_160.wav,c'est ainsi sp sur le carre bleu sp {ns} sp
DATA_Melanie_tache02_11025_162.wav,sp c'est le soupcon au dessus du rond rouge {ns} sp
DATA_Celine_tache01_11025_46.wav,sp c'est la ressource au dessus du carre gris {ns} sp
DATA_Thomas_tache02_11025_193.wav,c'est le parrain sp au dessus du triangle rouge sp {ns}
DATA_AnnaL_tache01_11025_164.wav,c'est l' achat en dessous du rond bleu {ns}
DATA_Chloe_tache02_11025_169.wav,c'est le voisin sp sur le rond bleu {ns}
DATA_Melanie_tache01_11025_110.wav,c'est avare a cote du carre jaune {ns} sp
DATA_Chloe_tache01_11025_26.wav,c'est sp le tapage sur l' etoile verte {ns} sp
DATA_Ariane_tache02_11025_3.wav,sp c'est le blaspheme sp sur le triangle sp bleu {ns} sp
DATA_Thomas_tache01_11025_124.wav,c'est le chene a cote du triangle jaune {ns} sp
DATA_Camille_tache01_11025_81.wav,c'est le discours sp a cote du rond gris {ns} sp
DATA_Clara_tache02_11025_101.wav,c'est la grimace sp en dessous du carre gris sp {ns}
DATA_Camille_tache02_11025_63.wav,c'est la villa sp au dessus de l' etoile jaune sp {ns}
DATA_Thomas_tache01_11025_129.wav,c'est le satin sur l' etoile rouge {ns}
DATA_Clara_tache01_11025_41.wav,c'est jeudi sp en dessous sp du triangle rouge sp {ns}
DATA_Camille_tache02_11025_19.wav,c'est le plafond sp au dessus du rond gris {ns} sp
DATA_Celine_tache01_11025_109.wav,sp c'est la detresse sp en dessous du carre bleu sp {ns} sp
DATA_Melanie_tache01_11025_121.wav,sp c'est le delta en dessous du triangle gris {ns}
DATA_Thibault_tache02_11025_114.wav,c'est frileux sp a cote de l' etoile rouge {ns} sp
DATA_Nael_tache02_11025_113.wav,sp c'est la moto en dessous de l' etoile bleue {ns} sp
DATA_Thomas_tache01_11025_170.wav,sp c'est certaine sp au dessus de l' etoile rouge sp {ns} sp
DATA_Livia_tache01_11025_163.wav,c'est l' audace au dessus sp du triangle bleu {ns}
DATA_Camille_tache01_11025_75.wav,sp c'est le cingle sp a cote du carre bleu sp {ns}
DATA_Melanie_tache01_11025_62.wav,c'est le carreau au dessus du carre vert {ns}
DATA_Thomas_tache02_11025_111.wav,sp c'est la danseuse a cote de l' etoile jaune {ns} sp
DATA_Clara_tache02_11025_116.wav,c'est l' allure sp sur l' etoile grise {ns}
DATA_Thibault_tache01_11025_145.wav,c'est l' etage sp au dessus du rond vert {ns} sp
DATA_Celine_tache02_11025_42.wav,sp c'est l' harem en dessous de l' etoile rouge sp {ns} sp
DATA_Thomas_tache02_11025_136.wav,c'est la poupee sur le carre vert {ns}
DATA_Chloe_tache01_11025_82.wav,c'est la belle-mere a cote du rond vert {ns} sp
DATA_Celine_tache01_11025_200.wav,sp c'est le campus au dessus du triangle jaune sp {ns}
DATA_Thomas_tache02_11025_85.wav,c'est le sceau sur le rond gris {ns} sp
DATA_Melanie_tache02_11025_201.wav,c'est le gala sp en dessous du rond rouge {ns} sp
DATA_Thomas_tache02_11025_106.wav,c'est la servante a cote du triangle vert {ns}
DATA_Ariane_tache01_11025_126.wav,sp c'est sp l' otage sp en dessous de l' etoile sp verte {ns} sp
DATA_Thomas_tache02_11025_46.wav,sp c'est la ressource au dessus du carre gris {ns} sp
DATA_Camille_tache02_11025_167.wav,sp c'est l' hommage sp a cote sp du triangle bleu sp {ns}
DATA_Clara_tache01_11025_74.wav,c'est la graine sp en dessous sp du rond sp jaune {ns}
DATA_Thibault_tache01_11025_177.wav,c'est la rigueur sp a cote du carre gris {ns} sp
DATA_Ariane_tache02_11025_13.wav,sp c'est sp soudaine sp sur le carre sp rouge {ns} sp
DATA_Celine_tache02_11025_2.wav,sp c'est le karma sur l' etoile grise {ns} sp
DATA_Emre_tache02_11025_55.wav,c'est le tambour en dessous du carre rouge {ns}
DATA_Melanie_tache01_11025_89.wav,c'est le cadet sur le carre rouge {ns} sp
DATA_Melanie_tache02_11025_146.wav,sp c'est le cil a cote de l' etoile rouge {ns}
DATA_Melanie_tache02_11025_161.wav,sp c'est le coton a cote du carre rouge {ns} sp
DATA_Clara_tache02_11025_83.wav,sp c'est decu sp a cote de l' etoile sp grise {ns}
DATA_Livia_tache02_11025_115.wav,sp c'est la corvee sur le rond rouge sp {ns}
DATA_Melanie_tache01_11025_116.wav,sp c'est l' allure sur l' etoile grise {ns} sp
DATA_Thibault_tache01_11025_50.wav,c'est le talon sp en dessous du triangle vert {ns} sp
DATA_Ariane_tache02_11025_112.wav,c'est le sp pave sp au dessus du rond sp gris {ns}
DATA_Ariane_tache02_11025_150.wav,sp c'est sp issu sp au dessus du carre sp jaune {ns} sp
DATA_Celine_tache01_11025_116.wav,sp c'est l' allure sur l' etoile grise sp {ns}
DATA_Thomas_tache02_11025_127.wav,sp c'est le buisson au dessus du triangle gris sp {ns} sp
DATA_Ariane_tache01_11025_164.wav,sp c'est sp l' achat sp en dessous sp du rond sp bleu sp {ns} sp
DATA_Celine_tache02_11025_49.wav,sp c'est la fierte au dessus de l' etoile verte sp {ns}
DATA_Lucie_tache02_11025_195.wav,sp c'est le menteur a cote du rond vert {ns} sp
DATA_Thibault_tache02_11025_76.wav,c'est l' aveu sp en dessous du rond rouge sp {ns} sp
DATA_Melanie_tache02_11025_42.wav,c'est l' harem en dessous de l' etoile rouge {ns} sp
DATA_Celine_tache02_11025_123.wav,c'est l' assaut sur sp l' etoile verte {ns} sp
DATA_Emre_tache01_11025_68.wav,c'est le business a cote sp du carre bleu sp {ns}
DATA_Nael_tache01_11025_181.wav,c'est le cypres sp sur le rond jaune {ns}
DATA_Melanie_tache02_11025_194.wav,sp c'est le diamant a cote du triangle rouge {ns}
DATA_Thomas_tache02_11025_75.wav,c'est le cingle a cote du carre bleu sp {ns}
DATA_Emre_tache02_11025_93.wav,c'est l' intrus au dessus du rond jaune {ns} sp
DATA_Emre_tache02_11025_61.wav,c'est le debit sur le rond bleu {ns}
DATA_Emre_tache02_11025_15.wav,sp c'est l' ecart a cote du carre rouge {ns} sp
DATA_Livia_tache02_11025_93.wav,c'est l' intrus sp au dessus du rond jaune {ns}
DATA_Clara_tache01_11025_205.wav,c'est le gouter sp en dessous sp du carre sp bleu sp {ns}
DATA_Nael_tache01_11025_39.wav,c'est douteux au dessus du rond sp vert sp {ns}
DATA_AnnaL_tache01_11025_143.wav,c'est le morceau sp sur le carre gris {ns} sp
DATA_Nael_tache02_11025_88.wav,c'est la cire sp en dessous sp du carre sp jaune sp {ns}
DATA_Lucie_tache02_11025_175.wav,c'est le ruban a cote sp du rond gris sp {ns}
DATA_Camille_tache01_11025_133.wav,c'est le surplus sp sur le triangle bleu sp {ns} sp
DATA_Emre_tache02_11025_5.wav,c'est le hublot sp a cote de l' etoile verte {ns}
DATA_Camille_tache02_11025_141.wav,sp c'est laiteuse sp au dessus du sp rond gris {ns} sp
DATA_Ariane_tache02_11025_193.wav,c'est sp le sp parrain sp au dessus sp du triangle sp rouge {ns} sp
DATA_ClaraG_tache01_11025_49.wav,c'est la fierte au dessus de l' etoile verte {ns} sp
DATA_Clara_tache01_11025_69.wav,c'est le beguin sp a cote du rond sp rouge {ns}
DATA_Thomas_tache02_11025_150.wav,c'est sp issu au dessus du carre jaune {ns} sp
DATA_Chloe_tache01_11025_117.wav,c'est le radis au dessus du rond rouge sp {ns} sp
DATA_Chloe_tache01_11025_113.wav,c'est la moto en dessous de l' etoile bleue sp {ns} sp
DATA_ClaraG_tache02_11025_68.wav,c'est le business a cote du carre bleu {ns} sp
DATA_Melanie_tache02_11025_139.wav,sp c'est l' egout sur le triangle rouge {ns}
DATA_Nael_tache02_11025_24.wav,c'est le bouchon sur le triangle jaune sp {ns}
DATA_Thomas_tache02_11025_69.wav,sp c'est le beguin sp a cote du rond rouge {ns} sp
DATA_Melanie_tache01_11025_196.wav,c'est le fromage a cote du carre jaune {ns}
DATA_Emre_tache02_11025_119.wav,c'est l' haleine sp sur le sp triangle gris {ns}
DATA_Thibault_tache02_11025_109.wav,c'est la detresse sp en dessous du carre sp bleu {ns} sp
DATA_Thomas_tache02_11025_177.wav,c'est la rigueur a cote du carre gris {ns} sp
DATA_Thomas_tache01_11025_25.wav,sp c'est l' atout sur l' etoile jaune {ns} sp
DATA_Emre_tache02_11025_201.wav,c'est le gala sp en dessous du rond rouge {ns} sp
DATA_Emre_tache01_11025_157.wav,sp c'est le dilemme en dessous de l' etoile verte sp {ns}
DATA_Nael_tache02_11025_11.wav,c'est le divan en dessous du rond sp rouge {ns}
DATA_Lucie_tache02_11025_50.wav,c'est le talon en dessous du triangle vert {ns}
DATA_Clara_tache01_11025_46.wav,c'est la ressource sp au dessus du carre gris sp {ns}
DATA_Celine_tache01_11025_54.wav,sp c'est la paresse en dessous du carre jaune {ns}
DATA_Thibault_tache01_11025_28.wav,c'est le machin sp sur le carre bleu sp {ns} sp
DATA_Celine_tache01_11025_67.wav,sp c'est absurde sp au dessus du rond rouge {ns} sp
DATA_Camille_tache02_11025_68.wav,c'est le business sp a cote du carre bleu {ns} sp
DATA_Celine_tache01_11025_75.wav,sp c'est le cingle a cote du carre bleu sp {ns}
DATA_Chloe_tache02_11025_1.wav,c'est l' epoux sp sur le carre gris {ns}
DATA_Chloe_tache01_11025_57.wav,c'est la fontaine sur le carre vert {ns} sp
DATA_Celine_tache02_11025_135.wav,c'est le choeur au dessus du triangle vert {ns} sp
DATA_Nael_tache01_11025_112.wav,c'est le pave au dessus du rond gris {ns}
DATA_AnnaL_tache01_11025_130.wav,c'est le marteau sp au dessus de l' etoile jaune {ns} sp
DATA_Nael_tache01_11025_45.wav,c'est le meurtre en dessous sp de l' etoile bleue sp {ns}
DATA_ClaraG_tache02_11025_180.wav,c'est la bonte sur le rond vert {ns}
DATA_Ariane_tache01_11025_13.wav,sp c'est sp soudaine sp sur le carre sp rouge {ns} sp
DATA_Livia_tache01_11025_128.wav,sp c'est le vernis sp en dessous de l' etoile sp grise {ns} sp
DATA_ClaraG_tache02_11025_193.wav,c'est le parrain sp au dessus du triangle rouge {ns}
DATA_Emre_tache01_11025_37.wav,sp c'est la pizza sp au dessus sp du rond jaune {ns} sp
DATA_Livia_tache02_11025_67.wav,c'est absurde sp au dessus du rond rouge {ns}
DATA_ClaraG_tache01_11025_55.wav,sp c'est le tambour en dessous du carre rouge {ns}
DATA_Thibault_tache02_11025_113.wav,c'est la moto en dessous de l' etoile bleue sp {ns} sp
DATA_Nael_tache02_11025_94.wav,c'est le marquis a cote sp de l' etoile verte {ns}
DATA_Livia_tache02_11025_7.wav,c'est la source sur le carre jaune {ns}
DATA_Emre_tache02_11025_193.wav,sp c'est le parrain sp au dessus du triangle rouge {ns} sp
DATA_Livia_tache01_11025_42.wav,sp c'est l' sp harem sp en dessous de l' etoile rouge {ns} sp
DATA_Celine_tache01_11025_15.wav,sp c'est l' ecart sp a cote du carre rouge sp {ns}
DATA_Melanie_tache01_11025_48.wav,sp c'est le sud a cote du cercle bleu sp {ns}
DATA_AnnaL_tache02_11025_44.wav,c'est la bougie sp au dessus du triangle gris {ns}
DATA_Livia_tache01_11025_37.wav,c'est la sp pizza sp au dessus du rond jaune {ns} sp
DATA_ClaraG_tache01_11025_178.wav,c'est l' antenne sp sur l' sp etoile sp grise {ns} sp
DATA_Clara_tache02_11025_122.wav,c'est la migraine en dessous du rond sp vert sp {ns}
DATA_Lucie_tache01_11025_80.wav,sp c'est sure sp au dessus sp du carre rouge {ns}
DATA_Thomas_tache01_11025_28.wav,sp c'est le machin sur le carre bleu sp {ns}
DATA_Chloe_tache01_11025_136.wav,sp c'est la poupee sp sur le carre vert {ns} sp
DATA_Nael_tache01_11025_41.wav,sp c'est jeudi sp en dessous sp du triangle sp rouge {ns}
DATA_Celine_tache02_11025_106.wav,c'est la servante a cote du triangle vert {ns} sp
DATA_Melanie_tache01_11025_159.wav,c'est le fardeau sur l' etoile bleue sp {ns}
DATA_Emre_tache02_11025_40.wav,c'est l' ouvrage en dessous du carre gris {ns}
DATA_Chloe_tache01_11025_127.wav,c'est le buisson au dessus du triangle gris sp {ns} sp
DATA_Lucie_tache01_11025_44.wav,c'est la bougie sp au dessus du triangle gris {ns} sp
DATA_Camille_tache02_11025_53.wav,c'est l' arete sp au dessus du triangle vert {ns} sp
DATA_Clara_tache02_11025_34.wav,c'est le parvis sp a cote du triangle vert {ns}
DATA_Chloe_tache01_11025_146.wav,c'est le cil a cote de l' etoile rouge {ns} sp
DATA_Thomas_tache02_11025_32.wav,c'est le bouquin sur le triangle gris {ns}
DATA_Nael_tache01_11025_153.wav,c'est amen au dessus du carre bleu sp {ns} sp
DATA_Livia_tache02_11025_5.wav,c'est le hublot a cote de l' etoile sp verte {ns} sp
DATA_AnnaL_tache02_11025_65.wav,c'est le semestre sp au dessus du triangle rouge {ns} sp
DATA_Emre_tache01_11025_81.wav,sp c'est le discours a cote du rond gris {ns}
DATA_Melanie_tache02_11025_19.wav,sp c'est le plafond au dessus du rond gris {ns}
DATA_Chloe_tache02_11025_163.wav,c'est l' audace au dessus du triangle bleu {ns} sp
DATA_Celine_tache01_11025_29.wav,sp c'est le savon sp en dessous de l' etoile jaune {ns} sp
DATA_Chloe_tache01_11025_81.wav,c'est le discours a cote du rond gris {ns} sp
DATA_Ariane_tache02_11025_69.wav,sp c'est sp le beguin sp a cote du rond sp rouge {ns}
DATA_Ariane_tache01_11025_152.wav,c'est sp le cigare sp au dessus du rond sp jaune {ns} sp
DATA_AnnaL_tache01_11025_40.wav,c'est l' sp ouvrage sp en dessous du sp carre gris {ns}
DATA_Ariane_tache02_11025_70.wav,c'est le budget sp en dessous du triangle bleu sp {ns} sp
DATA_AnnaL_tache02_11025_205.wav,c'est le gouter sp en dessous du carre bleu {ns} sp
DATA_AnnaL_tache01_11025_144.wav,sp c'est la cadence a cote du rond rouge {ns}
DATA_Ariane_tache02_11025_189.wav,sp c'est le sp courroux sp a cote de l' etoile bleue {ns} sp
DATA_Thibault_tache02_11025_121.wav,c'est le delta sp en dessous du triangle gris sp {ns} sp
DATA_Clara_tache02_11025_72.wav,sp c'est le bazar sp au dessus de l' etoile sp verte {ns}
DATA_ClaraG_tache02_11025_87.wav,c'est le recu sur le triangle rouge {ns}
DATA_Thomas_tache01_11025_85.wav,c'est le sceau sur le rond gris {ns} sp
DATA_Emre_tache02_11025_200.wav,c'est le campus au dessus du triangle jaune {ns}
DATA_Thomas_tache02_11025_132.wav,sp c'est sp epars sp sur le sp rond vert {ns}
DATA_Thibault_tache02_11025_42.wav,c'est l' harem sp en dessous de l' etoile rouge {ns} sp
DATA_Lucie_tache02_11025_127.wav,sp c'est le buisson sp au dessus du triangle gris {ns} sp
DATA_Clara_tache02_11025_10.wav,c'est l' argile sp a cote du triangle bleu {ns}
DATA_AnnaL_tache02_11025_96.wav,sp c'est le precis sur le carre bleu {ns} sp
DATA_AnnaL_tache01_11025_117.wav,c'est le radis au dessus du rond rouge {ns} sp
DATA_Camille_tache01_11025_80.wav,sp c'est sure sp au dessus du carre rouge {ns}
DATA_Lucie_tache02_11025_114.wav,c'est frileux a cote de l' etoile rouge sp {ns} sp
DATA_Camille_tache01_11025_162.wav,c'est le soupcon au dessus du rond rouge {ns} sp
DATA_ClaraG_tache02_11025_55.wav,sp c'est le tambour en dessous du carre rouge {ns}
DATA_Clara_tache01_11025_176.wav,c'est la paleur sp sur le triangle jaune {ns}
DATA_Celine_tache01_11025_21.wav,sp c'est la clarte sp en dessous du rond sp vert {ns}
DATA_ClaraG_tache02_11025_36.wav,c'est moelleux a cote de l' etoile bleue {ns}
DATA_Nael_tache01_11025_189.wav,c'est le courroux a cote de l' etoile sp bleue sp {ns} sp
DATA_AnnaL_tache01_11025_137.wav,c'est le recours a cote du carre vert {ns}
DATA_Clara_tache02_11025_63.wav,c'est la villa sp au dessus de l' etoile jaune {ns}
DATA_Nael_tache02_11025_37.wav,c'est la pizza au dessus du rond jaune sp {ns} sp
DATA_Livia_tache01_11025_181.wav,c'est le cypres sur le rond jaune {ns}
DATA_Emre_tache01_11025_51.wav,c'est le micro a cote du rond gris {ns} sp
DATA_Livia_tache01_11025_175.wav,c'est le ruban a cote du rond gris {ns}
DATA_AnnaL_tache02_11025_188.wav,c'est hagard sp sur le carre jaune {ns}
DATA_Thibault_tache02_11025_145.wav,sp c'est l' etage sp au dessus sp du rond vert {ns} sp
DATA_AnnaL_tache01_11025_109.wav,sp c'est la detresse sp en dessous du sp carre bleu {ns} sp
DATA_Ariane_tache02_11025_143.wav,c'est sp le morceau sp sur le carre sp gris {ns}
DATA_Camille_tache02_11025_51.wav,sp c'est le micro sp a cote du rond gris {ns} sp
DATA_Livia_tache01_11025_11.wav,sp c'est le divan sp en dessous du rond rouge {ns} sp
DATA_Clara_tache02_11025_109.wav,c'est la detresse en dessous du carre sp bleu sp {ns}
DATA_Chloe_tache02_11025_191.wav,c'est les patins en dessous du carre vert {ns}
DATA_Clara_tache01_11025_136.wav,c'est la poupee sp sur sp le carre sp vert {ns}
DATA_Celine_tache02_11025_133.wav,sp c'est le surplus sur le triangle bleu sp {ns} sp
DATA_Clara_tache02_11025_93.wav,c'est l' intrus sp au dessus du rond sp jaune {ns}
DATA_ClaraG_tache02_11025_22.wav,c'est le couvent sp a cote de l' etoile sp grise {ns}
DATA_ClaraG_tache01_11025_173.wav,sp c'est le placard en dessous du carre rouge sp {ns}
DATA_Camille_tache02_11025_10.wav,c'est l' argile sp a cote du triangle bleu {ns} sp
DATA_Emre_tache01_11025_21.wav,c'est la clarte en dessous du rond vert {ns} sp
DATA_Camille_tache01_11025_41.wav,c'est jeudi sp en dessous sp du triangle rouge {ns}
DATA_Emre_tache01_11025_116.wav,sp c'est l' allure sp sur l' etoile grise {ns}
DATA_Emre_tache01_11025_50.wav,sp c'est le talon sp en dessous du triangle vert {ns} sp
DATA_Lucie_tache01_11025_101.wav,sp c'est la grimace en dessous du carre gris {ns}
DATA_Emre_tache01_11025_45.wav,c'est le meurtre en dessous de l' etoile bleue sp {ns} sp
DATA_Lucie_tache02_11025_8.wav,c'est le vaccin sur le rond jaune {ns}
DATA_Livia_tache01_11025_151.wav,sp c'est le batard au dessus du carre vert {ns} sp
DATA_Chloe_tache02_11025_62.wav,c'est le carreau au dessus du carre vert {ns} sp
DATA_ClaraG_tache01_11025_189.wav,c'est le courroux sp a cote de l' etoile bleue {ns} sp
DATA_Chloe_tache02_11025_205.wav,sp c'est le gouter sp en dessous du carre bleu sp {ns}
DATA_ClaraG_tache02_11025_174.wav,c'est l' insulte sur le triangle bleu {ns} sp
DATA_Lucie_tache02_11025_190.wav,c'est le godet a cote du triangle gris {ns} sp
DATA_Ariane_tache02_11025_22.wav,sp c'est sp le couvent sp a cote de l' etoile sp grise {ns} sp
DATA_AnnaL_tache02_11025_189.wav,c'est le courroux sp a cote de l' etoile bleue sp {ns}
DATA_Celine_tache02_11025_103.wav,sp c'est l' osseux sp sur le carre gris sp {ns} sp
DATA_Celine_tache02_11025_154.wav,sp c'est la guitare a cote du carre bleu sp {ns}
DATA_Clara_tache01_11025_88.wav,c'est sp la cire sp en dessous du sp carre jaune sp {ns}
DATA_Emre_tache01_11025_103.wav,c'est l' osseux sp sur le carre gris {ns}
DATA_Camille_tache01_11025_186.wav,sp c'est le lezard sp a cote du rond jaune {ns} sp
DATA_Nael_tache02_11025_163.wav,c'est l' audace au dessus du triangle bleu sp {ns}
DATA_Ariane_tache02_11025_185.wav,c'est l' egard sp en dessous du triangle sp rouge {ns} sp
DATA_Thibault_tache02_11025_74.wav,c'est la graine en dessous du rond jaune sp {ns}
DATA_Thibault_tache01_11025_4.wav,c'est le ruisseau sp a cote du triangle rouge {ns} sp
DATA_Melanie_tache02_11025_72.wav,c'est le bazar au dessus de l' etoile verte {ns} sp
DATA_Clara_tache02_11025_196.wav,c'est le fromage a cote du carre sp jaune {ns}
DATA_Celine_tache02_11025_85.wav,sp c'est le sceau sp sur le rond gris {ns} sp
DATA_Nael_tache01_11025_134.wav,sp c'est le blafard au dessus du carre bleu sp {ns}
DATA_Camille_tache01_11025_10.wav,sp c'est l' argile a cote du triangle bleu {ns} sp
DATA_Celine_tache01_11025_38.wav,c'est bavarde sp a cote de l' etoile jaune {ns}
DATA_Lucie_tache01_11025_119.wav,sp c'est l' haleine sp sur le triangle gris {ns} sp
DATA_Celine_tache01_11025_26.wav,sp c'est le tapage sur l' etoile verte sp {ns} sp
DATA_Thibault_tache02_11025_13.wav,c'est soudaine sp sur le carre rouge {ns} sp
DATA_Camille_tache01_11025_126.wav,sp c'est l' otage en dessous de l' etoile verte {ns} sp
DATA_Livia_tache01_11025_162.wav,c'est le soupcon au dessus du rond rouge sp {ns} sp
DATA_Camille_tache01_11025_77.wav,sp c'est supreme sp au dessus du triangle rouge {ns} sp
DATA_Thibault_tache02_11025_27.wav,c'est le tombeau a cote du carre jaune sp {ns}
DATA_Melanie_tache01_11025_118.wav,sp c'est l' etape au dessus du carre gris {ns}
DATA_Melanie_tache01_11025_60.wav,sp c'est le sommet a cote du carre vert {ns}
DATA_Livia_tache02_11025_135.wav,c'est le sp choeur au dessus du triangle vert {ns}
DATA_AnnaL_tache01_11025_115.wav,c'est la corvee sur le rond rouge {ns}
DATA_Celine_tache02_11025_97.wav,c'est rugueux sur l' etoile bleue sp {ns}
DATA_Chloe_tache01_11025_123.wav,c'est l' assaut sp sur l' etoile verte {ns}
DATA_Ariane_tache01_11025_174.wav,c'est sp l' insulte sp sur le triangle sp bleu {ns} sp
DATA_Emre_tache02_11025_188.wav,c'est hagard sp sur le carre jaune {ns} sp
DATA_Nael_tache01_11025_182.wav,c'est marron sp en dessous du sp triangle vert {ns}
DATA_Melanie_tache02_11025_202.wav,sp c'est le bambou sur le triangle vert {ns}
DATA_Celine_tache01_11025_204.wav,sp c'est la morphine sur le carre rouge sp {ns} sp
DATA_Emre_tache01_11025_48.wav,c'est le sud a cote du rond bleu {ns} sp
DATA_Melanie_tache02_11025_7.wav,c'est la source sur le carre jaune {ns}
DATA_Emre_tache02_11025_54.wav,sp c'est la paresse sp en dessous du carre jaune {ns}
DATA_Clara_tache01_11025_73.wav,c'est le montant sp au dessus de l' etoile grise {ns}
DATA_Lucie_tache02_11025_167.wav,sp c'est l' hommage a cote du triangle bleu {ns} sp
DATA_Melanie_tache02_11025_190.wav,sp c'est le godet a cote du triangle gris {ns}
DATA_Clara_tache02_11025_61.wav,c'est le debit sur le rond bleu sp {ns}
DATA_Ariane_tache02_11025_164.wav,c'est sp l' achat sp en dessous du rond sp bleu {ns}
DATA_Camille_tache02_11025_178.wav,c'est l' antenne sp sur l' etoile grise {ns} sp
DATA_Lucie_tache01_11025_155.wav,sp c'est l' horreur sur le rond rouge {ns}
DATA_Emre_tache02_11025_56.wav,c'est la monnaie a cote du rond vert {ns}
DATA_Celine_tache02_11025_70.wav,sp c'est le budget en dessous du triangle bleu {ns}
DATA_Nael_tache01_11025_75.wav,c'est le cingle a cote sp du carre bleu {ns}
DATA_Ariane_tache02_11025_179.wav,c'est la sp pancarte sp au dessus du triangle gris {ns}
DATA_Camille_tache01_11025_85.wav,c'est le sceau sp sur le rond gris {ns} sp
DATA_Livia_tache01_11025_109.wav,c'est la detresse en dessous du carre bleu {ns}
DATA_Livia_tache02_11025_84.wav,sp c'est le bouton sp a cote de l' etoile bleue {ns}
DATA_ClaraG_tache02_11025_52.wav,c'est la censure en dessous de l' etoile sp grise {ns}
DATA_Camille_tache02_11025_16.wav,c'est le cartable sp en dessous du rond jaune {ns} sp
DATA_Celine_tache01_11025_187.wav,sp c'est le bonnet sp en dessous du carre gris {ns}
DATA_Thomas_tache01_11025_113.wav,c'est la moto en dessous de l' etoile bleue {ns} sp
DATA_Chloe_tache01_11025_132.wav,c'est sp epars sur le rond vert {ns} sp
DATA_Chloe_tache02_11025_53.wav,c'est l' arete sp au dessus du triangle vert {ns}
DATA_Celine_tache01_11025_171.wav,sp c'est morveux sp en dessous de l' etoile sp grise {ns} sp
DATA_Emre_tache02_11025_43.wav,sp c'est le poussin sp en dessous du triangle jaune {ns}
DATA_Lucie_tache02_11025_171.wav,c'est morveux sp en dessous de l' etoile grise {ns} sp
DATA_Melanie_tache01_11025_168.wav,sp c'est la soucoupe sp sur l' etoile jaune {ns} sp
DATA_Chloe_tache02_11025_42.wav,c'est l' sp harem sp en dessous de l' etoile rouge {ns} sp
DATA_Thibault_tache01_11025_67.wav,c'est absurde sp au dessus du rond rouge {ns}
DATA_AnnaL_tache02_11025_4.wav,c'est le ruisseau sp a cote du triangle rouge {ns}
DATA_Nael_tache02_11025_169.wav,c'est le voisin sur le rond bleu {ns}
DATA_Camille_tache01_11025_64.wav,c'est la capsule sp au dessus du carre rouge {ns}
DATA_Ariane_tache01_11025_74.wav,sp c'est sp la graine sp en dessous sp du rond sp jaune {ns} sp
DATA_Clara_tache02_11025_28.wav,c'est le machin sp sur le carre sp bleu sp {ns}
DATA_Thibault_tache01_11025_112.wav,c'est le pave sp au dessus du rond gris {ns} sp
DATA_Nael_tache02_11025_130.wav,sp c'est le marteau au dessus de l' etoile sp jaune sp {ns}
DATA_Thomas_tache02_11025_26.wav,c'est le sp tapage sp sur l' etoile verte {ns}
DATA_Lucie_tache02_11025_51.wav,c'est le micro a cote sp du rond gris {ns}
DATA_Nael_tache01_11025_31.wav,c'est l' etude sur l' etoile rouge {ns}
DATA_Livia_tache02_11025_1.wav,c'est l' epoux sur le carre gris {ns}
DATA_Lucie_tache02_11025_29.wav,c'est le savon en dessous de l' etoile jaune {ns}
DATA_Lucie_tache02_11025_145.wav,sp c'est l' etage au dessus du rond vert {ns} sp
DATA_Livia_tache01_11025_107.wav,c'est relax a cote du triangle rouge {ns} sp
DATA_Camille_tache02_11025_204.wav,c'est la morphine sp sur le carre rouge {ns} sp
DATA_ClaraG_tache02_11025_192.wav,c'est sp haineux sp au dessus du carre rouge {ns}
DATA_Emre_tache02_11025_85.wav,sp c'est le sceau sp sur le rond sp gris {ns}
DATA_Lucie_tache01_11025_8.wav,sp c'est le vaccin sp sur le rond jaune sp {ns} sp
DATA_Camille_tache02_11025_70.wav,sp c'est le budget sp en dessous du triangle bleu {ns} sp
DATA_AnnaL_tache01_11025_176.wav,c'est la paleur sp sur le triangle jaune {ns}
DATA_Celine_tache02_11025_174.wav,c'est l' insulte sur le triangle bleu sp {ns} sp
DATA_Ariane_tache01_11025_195.wav,sp c'est sp le menteur sp a cote sp du rond sp vert {ns} sp
DATA_Celine_tache01_11025_50.wav,c'est le sp talon sp en dessous du triangle vert {ns}
DATA_Livia_tache01_11025_43.wav,sp c'est le poussin sp en dessous du triangle jaune {ns} sp
DATA_Clara_tache02_11025_145.wav,c'est l' etage sp au dessus du rond sp vert sp {ns} sp
DATA_Lucie_tache02_11025_205.wav,sp c'est le gouter en dessous du carre bleu sp {ns}
DATA_Camille_tache01_11025_9.wav,sp c'est le corbeau sp au dessus de l' etoile rouge {ns} sp
DATA_AnnaL_tache01_11025_3.wav,c'est le blaspheme sur le triangle sp bleu
DATA_Celine_tache01_11025_35.wav,c'est le climat sp sur le triangle rouge sp {ns}
DATA_Melanie_tache02_11025_195.wav,sp c'est le menteur a cote du rond vert {ns} sp
DATA_Nael_tache01_11025_205.wav,c'est le gouter sp en dessous du carre bleu {ns} sp
DATA_Lucie_tache02_11025_69.wav,c'est le beguin sp a cote du rond rouge {ns}
DATA_Camille_tache01_11025_163.wav,sp c'est l' audace sp au dessus du triangle bleu {ns} sp
DATA_Clara_tache02_11025_3.wav,c'est le blaspheme sp sur le triangle bleu sp {ns}
DATA_Nael_tache02_11025_190.wav,c'est le godet a cote du triangle sp gris {ns}
DATA_Celine_tache01_11025_30.wav,sp c'est le cachet au dessus du carre jaune sp {ns} sp
DATA_AnnaL_tache02_11025_191.wav,c'est les patins sp en dessous du carre vert {ns} sp
DATA_Thomas_tache02_11025_199.wav,sp c'est le refrain sp au dessus du carre gris {ns}
DATA_Chloe_tache01_11025_118.wav,c'est l' etape sp au dessus du carre gris {ns} sp
DATA_ClaraG_tache02_11025_73.wav,sp c'est le montant au dessus de l' etoile sp grise {ns}
DATA_Nael_tache01_11025_186.wav,c'est le lezard a cote sp du rond sp jaune {ns} sp
DATA_Thomas_tache01_11025_40.wav,sp c'est l' ouvrage en dessous du carre gris sp {ns} sp
DATA_Celine_tache01_11025_178.wav,c'est l' antenne sur l' etoile grise sp {ns}
DATA_Livia_tache02_11025_111.wav,c'est la danseuse a cote de l' etoile jaune {ns}
DATA_Thibault_tache01_11025_101.wav,sp c'est la grimace sp en dessous sp du carre gris {ns} sp
DATA_Emre_tache02_11025_71.wav,c'est le metteur sur le carre jaune {ns}
DATA_Clara_tache01_11025_111.wav,c'est la danseuse a cote de l' etoile jaune {ns}
DATA_Clara_tache01_11025_173.wav,sp c'est le placard en dessous sp du carre rouge {ns}
DATA_Thomas_tache01_11025_96.wav,sp c'est le precis sp sur le carre bleu sp {ns} sp
DATA_Celine_tache01_11025_113.wav,sp c'est la moto en dessous de l' etoile bleue sp {ns}
DATA_Nael_tache02_11025_152.wav,c'est le cigare au dessus du rond jaune sp {ns}
DATA_Camille_tache02_11025_8.wav,sp c'est le vaccin sp sur le rond jaune {ns} sp
DATA_Lucie_tache01_11025_75.wav,c'est le cingle sp a cote sp du carre bleu {ns}
DATA_Livia_tache01_11025_187.wav,c'est le bonnet en dessous du carre gris sp {ns}
DATA_AnnaL_tache02_11025_109.wav,c'est la detresse sp en dessous du carre bleu {ns}
DATA_Thomas_tache01_11025_24.wav,c'est le bouchon sur le triangle jaune {ns} sp
DATA_Lucie_tache01_11025_88.wav,sp c'est la cire en dessous sp du carre jaune sp {ns}
DATA_Thomas_tache01_11025_23.wav,c'est le trophee sur le triangle vert sp {ns}
DATA_Celine_tache01_11025_107.wav,sp c'est relax a cote du triangle rouge sp {ns}
DATA_ClaraG_tache02_11025_13.wav,c'est soudaine sp sur le carre rouge {ns}
DATA_Clara_tache02_11025_167.wav,c'est l' hommage a cote du triangle bleu sp {ns}
DATA_AnnaL_tache02_11025_162.wav,c'est le soupcon sp au dessus du rond rouge {ns}
DATA_Ariane_tache01_11025_170.wav,sp c'est certaine sp au dessus sp de l' etoile sp rouge {ns} sp
DATA_Camille_tache02_11025_108.wav,c'est l' enjeu sp sur le triangle sp vert {ns} sp
DATA_Camille_tache02_11025_99.wav,c'est la charrue sp sur le triangle jaune {ns} sp
DATA_Thibault_tache02_11025_31.wav,c'est l' etude sp sur sp l' etoile rouge {ns} sp
DATA_Camille_tache01_11025_84.wav,sp c'est le bouton sp a cote de l' etoile bleue {ns} sp
DATA_Thomas_tache01_11025_164.wav,c'est l' achat en dessous du rond bleu {ns}
DATA_Thibault_tache01_11025_89.wav,c'est le cadet sp sur sp le carre rouge {ns} sp
DATA_Nael_tache01_11025_184.wav,c'est l' auteur sur l' etoile rouge {ns} sp
DATA_Lucie_tache01_11025_39.wav,c'est douteux sp au dessus du rond sp vert {ns}
DATA_Clara_tache01_11025_164.wav,c'est l' achat sp en dessous sp du rond sp bleu sp {ns} sp
DATA_Nael_tache02_11025_150.wav,c'est issu au dessus du carre jaune {ns}
DATA_Camille_tache02_11025_129.wav,sp c'est le satin sp sur l' etoile rouge {ns} sp
DATA_ClaraG_tache01_11025_203.wav,sp c'est la revue sp en dessous du triangle sp gris {ns}
DATA_Nael_tache01_11025_84.wav,c'est le bouton sp a cote de l' etoile bleue {ns}
DATA_Melanie_tache02_11025_157.wav,c'est le dilemme en dessous de l' etoile verte sp {ns}
DATA_AnnaL_tache02_11025_168.wav,c'est la soucoupe sp sur l' etoile jaune {ns}
DATA_Camille_tache02_11025_115.wav,sp c'est la corvee sur le rond rouge {ns} sp
DATA_Celine_tache01_11025_177.wav,sp c'est la rigueur sp a cote du carre gris sp {ns} sp
DATA_Thomas_tache02_11025_72.wav,sp c'est le bazar au dessus de l' etoile verte {ns} sp
DATA_Camille_tache01_11025_48.wav,c'est le sud a cote du rond bleu sp {ns} sp
DATA_Nael_tache02_11025_204.wav,sp c'est la morphine sp sur le carre rouge sp {ns}
DATA_Melanie_tache02_11025_185.wav,sp c'est l' egard en dessous du triangle rouge {ns} sp
DATA_Nael_tache02_11025_97.wav,sp c'est rugueux sur l' etoile bleue {ns}
DATA_Chloe_tache02_11025_184.wav,c'est l' auteur sp sur l' etoile rouge {ns} sp
DATA_Melanie_tache01_11025_106.wav,sp c'est la servante a cote du triangle vert {ns} sp
DATA_Celine_tache01_11025_139.wav,sp c'est l' egout sur le triangle rouge sp {ns} sp
DATA_Ariane_tache02_11025_102.wav,c'est sp l' etang sp au dessus de l' etoile sp bleue {ns} sp
DATA_Melanie_tache01_11025_153.wav,c'est amen au dessus du carre bleu sp {ns}
DATA_Chloe_tache01_11025_191.wav,sp c'est les sp patins sp en dessous du carre vert {ns} sp
DATA_Celine_tache01_11025_59.wav,sp c'est le beurre en dessous du carre bleu sp {ns} sp
DATA_Nael_tache01_11025_6.wav,sp c'est le genou sur le rond gris {ns} sp
DATA_Chloe_tache02_11025_100.wav,c'est le soda sp au dessus du triangle jaune {ns} sp
DATA_Celine_tache02_11025_44.wav,c'est la bougie au dessus du triangle gris {ns} sp
DATA_Chloe_tache01_11025_112.wav,sp c'est le pave au dessus du rond gris {ns} sp
DATA_Livia_tache02_11025_174.wav,sp c'est l' insulte sur le triangle bleu {ns}
DATA_ClaraG_tache02_11025_187.wav,c'est le bonnet sp en dessous du carre gris {ns}
DATA_ClaraG_tache01_11025_60.wav,c'est le sommet a cote du carre vert {ns} sp
DATA_Emre_tache02_11025_95.wav,sp c'est la sirene a cote du triangle bleu {ns}
DATA_Chloe_tache02_11025_72.wav,c'est le bazar au dessus de l' etoile verte {ns} sp
DATA_Thomas_tache02_11025_67.wav,c'est absurde sp au dessus du rond rouge sp {ns} sp
DATA_Chloe_tache02_11025_2.wav,sp c'est le karma sp sur l' etoile grise {ns} sp
DATA_Emre_tache02_11025_192.wav,sp c'est sp haineux au dessus du carre rouge {ns}
DATA_Emre_tache02_11025_204.wav,c'est la morphine sp sur le carre rouge {ns} sp
DATA_Celine_tache01_11025_169.wav,sp c'est le voisin sur le rond bleu sp {ns}
DATA_Chloe_tache02_11025_57.wav,c'est la fontaine sp sur le carre vert {ns} sp
DATA_Thibault_tache01_11025_87.wav,c'est le recu sp sur le triangle rouge {ns} sp
DATA_Ariane_tache01_11025_63.wav,c'est la villa sp au dessus sp de l' etoile sp jaune {ns} sp
DATA_ClaraG_tache02_11025_194.wav,c'est le diamant a cote du triangle rouge {ns}
DATA_Thibault_tache01_11025_205.wav,c'est le gouter sp en dessous sp du carre bleu sp {ns} sp
DATA_Thibault_tache01_11025_69.wav,c'est le beguin sp a cote du rond rouge {ns}
DATA_Chloe_tache01_11025_159.wav,sp c'est le fardeau sur l' etoile bleue sp {ns}
DATA_Chloe_tache01_11025_58.wav,c'est le savant sp en dessous de l' etoile verte {ns} sp
DATA_Livia_tache01_11025_16.wav,sp c'est le cartable en dessous du rond sp jaune sp {ns} sp
DATA_Thibault_tache01_11025_16.wav,c'est sp le cartable en dessous du rond jaune sp {ns} sp
DATA_Celine_tache01_11025_144.wav,c'est la cadence a cote du rond rouge sp {ns} sp
DATA_Nael_tache01_11025_57.wav,sp c'est la fontaine sur le carre vert {ns}
DATA_Camille_tache01_11025_136.wav,c'est la poupee sp sur le carre vert {ns} sp
DATA_Nael_tache02_11025_128.wav,c'est le vernis en dessous de l' etoile grise sp {ns}
DATA_Chloe_tache01_11025_6.wav,c'est le genou sp sur le rond gris sp {ns} sp
DATA_Celine_tache02_11025_89.wav,sp c'est le cadet sp sur le carre rouge {ns} sp
DATA_Chloe_tache02_11025_48.wav,c'est le sud a cote du rond bleu {ns}
DATA_Clara_tache01_11025_76.wav,c'est l' aveu sp en dessous sp du rond rouge {ns}
DATA_AnnaL_tache02_11025_157.wav,c'est le dilemme sp en dessous de l' etoile verte {ns} sp
DATA_Ariane_tache02_11025_111.wav,sp c'est la danseuse sp a cote de l' etoile sp jaune sp {ns}
DATA_Melanie_tache01_11025_47.wav,sp c'est cinquante sur le cercle vert {ns}
DATA_Emre_tache02_11025_104.wav,sp c'est la blessure sp a cote du carre gris {ns} sp
DATA_Livia_tache01_11025_82.wav,c'est la belle-mere a cote du rond vert {ns}
DATA_ClaraG_tache02_11025_170.wav,c'est certaine au dessus de l' etoile rouge {ns}
DATA_Thibault_tache01_11025_18.wav,c'est le citron sp au dessus sp du triangle bleu sp {ns}
DATA_Emre_tache01_11025_186.wav,sp c'est le lezard a cote du rond jaune {ns}
DATA_AnnaL_tache02_11025_185.wav,c'est l' egard en dessous du triangle rouge {ns}
DATA_Melanie_tache01_11025_70.wav,c'est le budget sp en dessous du triangle bleu sp {ns}
DATA_Lucie_tache02_11025_3.wav,c'est le blaspheme sp sur sp le triangle bleu {ns}
DATA_Ariane_tache01_11025_143.wav,sp c'est le morceau sp sur le carre sp gris {ns}
DATA_Celine_tache02_11025_11.wav,sp c'est le divan en dessous du rond rouge {ns} sp
DATA_Celine_tache02_11025_132.wav,c'est sp epars sur le rond vert {ns} sp
DATA_Chloe_tache02_11025_96.wav,c'est le precis sp sur le carre bleu {ns} sp
DATA_Nael_tache02_11025_23.wav,c'est sp le trophee sur le triangle vert {ns} sp
DATA_Melanie_tache02_11025_95.wav,sp c'est la sirene a cote du triangle bleu sp {ns} sp
DATA_Thomas_tache01_11025_30.wav,c'est le cachet au dessus du carre jaune {ns}
DATA_ClaraG_tache01_11025_156.wav,c'est le sultan a cote du rond bleu {ns}
DATA_AnnaL_tache01_11025_123.wav,c'est l' assaut sur l' etoile verte {ns}
DATA_Chloe_tache02_11025_90.wav,sp c'est le coma sp en dessous du triangle vert {ns} sp
DATA_Lucie_tache02_11025_129.wav,c'est le satin sp sur l' etoile rouge {ns} sp
DATA_Thibault_tache02_11025_155.wav,c'est l' horreur sp sur sp le rond rouge {ns} sp
DATA_Emre_tache02_11025_41.wav,sp c'est jeudi en dessous sp du triangle rouge {ns}
DATA_Camille_tache01_11025_114.wav,sp c'est frileux sp a cote de l' etoile rouge {ns} sp
DATA_Lucie_tache01_11025_26.wav,c'est le tapage sp sur l' etoile verte {ns}
DATA_AnnaL_tache01_11025_30.wav,c'est le cachet sp au dessus du carre jaune {ns}
DATA_Melanie_tache01_11025_5.wav,sp c'est le hublot a cote de l' etoile verte {ns} sp
DATA_Chloe_tache02_11025_61.wav,sp c'est le debit sp sur le rond bleu {ns} sp
DATA_Thomas_tache02_11025_186.wav,c'est le lezard a cote du rond jaune sp {ns} sp
DATA_Ariane_tache01_11025_183.wav,c'est sp le radeau sp en dessous sp du rond sp jaune sp {ns} sp
DATA_AnnaL_tache01_11025_110.wav,c'est sp avare sp a cote du carre jaune {ns} sp
DATA_Thibault_tache02_11025_105.wav,sp c'est le frangin sp en dessous du rond bleu sp {ns} sp
DATA_AnnaL_tache02_11025_72.wav,c'est le bazar sp au dessus de l' etoile verte {ns} sp
DATA_Chloe_tache02_11025_104.wav,c'est la blessure a cote du carre gris {ns}
DATA_Celine_tache02_11025_180.wav,c'est la bonte sur le rond vert {ns}
DATA_ClaraG_tache02_11025_199.wav,sp c'est le refrain au dessus du carre gris {ns}
DATA_Melanie_tache01_11025_149.wav,c'est la flanelle au dessus du cercle bleu sp {ns} sp
DATA_Emre_tache01_11025_79.wav,c'est le theme sp en dessous du carre rouge {ns}
DATA_Lucie_tache02_11025_199.wav,sp c'est le refrain sp au dessus du carre gris {ns}
DATA_Emre_tache01_11025_111.wav,c'est la danseuse a cote de l' etoile jaune {ns}
DATA_ClaraG_tache02_11025_176.wav,c'est la paleur sur le triangle sp jaune {ns} sp
DATA_AnnaL_tache02_11025_67.wav,c'est absurde sp au dessus du rond rouge {ns}
DATA_Nael_tache01_11025_18.wav,c'est le citron sp au dessus sp du triangle bleu {ns} sp
DATA_ClaraG_tache02_11025_28.wav,c'est le machin sp sur le carre bleu {ns}
DATA_Thomas_tache01_11025_99.wav,sp c'est la charrue sp sur le triangle jaune {ns} sp
DATA_Camille_tache01_11025_21.wav,c'est la clarte en dessous du rond vert {ns} sp
DATA_Thomas_tache01_11025_65.wav,c'est le semestre sp au dessus du triangle rouge sp {ns} sp
DATA_Nael_tache01_11025_140.wav,c'est le pasteur en dessous du triangle bleu {ns}
DATA_Nael_tache02_11025_147.wav,sp c'est le visa en dessous de l' etoile jaune sp {ns}
DATA_Clara_tache02_11025_35.wav,c'est le sp climat sp sur sp le triangle rouge sp {ns}
DATA_ClaraG_tache01_11025_187.wav,c'est le bonnet sp en dessous du carre sp gris {ns} sp
DATA_Livia_tache02_11025_195.wav,c'est le menteur a cote du rond vert {ns} sp
DATA_Nael_tache02_11025_122.wav,sp c'est la migraine en dessous du rond sp vert {ns}
DATA_Thibault_tache02_11025_174.wav,sp c'est l' insulte sur le triangle bleu {ns} sp
DATA_Lucie_tache01_11025_205.wav,c'est le gouter sp en dessous du carre bleu {ns}
DATA_Nael_tache02_11025_198.wav,c'est amer au dessus de l' etoile jaune {ns}
DATA_ClaraG_tache01_11025_115.wav,sp c'est la corvee sur le rond rouge {ns} sp
DATA_Livia_tache02_11025_39.wav,c'est douteux au dessus sp du rond vert {ns}
DATA_Ariane_tache01_11025_21.wav,sp c'est sp la clarte sp en sp dessous sp du rond vert {ns}
DATA_Livia_tache01_11025_124.wav,c'est le chene a cote du triangle jaune {ns}
DATA_Lucie_tache01_11025_120.wav,sp c'est le whiskey sp en dessous du rond gris {ns} sp
DATA_Thomas_tache02_11025_115.wav,c'est la corvee sur le rond rouge sp {ns} sp
DATA_Ariane_tache02_11025_118.wav,c'est sp l' etape sp au dessus du carre sp gris {ns}
DATA_Celine_tache01_11025_134.wav,sp c'est le blafard au dessus du carre bleu sp {ns} sp
DATA_AnnaL_tache01_11025_81.wav,c'est le discours a cote du rond gris {ns}
DATA_Celine_tache01_11025_62.wav,sp c'est le carreau au dessus du carre vert {ns} sp
DATA_Melanie_tache01_11025_111.wav,c'est la danseuse a cote de l' etoile jaune {ns}
DATA_Lucie_tache02_11025_201.wav,c'est le gala en dessous sp du rond rouge {ns} sp
DATA_Melanie_tache01_11025_96.wav,c'est le precis sur le carre bleu {ns}
DATA_Chloe_tache01_11025_56.wav,c'est la monnaie a cote du rond vert {ns} sp
DATA_Emre_tache01_11025_198.wav,sp c'est amer au dessus de l' etoile jaune {ns} sp
DATA_Celine_tache02_11025_104.wav,c'est la blessure sp a cote du carre gris sp {ns} sp
DATA_Melanie_tache01_11025_84.wav,sp c'est le bouton a cote de l' etoile bleue {ns}
DATA_Thomas_tache02_11025_151.wav,sp c'est le batard au dessus du carre vert {ns} sp
DATA_Lucie_tache01_11025_23.wav,sp c'est le trophee sp sur le triangle sp vert {ns}
DATA_Celine_tache01_11025_138.wav,sp c'est le degre a cote de l' etoile jaune sp {ns} sp
DATA_Chloe_tache01_11025_164.wav,sp c'est l' achat sp en dessous du rond bleu {ns} sp
DATA_Camille_tache01_11025_36.wav,c'est moelleux sp a cote de l' etoile sp bleue sp {ns} sp
DATA_Melanie_tache01_11025_45.wav,sp c'est le meurtre en dessous de l' etoile bleue sp {ns} sp
DATA_Nael_tache01_11025_168.wav,c'est la soucoupe sur l' etoile sp jaune {ns} sp
DATA_Thibault_tache01_11025_55.wav,c'est le tambour sp en dessous sp du carre sp rouge {ns} sp
DATA_AnnaL_tache02_11025_93.wav,c'est l' intrus sp au dessus du rond jaune sp {ns}
DATA_ClaraG_tache01_11025_118.wav,c'est l' etape sp au dessus du carre gris sp {ns} sp
DATA_Thomas_tache01_11025_29.wav,sp c'est le savon sp en dessous de l' etoile jaune {ns}
DATA_Chloe_tache02_11025_33.wav,c'est la fureur au dessus de l' etoile bleue {ns} sp
DATA_AnnaL_tache01_11025_57.wav,c'est la fontaine sur le carre vert {ns} sp
DATA_Lucie_tache01_11025_93.wav,sp c'est l' intrus sp au dessus sp du rond jaune sp {ns} sp
DATA_Camille_tache01_11025_173.wav,sp c'est le placard en dessous du carre rouge {ns} sp
DATA_AnnaL_tache02_11025_47.wav,c'est cinquante sp sur le rond sp vert {ns}
DATA_Ariane_tache02_11025_4.wav,c'est le ruisseau sp a cote du triangle rouge {ns} sp
DATA_Emre_tache01_11025_190.wav,c'est le godet a cote du triangle gris {ns} sp
DATA_Thomas_tache02_11025_73.wav,c'est le montant au dessus de l' etoile grise {ns} sp
DATA_Emre_tache01_11025_144.wav,sp c'est la cadence a cote du rond rouge {ns}
DATA_AnnaL_tache02_11025_195.wav,c'est le menteur sp a cote du rond vert {ns}
DATA_Ariane_tache02_11025_140.wav,sp c'est sp le pasteur sp en dessous du triangle sp bleu {ns} sp
DATA_Chloe_tache02_11025_44.wav,c'est la bougie sp au dessus du triangle sp gris {ns} sp
DATA_Livia_tache02_11025_77.wav,sp c'est supreme au dessus du triangle rouge sp {ns}
DATA_AnnaL_tache02_11025_190.wav,c'est le godet sp a cote du triangle gris {ns} sp
DATA_ClaraG_tache02_11025_171.wav,c'est morveux en dessous de l' etoile grise {ns} sp
DATA_ClaraG_tache02_11025_190.wav,c'est le godet a cote du triangle gris {ns}
DATA_Lucie_tache01_11025_11.wav,c'est le divan sp en dessous du rond rouge {ns} sp
DATA_Lucie_tache01_11025_201.wav,sp c'est le gala sp en dessous du rond rouge sp {ns} sp
DATA_Chloe_tache02_11025_173.wav,c'est le placard en dessous du carre rouge sp {ns}
DATA_Livia_tache01_11025_47.wav,c'est cinquante sur le rond sp vert {ns} sp
DATA_Ariane_tache02_11025_35.wav,c'est sp le climat sp sur le triangle rouge {ns} sp
DATA_Livia_tache02_11025_52.wav,c'est la censure en dessous de l' etoile grise {ns}
DATA_Melanie_tache01_11025_160.wav,c'est ainsi sur le carre bleu sp {ns}
DATA_Celine_tache01_11025_131.wav,sp c'est la philo en dessous du triangle rouge sp {ns} sp
DATA_Melanie_tache02_11025_141.wav,c'est laiteuse sp au dessus du rond gris sp {ns} sp
DATA_Thibault_tache01_11025_53.wav,sp c'est l' arete sp au dessus du triangle vert {ns}
DATA_Livia_tache02_11025_199.wav,sp c'est le refrain au dessus du carre gris {ns}
DATA_ClaraG_tache01_11025_175.wav,c'est le ruban a cote du rond gris {ns}
DATA_Melanie_tache01_11025_107.wav,sp c'est relax a cote du triangle rouge {ns} sp
DATA_Ariane_tache01_11025_193.wav,sp c'est le sp parrain sp au dessus sp du triangle sp rouge {ns} sp
DATA_Thibault_tache02_11025_104.wav,sp c'est la blessure a cote du carre gris sp {ns} sp
DATA_AnnaL_tache02_11025_99.wav,c'est la charrue sp sur le triangle jaune {ns}
DATA_Melanie_tache02_11025_44.wav,c'est la bougie au dessus du triangle gris {ns}
DATA_Thomas_tache02_11025_78.wav,c'est l' entente a cote du rond rouge {ns}
DATA_Thomas_tache02_11025_37.wav,c'est la pizza au dessus sp du rond jaune sp {ns} sp
DATA_Thibault_tache01_11025_144.wav,c'est la cadence sp a cote du rond rouge {ns} sp
DATA_AnnaL_tache02_11025_100.wav,c'est le soda sp au dessus du triangle jaune {ns}
DATA_Ariane_tache01_11025_142.wav,c'est la sp puree sp en dessous sp de l' etoile sp bleue {ns} sp
DATA_ClaraG_tache01_11025_102.wav,sp c'est l' etang sp au dessus de l' etoile bleue sp {ns}
DATA_ClaraG_tache02_11025_72.wav,c'est le bazar au dessus de l' etoile verte {ns}
DATA_AnnaL_tache02_11025_14.wav,c'est le secteur en dessous du rond gris {ns} sp
DATA_Camille_tache02_11025_173.wav,sp c'est le placard en dessous du carre rouge {ns} sp
DATA_Nael_tache01_11025_43.wav,sp c'est le poussin en sp dessous du sp triangle jaune {ns}
DATA_Chloe_tache01_11025_165.wav,c'est l' arene a cote de l' etoile verte {ns} sp
DATA_Lucie_tache02_11025_113.wav,c'est la moto en dessous de l' etoile bleue sp {ns}
DATA_Ariane_tache02_11025_19.wav,sp c'est le plafond sp au dessus du rond sp gris {ns} sp
DATA_Ariane_tache01_11025_42.wav,sp c'est sp l' sp harem sp en dessous de l' etoile sp rouge sp {ns} sp
DATA_Celine_tache02_11025_102.wav,c'est l' etang au dessus de l' etoile bleue sp {ns} sp
DATA_ClaraG_tache02_11025_112.wav,c'est le pave au dessus du rond gris {ns}
DATA_Emre_tache02_11025_161.wav,c'est le coton a cote du carre rouge {ns} sp
DATA_Thomas_tache01_11025_53.wav,c'est l' arete sp au dessus du triangle vert {ns} sp
DATA_Chloe_tache02_11025_171.wav,c'est sp morveux en dessous de l' etoile grise {ns}
DATA_Ariane_tache02_11025_116.wav,sp c'est sp l' allure sp sur l' etoile sp grise {ns} sp
DATA_AnnaL_tache02_11025_2.wav,c'est le karma sp sur l' etoile grise {ns} sp
DATA_Thomas_tache01_11025_158.wav,c'est l' orage en dessous du rond vert {ns} sp
DATA_Ariane_tache01_11025_114.wav,c'est frileux sp a cote sp de l' etoile sp rouge {ns} sp
DATA_Melanie_tache01_11025_55.wav,sp c'est le tambour en dessous du carre rouge sp {ns}
DATA_AnnaL_tache01_11025_194.wav,c'est le diamant a cote du triangle rouge {ns}
DATA_Emre_tache01_11025_69.wav,c'est le beguin a cote du rond rouge sp {ns}
DATA_ClaraG_tache01_11025_21.wav,c'est la clarte sp en dessous du rond vert {ns}
DATA_Chloe_tache01_11025_161.wav,c'est le coton a cote du carre rouge sp {ns}
DATA_AnnaL_tache01_11025_18.wav,c'est le citron au dessus du sp triangle bleu {ns}
DATA_ClaraG_tache01_11025_87.wav,c'est le recu sur le triangle rouge {ns}
DATA_Emre_tache02_11025_189.wav,c'est le courroux a cote de l' etoile bleue {ns} sp
DATA_Melanie_tache01_11025_78.wav,c'est l' entente a cote du cercle rouge {ns} sp
DATA_Chloe_tache02_11025_193.wav,sp c'est le parrain au dessus du triangle rouge {ns}
DATA_Lucie_tache02_11025_49.wav,c'est la fierte au dessus de l' etoile verte {ns}
DATA_Clara_tache02_11025_8.wav,c'est le vaccin sur le rond sp jaune {ns}
DATA_AnnaL_tache01_11025_10.wav,sp c'est l' argile a cote du triangle bleu {ns}
DATA_Camille_tache01_11025_202.wav,c'est le bambou sp sur le triangle vert {ns} sp
DATA_Nael_tache02_11025_95.wav,c'est la sirene a cote du triangle bleu {ns} sp
DATA_Clara_tache02_11025_149.wav,c'est la flanelle sp au dessus du rond sp bleu sp {ns}
DATA_Ariane_tache01_11025_78.wav,sp c'est sp l' entente sp a cote du rond sp rouge {ns} sp
DATA_Melanie_tache01_11025_94.wav,c'est le marquis a cote de l' etoile verte sp {ns}
DATA_Emre_tache01_11025_159.wav,c'est le fardeau sur l' etoile bleue sp {ns} sp
DATA_ClaraG_tache02_11025_89.wav,sp c'est le cadet sp sur le carre rouge {ns} sp
DATA_Celine_tache02_11025_41.wav,c'est jeudi sp en dessous du triangle rouge sp {ns}
DATA_Nael_tache02_11025_165.wav,c'est l' arene a cote de l' etoile verte {ns}
DATA_AnnaL_tache02_11025_106.wav,c'est la servante sp a cote du triangle vert {ns} sp
DATA_Ariane_tache02_11025_61.wav,c'est le debit sp sur le rond sp bleu sp {ns} sp
DATA_Livia_tache02_11025_109.wav,sp c'est la detresse en dessous du carre bleu {ns}
DATA_Chloe_tache02_11025_93.wav,c'est l' intrus sp au dessus du rond jaune {ns} sp
DATA_Thibault_tache02_11025_170.wav,c'est certaine au dessus de l' etoile rouge sp {ns} sp
DATA_Celine_tache02_11025_33.wav,c'est la fureur au dessus de l' etoile bleue {ns} sp
DATA_AnnaL_tache01_11025_63.wav,c'est la villa au dessus de l' etoile jaune {ns}
DATA_Livia_tache02_11025_172.wav,c'est l' ivresse sp en dessous du carre jaune {ns}
DATA_Melanie_tache02_11025_177.wav,c'est la rigueur a cote du carre gris {ns}
DATA_Chloe_tache02_11025_66.wav,c'est le sp pate sp en dessous du triangle bleu {ns}
DATA_AnnaL_tache02_11025_160.wav,c'est ainsi sp sur le carre bleu {ns}
DATA_Lucie_tache01_11025_68.wav,c'est le business sp a cote sp du carre sp bleu sp {ns} sp
DATA_Melanie_tache01_11025_16.wav,sp c'est le cartable en dessous du cercle jaune {ns} sp
DATA_Nael_tache01_11025_163.wav,c'est l' audace au dessus du triangle bleu sp {ns}
DATA_Lucie_tache01_11025_188.wav,sp c'est hagard sp sur sp le carre jaune {ns}
DATA_AnnaL_tache02_11025_85.wav,c'est le sceau sp sur le rond gris {ns}
DATA_Ariane_tache01_11025_70.wav,sp c'est le budget en sp dessous du triangle bleu {ns} sp
DATA_Thomas_tache02_11025_82.wav,sp c'est la belle-mere a cote du rond vert {ns}
DATA_Thibault_tache02_11025_94.wav,c'est le marquis a cote de l' etoile verte {ns} sp
DATA_Thomas_tache01_11025_62.wav,c'est le carreau au dessus du carre vert {ns} sp
DATA_Ariane_tache01_11025_199.wav,c'est sp le refrain sp au dessus du carre sp gris {ns} sp
DATA_Chloe_tache01_11025_25.wav,c'est l' atout sp sur l' etoile jaune sp {ns} sp
DATA_Chloe_tache02_11025_126.wav,c'est l' otage en dessous de l' etoile verte {ns} sp
DATA_Lucie_tache02_11025_162.wav,c'est le soupcon sp au dessus sp du rond rouge {ns} sp
DATA_Livia_tache01_11025_157.wav,c'est le dilemme en dessous sp de l' etoile sp verte {ns} sp
DATA_ClaraG_tache01_11025_98.wav,c'est le colis sp au dessus du rond bleu {ns}
DATA_Emre_tache02_11025_49.wav,c'est la fierte au dessus de l' etoile sp verte sp {ns}
DATA_Ariane_tache01_11025_203.wav,sp c'est la revue sp en dessous du triangle sp gris {ns} sp
DATA_Emre_tache01_11025_168.wav,sp c'est la soucoupe sur l' etoile jaune {ns}
DATA_Lucie_tache02_11025_102.wav,c'est l' etang sp au dessus sp de l' etoile bleue {ns}
DATA_Ariane_tache02_11025_169.wav,c'est le voisin sp sur le rond sp bleu {ns} sp
DATA_Thomas_tache01_11025_190.wav,sp c'est le godet a cote du triangle gris {ns} sp
DATA_Livia_tache02_11025_48.wav,c'est le sud a cote du rond bleu {ns}
DATA_Camille_tache02_11025_121.wav,c'est le delta sp en dessous du triangle gris {ns} sp
DATA_Ariane_tache01_11025_77.wav,c'est supreme sp au dessus du triangle rouge {ns} sp
DATA_Ariane_tache01_11025_198.wav,c'est sp amer sp au dessus de l' etoile sp jaune {ns}
DATA_Livia_tache01_11025_19.wav,c'est le plafond sp au dessus du rond gris {ns}
DATA_Livia_tache02_11025_87.wav,c'est le recu sur le triangle rouge {ns}
DATA_Nael_tache02_11025_107.wav,sp c'est relax a cote du triangle rouge sp {ns} sp
DATA_Celine_tache02_11025_7.wav,sp c'est la source sp sur le carre jaune {ns} sp
DATA_Livia_tache02_11025_27.wav,c'est le tombeau a cote du sp carre jaune {ns}
DATA_Thomas_tache01_11025_50.wav,sp c'est le talon sp en dessous du triangle vert {ns} sp
DATA_Chloe_tache01_11025_67.wav,sp c'est absurde au dessus du rond rouge {ns} sp
DATA_Ariane_tache02_11025_73.wav,sp c'est le montant sp au dessus de l' etoile sp grise {ns}
DATA_Ariane_tache02_11025_74.wav,c'est sp la graine sp en dessous du rond sp jaune {ns} sp
DATA_Nael_tache01_11025_99.wav,c'est la charrue sur le triangle jaune sp {ns} sp
DATA_Chloe_tache02_11025_108.wav,c'est l' enjeu sp sur le triangle vert {ns} sp
DATA_Chloe_tache02_11025_36.wav,c'est moelleux a cote de l' etoile bleue {ns} sp
DATA_Emre_tache02_11025_57.wav,c'est la fontaine sp sur le carre vert {ns} sp
DATA_Livia_tache02_11025_200.wav,c'est le campus au dessus du triangle jaune {ns} sp
DATA_Camille_tache01_11025_200.wav,sp c'est le campus sp au dessus du triangle jaune {ns} sp
DATA_Lucie_tache02_11025_160.wav,c'est ainsi sur le carre bleu sp {ns} sp
DATA_Thomas_tache01_11025_100.wav,c'est le soda au dessus du triangle jaune {ns}
DATA_Melanie_tache01_11025_170.wav,sp c'est certaine au dessus de l' etoile rouge {ns} sp
DATA_Lucie_tache02_11025_32.wav,sp c'est le bouquin sp sur le triangle gris {ns}
DATA_Melanie_tache01_11025_113.wav,sp c'est la moto sp en dessous de l' etoile bleue {ns} sp
DATA_Camille_tache01_11025_66.wav,c'est le pate sp en dessous du triangle bleu {ns} sp
DATA_Melanie_tache02_11025_21.wav,sp c'est la clarte sp en dessous du rond vert {ns}
DATA_Livia_tache01_11025_70.wav,c'est le budget sp en dessous du sp triangle sp bleu sp {ns} sp
DATA_Thibault_tache02_11025_204.wav,c'est la morphine sp sur le carre rouge {ns} sp
DATA_Lucie_tache01_11025_179.wav,c'est la pancarte sp au dessus du triangle gris {ns}
DATA_Nael_tache02_11025_187.wav,c'est le bonnet en dessous du carre gris {ns}
DATA_Emre_tache02_11025_115.wav,c'est la corvee sp sur le rond rouge {ns}
DATA_Emre_tache02_11025_171.wav,c'est morveux sp en dessous de l' etoile grise sp {ns}
DATA_Emre_tache02_11025_28.wav,c'est le machin sur le carre bleu {ns} sp
DATA_Nael_tache01_11025_22.wav,c'est le couvent sp a cote de l' etoile grise {ns} sp
DATA_Camille_tache02_11025_165.wav,c'est l' arene sp a cote de l' etoile verte sp {ns} sp
DATA_Nael_tache02_11025_143.wav,c'est le morceau sur le carre gris {ns} sp
DATA_Clara_tache02_11025_76.wav,c'est l' aveu sp en dessous sp du rond sp rouge sp {ns}
DATA_Camille_tache01_11025_159.wav,sp c'est le fardeau sp sur l' etoile bleue sp {ns}
DATA_Thomas_tache02_11025_27.wav,sp c'est le tombeau a cote du carre jaune {ns}
DATA_Melanie_tache02_11025_43.wav,sp c'est le poussin sp en dessous du triangle jaune {ns} sp
DATA_Ariane_tache01_11025_194.wav,c'est le diamant sp a cote sp du triangle sp rouge {ns}
DATA_Thibault_tache02_11025_69.wav,c'est le beguin a cote du rond rouge sp {ns} sp
DATA_Celine_tache02_11025_115.wav,sp c'est la corvee sur le rond rouge {ns} sp
DATA_Livia_tache02_11025_160.wav,sp c'est ainsi sp sur le carre bleu sp {ns}
DATA_Livia_tache02_11025_26.wav,c'est le tapage sur l' etoile verte {ns}
DATA_Clara_tache01_11025_140.wav,c'est le pasteur en dessous du triangle bleu sp {ns}
DATA_Emre_tache01_11025_26.wav,sp c'est le tapage sur l' etoile sp verte {ns} sp
DATA_Lucie_tache02_11025_193.wav,c'est le parrain au dessus du triangle rouge {ns} sp
DATA_Thomas_tache01_11025_202.wav,c'est le bambou sur le triangle vert {ns} sp
DATA_Camille_tache01_11025_177.wav,c'est la rigueur sp a cote du carre gris {ns} sp
DATA_AnnaL_tache01_11025_124.wav,c'est le chene sp a cote du sp triangle jaune {ns}
DATA_Clara_tache01_11025_141.wav,c'est sp laiteuse sp au dessus sp du rond sp gris {ns}
DATA_ClaraG_tache02_11025_70.wav,c'est le budget sp en dessous du triangle bleu sp {ns}
DATA_Ariane_tache02_11025_47.wav,c'est cinquante sp sur le rond sp vert {ns} sp
DATA_Lucie_tache01_11025_150.wav,sp c'est sp issu sp au dessus sp du carre jaune {ns} sp
DATA_AnnaL_tache02_11025_170.wav,sp c'est certaine sp au dessus de l' etoile rouge {ns}
DATA_Ariane_tache02_11025_163.wav,c'est sp l' audace sp au dessus du triangle sp bleu sp {ns}
DATA_ClaraG_tache02_11025_188.wav,c'est hagard sp sur le carre jaune sp {ns} sp
DATA_Nael_tache01_11025_195.wav,c'est le menteur a cote du rond vert sp {ns}
DATA_AnnaL_tache01_11025_118.wav,c'est l' etape au dessus sp du carre gris {ns}
DATA_Clara_tache02_11025_178.wav,sp c'est l' antenne sp sur l' etoile sp grise sp {ns}
DATA_Camille_tache01_11025_158.wav,sp c'est l' orage sp en dessous sp du rond vert {ns} sp
DATA_Camille_tache01_11025_187.wav,sp c'est le bonnet sp en dessous du carre gris sp {ns} sp
DATA_Camille_tache02_11025_112.wav,sp c'est le pave au dessus du rond gris {ns} sp
DATA_Celine_tache01_11025_130.wav,c'est le marteau au dessus de l' etoile jaune sp {ns}
DATA_Thibault_tache01_11025_60.wav,c'est le sommet a cote du carre vert {ns}
DATA_AnnaL_tache02_11025_164.wav,c'est l' achat sp en dessous du rond bleu sp {ns}
DATA_ClaraG_tache01_11025_13.wav,sp c'est soudaine sp dans le carre rouge {ns} sp
DATA_Celine_tache01_11025_112.wav,sp c'est le pave au dessus du rond gris sp {ns} sp
DATA_ClaraG_tache02_11025_29.wav,c'est le savon sp en dessous de l' etoile jaune {ns}
DATA_Ariane_tache01_11025_6.wav,sp c'est le genou sur le rond sp gris {ns} sp
DATA_Celine_tache02_11025_1.wav,c'est l' epoux sp sur le carre gris {ns}
DATA_Lucie_tache02_11025_105.wav,c'est le frangin en dessous sp du rond bleu sp {ns}
DATA_Celine_tache01_11025_114.wav,sp c'est frileux a cote de l' etoile rouge {ns} sp
DATA_Livia_tache02_11025_136.wav,c'est la poupee sur le carre vert {ns}
DATA_Clara_tache01_11025_148.wav,c'est le donjon sp a cote du triangle jaune {ns}
DATA_Camille_tache01_11025_83.wav,sp c'est decu sp a cote de l' etoile sp grise {ns}
DATA_ClaraG_tache01_11025_111.wav,sp c'est la danseuse a cote de l' etoile jaune {ns} sp
DATA_Nael_tache01_11025_118.wav,c'est l' etape au dessus du carre gris sp {ns} sp
DATA_Chloe_tache01_11025_144.wav,c'est la cadence a cote du rond rouge sp {ns} sp
DATA_Thibault_tache01_11025_127.wav,c'est le buisson sp au dessus sp du triangle gris {ns} sp
DATA_Chloe_tache02_11025_40.wav,sp c'est l' ouvrage en dessous du carre gris {ns}
DATA_AnnaL_tache02_11025_18.wav,c'est le citron au dessus du triangle bleu sp {ns}
DATA_Celine_tache02_11025_20.wav,c'est sp hideux a cote du rond jaune {ns} sp
DATA_Chloe_tache02_11025_65.wav,c'est le semestre au dessus du triangle rouge {ns}
DATA_Ariane_tache01_11025_75.wav,c'est le cingle sp a cote sp du carre sp bleu sp {ns} sp
DATA_Livia_tache01_11025_143.wav,c'est le morceau sur le carre gris {ns}
DATA_ClaraG_tache02_11025_48.wav,c'est le sud a cote du rond bleu {ns} sp
DATA_ClaraG_tache01_11025_170.wav,c'est certaine sp au dessus de l' etoile rouge {ns}
DATA_Lucie_tache02_11025_192.wav,c'est sp haineux sp au dessus du carre rouge {ns} sp
DATA_Thibault_tache01_11025_195.wav,sp c'est le menteur a cote sp du rond vert {ns} sp
DATA_Lucie_tache01_11025_145.wav,sp c'est l' etage au dessus du rond vert {ns} sp
DATA_Livia_tache02_11025_12.wav,c'est les etats sp sur l' etoile bleue {ns}
DATA_Clara_tache02_11025_148.wav,c'est le donjon sp a cote du triangle jaune {ns}
DATA_Thomas_tache02_11025_97.wav,sp c'est rugueux sur l' etoile bleue sp {ns}
DATA_Thomas_tache02_11025_118.wav,sp c'est l' etape au dessus du carre gris {ns} sp
DATA_Ariane_tache01_11025_46.wav,sp c'est sp la ressource sp au dessus sp du carre sp gris {ns}
DATA_Clara_tache01_11025_107.wav,c'est relax sp a cote sp du triangle rouge {ns}
DATA_Lucie_tache01_11025_142.wav,sp c'est la puree sp en dessous de l' etoile bleue sp {ns}
DATA_Melanie_tache01_11025_82.wav,c'est la belle-mere a cote du cercle vert {ns} sp
DATA_Chloe_tache01_11025_168.wav,c'est la soucoupe sur l' etoile jaune {ns}
DATA_Clara_tache01_11025_44.wav,c'est la bougie sp au dessus du triangle gris sp {ns}
DATA_Nael_tache02_11025_112.wav,c'est le pave au dessus du rond gris sp {ns} sp
DATA_Chloe_tache01_11025_157.wav,c'est sp le dilemme en dessous de l' etoile verte sp {ns} sp
DATA_ClaraG_tache01_11025_18.wav,c'est le citron au dessus du triangle bleu sp {ns}
DATA_Emre_tache02_11025_62.wav,c'est le carreau au dessus du carre sp vert {ns} sp
DATA_ClaraG_tache02_11025_3.wav,c'est le blaspheme sur le triangle bleu sp {ns}
DATA_Melanie_tache02_11025_104.wav,sp c'est la blessure a cote du carre gris sp {ns} sp
DATA_Celine_tache01_11025_149.wav,sp c'est la flanelle au dessus du rond bleu sp {ns}
DATA_Thomas_tache02_11025_204.wav,sp c'est la morphine sur le carre rouge {ns}
DATA_Thibault_tache02_11025_100.wav,c'est le soda au dessus du triangle jaune sp {ns} sp
DATA_Lucie_tache02_11025_130.wav,c'est le marteau au dessus de l' etoile jaune {ns} sp
DATA_Melanie_tache02_11025_129.wav,sp c'est le satin sur l' etoile rouge {ns} sp
DATA_Celine_tache02_11025_55.wav,c'est le tambour en dessous du carre rouge {ns}
DATA_Thibault_tache01_11025_63.wav,c'est la villa sp au dessus de l' etoile jaune {ns}
DATA_ClaraG_tache01_11025_20.wav,c'est sp hideux a cote du rond jaune {ns} sp
DATA_ClaraG_tache02_11025_41.wav,c'est jeudi en dessous du sp triangle rouge {ns} sp
DATA_AnnaL_tache02_11025_20.wav,sp c'est sp hideux sp a cote du rond jaune sp {ns}
DATA_Thibault_tache02_11025_123.wav,c'est l' assaut sur l' etoile verte {ns} sp
DATA_Emre_tache02_11025_131.wav,c'est la philo sp en dessous du triangle rouge {ns}
DATA_Lucie_tache02_11025_41.wav,sp c'est jeudi sp en dessous du triangle rouge {ns}
DATA_Ariane_tache02_11025_77.wav,c'est supreme sp au dessus du triangle rouge {ns} sp
DATA_Emre_tache01_11025_5.wav,sp c'est le hublot a cote de l' etoile verte {ns} sp
DATA_Chloe_tache01_11025_163.wav,c'est l' audace au dessus du triangle bleu {ns} sp
DATA_Livia_tache01_11025_196.wav,c'est le fromage a cote du carre jaune {ns} sp
DATA_AnnaL_tache01_11025_131.wav,c'est la philo en dessous du triangle rouge {ns}
DATA_Camille_tache01_11025_183.wav,c'est le radeau sp en dessous du rond jaune {ns} sp
DATA_Lucie_tache02_11025_169.wav,c'est le voisin sp sur le rond bleu {ns}
DATA_Melanie_tache01_11025_129.wav,c'est le satin sur l' etoile rouge {ns} sp
DATA_Camille_tache01_11025_53.wav,sp c'est l' arete sp au dessus du triangle vert {ns} sp
DATA_Camille_tache01_11025_61.wav,c'est le debit sp sur sp le rond bleu sp {ns}
DATA_Nael_tache01_11025_67.wav,c'est absurde au dessus du rond rouge {ns} sp
DATA_Celine_tache01_11025_84.wav,sp c'est le bouton a cote de l' etoile bleue sp {ns} sp
DATA_Celine_tache02_11025_27.wav,sp c'est le tombeau a cote du carre jaune sp {ns} sp
DATA_Melanie_tache01_11025_130.wav,c'est le marteau au dessus de l' etoile jaune sp {ns}
DATA_Melanie_tache01_11025_63.wav,sp c'est la villa au dessus de l' etoile jaune sp {ns}
DATA_Celine_tache01_11025_27.wav,sp c'est le tombeau a cote du carre jaune sp {ns}
DATA_Thomas_tache01_11025_205.wav,sp c'est le gouter sp en dessous du carre bleu {ns} sp
DATA_Camille_tache01_11025_65.wav,sp c'est le semestre sp au dessus du triangle rouge {ns} sp
DATA_Clara_tache02_11025_114.wav,c'est frileux sp a cote de l' etoile rouge {ns}
DATA_Chloe_tache01_11025_1.wav,sp c'est l' epoux sp sur le carre gris {ns}
DATA_Celine_tache01_11025_153.wav,sp c'est sp amen au dessus du carre bleu sp {ns} sp
DATA_Livia_tache02_11025_91.wav,c'est le marais au dessus du carre jaune {ns}
DATA_Celine_tache01_11025_5.wav,sp c'est le hublot a cote de l' etoile verte {ns}
DATA_Chloe_tache02_11025_179.wav,c'est la pancarte au dessus du triangle gris {ns}
DATA_Nael_tache02_11025_200.wav,sp c'est le campus au dessus du triangle jaune sp {ns}
DATA_Emre_tache02_11025_176.wav,c'est la paleur sp sur le triangle jaune {ns}
DATA_Chloe_tache02_11025_81.wav,c'est le discours a cote du rond gris {ns} sp
DATA_Camille_tache01_11025_164.wav,c'est l' achat sp en dessous du rond bleu sp {ns} sp
DATA_Lucie_tache02_11025_71.wav,c'est le metteur sur le carre jaune {ns} sp
DATA_Melanie_tache01_11025_54.wav,sp c'est la paresse sp en dessous du carre jaune sp {ns}
DATA_AnnaL_tache01_11025_100.wav,c'est le soda au dessus du triangle jaune sp {ns}
DATA_ClaraG_tache01_11025_152.wav,c'est le cigare au dessus du rond jaune {ns}
DATA_Camille_tache01_11025_125.wav,sp c'est l' arnaque sp en dessous de l' etoile rouge {ns} sp
DATA_Clara_tache02_11025_164.wav,c'est l' achat sp en dessous du rond bleu sp {ns}
DATA_Clara_tache01_11025_104.wav,c'est la blessure a cote du carre gris {ns}
DATA_Chloe_tache02_11025_161.wav,sp c'est le coton a cote du carre rouge {ns}
DATA_Celine_tache02_11025_6.wav,sp c'est le genou sur le rond gris sp {ns} sp
DATA_Chloe_tache02_11025_160.wav,c'est ainsi sp sur sp le carre bleu {ns} sp
DATA_Thomas_tache01_11025_171.wav,c'est morveux en dessous de l' etoile grise sp {ns} sp
DATA_Clara_tache02_11025_163.wav,c'est l' audace sp au dessus du triangle bleu sp {ns}
DATA_Ariane_tache02_11025_2.wav,c'est sp le karma sp sur l' etoile sp grise {ns}
DATA_AnnaL_tache01_11025_147.wav,c'est le visa sp en dessous de l' etoile jaune {ns} sp
DATA_Chloe_tache01_11025_55.wav,c'est le sp tambour en dessous du carre rouge sp {ns} sp
DATA_Lucie_tache01_11025_54.wav,sp c'est la paresse sp en dessous sp du carre sp jaune {ns}
DATA_Clara_tache01_11025_183.wav,c'est le radeau en dessous du rond sp jaune {ns} sp
DATA_Clara_tache02_11025_36.wav,c'est moelleux sp a cote de l' etoile bleue {ns}
DATA_Camille_tache01_11025_203.wav,c'est la revue sp en dessous du triangle gris {ns} sp
DATA_Nael_tache02_11025_110.wav,c'est avare a cote sp du carre jaune sp {ns}
DATA_Camille_tache01_11025_102.wav,sp c'est l' etang sp au dessus de l' etoile bleue sp {ns} sp
DATA_Melanie_tache02_11025_113.wav,sp c'est la moto en dessous de l' etoile bleue sp {ns}
DATA_Livia_tache01_11025_23.wav,sp c'est le trophee sur le triangle vert {ns} sp
DATA_Celine_tache01_11025_58.wav,sp c'est le savant en dessous de l' etoile verte sp {ns} sp
DATA_Livia_tache02_11025_170.wav,c'est certaine sp au dessus de l' etoile rouge {ns} sp
DATA_Camille_tache01_11025_157.wav,sp c'est le dilemme sp en dessous de l' etoile verte {ns} sp
DATA_Chloe_tache02_11025_12.wav,c'est les etats sur l' etoile bleue {ns} sp
DATA_AnnaL_tache01_11025_108.wav,c'est l' enjeu sur le triangle vert {ns}
DATA_Livia_tache01_11025_36.wav,sp c'est moelleux sp a cote de l' etoile bleue {ns} sp
DATA_Celine_tache02_11025_124.wav,sp c'est le chene a cote du triangle jaune {ns}
DATA_Ariane_tache02_11025_87.wav,c'est sp le sp recu sp sur le triangle rouge {ns} sp
DATA_Nael_tache01_11025_1.wav,c'est l' epoux sp sur le carre gris {ns}
DATA_Lucie_tache02_11025_70.wav,sp c'est le budget sp en dessous du triangle bleu {ns}
DATA_ClaraG_tache01_11025_151.wav,c'est le batard au dessus du carre vert {ns}
DATA_Nael_tache02_11025_31.wav,sp c'est l' etude sur l' etoile rouge {ns}
DATA_Thomas_tache02_11025_51.wav,sp c'est le micro a cote du rond sp gris {ns} sp
DATA_ClaraG_tache01_11025_80.wav,c'est sure sp au dessus du carre rouge {ns} sp
DATA_Camille_tache01_11025_43.wav,sp c'est le poussin sp en dessous du triangle jaune sp {ns} sp
DATA_Clara_tache01_11025_7.wav,c'est sp la source sp sur le carre sp jaune sp {ns}
DATA_Ariane_tache02_11025_18.wav,sp c'est le citron sp au dessus du triangle bleu {ns} sp
DATA_Ariane_tache01_11025_118.wav,c'est l' etape sp au dessus du carre sp gris {ns} sp
DATA_Melanie_tache02_11025_174.wav,sp c'est l' insulte sur le triangle bleu sp {ns} sp
DATA_AnnaL_tache01_11025_45.wav,c'est le meurtre sp en dessous de l' etoile bleue {ns} sp
DATA_Chloe_tache02_11025_84.wav,c'est le bouton a cote de l' etoile bleue {ns} sp
DATA_Nael_tache02_11025_188.wav,c'est hagard sur le carre jaune {ns}
DATA_Camille_tache02_11025_40.wav,c'est l' ouvrage sp en dessous sp du sp carre gris {ns} sp
DATA_Livia_tache02_11025_112.wav,c'est le sp pave sp au dessus du rond gris {ns}
DATA_ClaraG_tache01_11025_1.wav,c'est l' epoux sp dans le carre gris {ns}
DATA_Lucie_tache01_11025_162.wav,sp c'est le soupcon sp au dessus sp du rond rouge {ns} sp
DATA_Clara_tache01_11025_62.wav,c'est le carreau sp au dessus du carre sp vert {ns}
DATA_Nael_tache01_11025_155.wav,c'est l' horreur sp sur sp le rond rouge {ns} sp
DATA_Melanie_tache02_11025_40.wav,sp c'est l' ouvrage en dessous du carre gris {ns}
DATA_Melanie_tache02_11025_15.wav,c'est l' ecart a cote du carre rouge {ns}
DATA_ClaraG_tache02_11025_67.wav,c'est absurde sp au dessus du rond rouge {ns}
DATA_Celine_tache01_11025_128.wav,sp c'est le vernis sp en dessous de l' etoile grise {ns}
DATA_Chloe_tache01_11025_32.wav,c'est le bouquin sp sur le triangle gris {ns} sp
DATA_Livia_tache02_11025_122.wav,sp c'est la migraine sp en dessous du rond vert {ns}
DATA_AnnaL_tache02_11025_159.wav,c'est le fardeau sur l' etoile bleue sp {ns}
DATA_AnnaL_tache02_11025_134.wav,c'est le blafard au dessus du carre bleu {ns}
DATA_Thomas_tache02_11025_128.wav,c'est le vernis sp en dessous de l' etoile grise {ns} sp
DATA_Chloe_tache02_11025_83.wav,c'est decu sp a cote de l' etoile grise sp {ns} sp
DATA_Nael_tache01_11025_121.wav,c'est le delta en dessous du triangle gris {ns} sp
DATA_Ariane_tache02_11025_93.wav,c'est sp l' intrus sp au dessus du rond sp jaune {ns} sp
DATA_Lucie_tache01_11025_22.wav,c'est le couvent a cote de l' etoile grise {ns}
DATA_Thomas_tache02_11025_116.wav,c'est l' allure sur l' etoile grise sp {ns} sp
DATA_Chloe_tache01_11025_62.wav,sp c'est le carreau au dessus du carre vert {ns} sp
DATA_Melanie_tache02_11025_136.wav,sp c'est la poupee sur le carre vert {ns} sp
DATA_Clara_tache01_11025_10.wav,c'est l' argile a cote du triangle bleu sp {ns}
DATA_Ariane_tache01_11025_36.wav,c'est sp moelleux sp a cote sp de l' etoile sp bleue {ns} sp
DATA_Emre_tache02_11025_64.wav,c'est la capsule sp au dessus du carre rouge sp {ns} sp
DATA_Ariane_tache02_11025_25.wav,c'est l' atout sp sur l' etoile sp jaune {ns} sp
DATA_AnnaL_tache02_11025_194.wav,c'est le diamant sp a cote du triangle rouge sp {ns} sp
DATA_Livia_tache02_11025_131.wav,c'est la philo sp en dessous du triangle rouge sp {ns}
DATA_Camille_tache02_11025_195.wav,c'est le menteur a cote du rond vert {ns} sp
DATA_Thomas_tache02_11025_200.wav,sp c'est le campus au dessus du triangle jaune {ns} sp
DATA_Melanie_tache01_11025_109.wav,c'est la detresse sp en dessous du carre bleu sp {ns}
DATA_Clara_tache02_11025_193.wav,c'est le parrain sp au dessus du triangle rouge sp {ns}
DATA_Camille_tache01_11025_19.wav,sp c'est le plafond au dessus du rond gris {ns} sp
DATA_Livia_tache02_11025_191.wav,c'est les patins sp en dessous sp du carre sp vert {ns} sp
DATA_Lucie_tache02_11025_157.wav,c'est le dilemme en dessous de l' etoile verte {ns} sp
DATA_AnnaL_tache01_11025_133.wav,c'est le surplus sur le triangle bleu sp {ns}
DATA_Melanie_tache01_11025_75.wav,c'est le cingle a cote du carre bleu sp {ns}
DATA_Emre_tache01_11025_200.wav,c'est le campus au dessus du triangle jaune {ns}
DATA_Thomas_tache02_11025_87.wav,sp c'est le recu sur le triangle rouge {ns} sp
DATA_Clara_tache02_11025_100.wav,c'est le soda sp au dessus du triangle jaune {ns}
DATA_Emre_tache02_11025_48.wav,c'est le sud sp a cote du rond bleu {ns} sp
DATA_Camille_tache02_11025_56.wav,sp c'est la monnaie sp a cote du rond vert {ns}
DATA_Ariane_tache01_11025_99.wav,c'est la charrue sp sur le triangle sp jaune {ns} sp
DATA_Thomas_tache02_11025_187.wav,c'est le bonnet en dessous du carre gris {ns}
DATA_Celine_tache02_11025_127.wav,sp c'est le buisson au dessus du triangle gris sp {ns} sp
DATA_Emre_tache01_11025_7.wav,sp c'est la source sp sur le carre jaune {ns} sp
DATA_Camille_tache01_11025_201.wav,sp c'est le gala sp en dessous du rond sp rouge sp {ns}
DATA_ClaraG_tache02_11025_62.wav,c'est le carreau sp au dessus du carre vert {ns} sp
DATA_Thibault_tache02_11025_147.wav,c'est le visa sp en dessous de l' etoile jaune {ns}
DATA_Nael_tache01_11025_38.wav,c'est bavarde a cote de l' etoile sp jaune sp {ns}
DATA_Camille_tache01_11025_104.wav,sp c'est la blessure sp a cote du carre gris {ns} sp
DATA_Celine_tache02_11025_177.wav,c'est la rigueur a cote du carre gris sp {ns} sp
DATA_Emre_tache01_11025_153.wav,c'est amen sp au dessus du carre bleu {ns} sp
DATA_Melanie_tache01_11025_33.wav,c'est la fureur au dessus de l' etoile bleue sp {ns} sp
DATA_Ariane_tache02_11025_110.wav,sp c'est sp avare sp a cote du carre sp jaune {ns}
DATA_Melanie_tache02_11025_27.wav,sp c'est le tombeau a cote du carre jaune {ns}
DATA_Lucie_tache01_11025_61.wav,sp c'est le debit sp sur le rond bleu sp {ns}
DATA_AnnaL_tache02_11025_81.wav,c'est le discours a cote du rond gris {ns} sp
DATA_Melanie_tache02_11025_135.wav,c'est le choeur au dessus du triangle vert {ns}
DATA_Thomas_tache02_11025_152.wav,c'est le cigare au dessus du rond jaune {ns} sp
DATA_Lucie_tache02_11025_185.wav,c'est l' egard en dessous du triangle rouge {ns} sp
DATA_AnnaL_tache02_11025_90.wav,sp c'est le coma sp en dessous du triangle vert {ns} sp
DATA_Livia_tache01_11025_170.wav,c'est certaine sp au dessus de l' etoile rouge {ns} sp
DATA_AnnaL_tache01_11025_140.wav,c'est le pasteur en dessous du triangle bleu sp {ns}
DATA_Thomas_tache01_11025_72.wav,c'est le bazar au dessus de l' etoile verte {ns} sp
DATA_Thomas_tache02_11025_203.wav,c'est la revue en dessous du triangle gris {ns}
DATA_Livia_tache02_11025_56.wav,c'est la monnaie a cote du rond vert {ns}
DATA_Lucie_tache01_11025_131.wav,c'est la philo en dessous sp du triangle rouge {ns}
DATA_Thomas_tache02_11025_130.wav,c'est le marteau au dessus de l' etoile jaune {ns} sp
DATA_ClaraG_tache02_11025_64.wav,c'est la capsule au dessus du carre rouge {ns}
DATA_Chloe_tache01_11025_199.wav,c'est le refrain sp au dessus du carre gris {ns}
DATA_Thomas_tache02_11025_11.wav,sp c'est le divan sp en dessous sp du rond rouge {ns} sp
DATA_Nael_tache01_11025_80.wav,c'est sure sp au dessus du sp carre rouge {ns}
DATA_Lucie_tache02_11025_65.wav,sp c'est le semestre au dessus du triangle rouge {ns} sp
DATA_AnnaL_tache02_11025_34.wav,c'est le parvis sp a cote du triangle vert {ns}
DATA_AnnaL_tache02_11025_108.wav,c'est l' enjeu sp sur le triangle vert {ns}
DATA_Livia_tache02_11025_75.wav,c'est le cingle a cote du carre bleu {ns} sp
DATA_Celine_tache01_11025_2.wav,sp c'est le karma sur l' etoile grise {ns} sp
DATA_Thomas_tache02_11025_103.wav,c'est l' osseux sur le carre gris {ns}
DATA_Lucie_tache01_11025_99.wav,sp c'est la charrue sp sur le triangle jaune sp {ns}
DATA_Livia_tache02_11025_54.wav,c'est la paresse en dessous du carre jaune {ns}
DATA_AnnaL_tache02_11025_26.wav,c'est le tapage sur l' etoile verte {ns}
DATA_Emre_tache01_11025_35.wav,sp c'est le climat sur le triangle rouge {ns} sp
DATA_Thomas_tache01_11025_54.wav,c'est la sp paresse en dessous du carre jaune sp {ns}
DATA_Emre_tache02_11025_135.wav,sp c'est le choeur au dessus du triangle vert {ns}
DATA_Thomas_tache02_11025_112.wav,c'est le pave au dessus du rond gris {ns} sp
DATA_ClaraG_tache02_11025_16.wav,c'est le cartable en dessous du rond jaune {ns}
DATA_Melanie_tache01_11025_187.wav,sp c'est le bonnet en dessous du carre gris {ns} sp
DATA_Livia_tache02_11025_157.wav,c'est le dilemme en dessous de l' etoile verte {ns}
DATA_Celine_tache02_11025_12.wav,sp c'est les etats sp sur l' etoile bleue sp {ns}
DATA_AnnaL_tache01_11025_69.wav,c'est le beguin a cote du rond rouge {ns}
DATA_Melanie_tache01_11025_192.wav,c'est sp haineux au dessus du carre rouge {ns} sp
DATA_Nael_tache02_11025_179.wav,c'est la pancarte au dessus du triangle gris {ns} sp
DATA_Livia_tache02_11025_175.wav,c'est le ruban sp a cote du rond gris {ns}
DATA_Melanie_tache01_11025_28.wav,c'est le machin sur le carre bleu sp {ns} sp
DATA_Nael_tache01_11025_65.wav,sp c'est le semestre au dessus du triangle rouge {ns}
DATA_Thomas_tache01_11025_45.wav,c'est le meurtre en dessous de l' etoile bleue {ns} sp
DATA_Camille_tache01_11025_205.wav,sp c'est le gouter sp en dessous du sp carre bleu sp {ns}
DATA_AnnaL_tache01_11025_153.wav,c'est sp amen sp au dessus du carre bleu sp {ns}
DATA_Celine_tache01_11025_108.wav,sp c'est l' enjeu sur le triangle vert sp {ns} sp
DATA_Nael_tache02_11025_17.wav,c'est l' amas au dessus du triangle jaune sp {ns}
DATA_ClaraG_tache01_11025_162.wav,c'est le soupcon sp au dessus du rond rouge sp {ns} sp
DATA_Celine_tache02_11025_18.wav,c'est le citron au dessus du triangle bleu {ns} sp
DATA_AnnaL_tache01_11025_52.wav,c'est la censure en dessous de l' etoile grise sp {ns}
DATA_Ariane_tache01_11025_163.wav,sp c'est l' audace sp au dessus du triangle bleu {ns}
DATA_Melanie_tache02_11025_54.wav,sp c'est la paresse sp en dessous du carre jaune {ns}
DATA_Lucie_tache02_11025_121.wav,sp c'est le delta sp en dessous du triangle gris {ns} sp
DATA_Chloe_tache01_11025_24.wav,c'est sp le bouchon sur le triangle jaune {ns} sp
DATA_Ariane_tache02_11025_36.wav,sp c'est sp moelleux sp a cote de l' etoile sp bleue {ns}
DATA_Chloe_tache01_11025_45.wav,c'est le meurtre en dessous de l' etoile bleue {ns} sp
DATA_Melanie_tache02_11025_91.wav,sp c'est le marais au dessus du carre jaune {ns} sp
DATA_Clara_tache02_11025_140.wav,sp c'est le pasteur en dessous du triangle bleu sp {ns}
DATA_Thomas_tache02_11025_157.wav,sp c'est le dilemme sp en dessous de l' etoile verte {ns} sp
DATA_Melanie_tache01_11025_183.wav,sp c'est le radeau en dessous du cercle jaune sp {ns}
DATA_Celine_tache01_11025_192.wav,sp c'est sp haineux au dessus du carre rouge {ns}
DATA_Thibault_tache01_11025_83.wav,sp c'est decu sp a cote de l' etoile grise sp {ns} sp
DATA_Clara_tache02_11025_85.wav,c'est le sceau sp sur sp le rond gris {ns}
DATA_AnnaL_tache01_11025_82.wav,sp c'est la belle-mere a cote du rond vert {ns}
DATA_Camille_tache02_11025_2.wav,sp c'est le karma sp sur l' etoile sp grise {ns} sp
DATA_ClaraG_tache01_11025_106.wav,c'est la servante a cote du triangle vert {ns} sp
DATA_Nael_tache02_11025_180.wav,sp c'est la bonte sur le rond sp vert sp {ns}
DATA_AnnaL_tache01_11025_48.wav,c'est le sud a cote du rond bleu {ns} sp
DATA_Melanie_tache01_11025_120.wav,c'est le whiskey en dessous du cercle gris {ns}
DATA_Livia_tache01_11025_174.wav,c'est l' insulte sur le triangle bleu {ns} sp
DATA_Clara_tache02_11025_96.wav,c'est le precis sp sur le carre sp bleu sp {ns} sp
DATA_Lucie_tache01_11025_177.wav,c'est la rigueur a cote du carre sp gris {ns}
DATA_Celine_tache01_11025_55.wav,sp c'est le tambour en dessous du carre rouge sp {ns} sp
DATA_Thomas_tache01_11025_189.wav,sp c'est le courroux sp a cote de l' etoile bleue {ns}
DATA_Nael_tache02_11025_126.wav,c'est l' otage en dessous de l' etoile verte {ns} sp
DATA_Livia_tache02_11025_44.wav,c'est la bougie sp au dessus du triangle gris {ns}
DATA_Thibault_tache02_11025_135.wav,c'est le choeur sp au dessus du triangle vert {ns} sp
DATA_Emre_tache01_11025_57.wav,c'est la fontaine sur le carre sp vert {ns}
DATA_Emre_tache01_11025_189.wav,sp c'est le courroux a cote de l' etoile bleue {ns} sp
DATA_Thibault_tache01_11025_157.wav,c'est le dilemme sp en dessous de l' etoile verte {ns}
DATA_Chloe_tache01_11025_160.wav,c'est sp ainsi sp sur le carre bleu {ns} sp
DATA_Emre_tache01_11025_174.wav,c'est l' insulte sur le triangle bleu sp {ns} sp
DATA_Ariane_tache01_11025_139.wav,sp c'est sp l' egout sp sur le triangle sp rouge {ns} sp
DATA_Ariane_tache01_11025_94.wav,c'est le marquis sp a cote de l' etoile sp verte sp {ns} sp
DATA_Melanie_tache01_11025_61.wav,c'est le debit sur le cercle bleu {ns} sp
DATA_Nael_tache02_11025_48.wav,c'est le sud a cote sp du rond bleu sp {ns} sp
DATA_ClaraG_tache01_11025_120.wav,c'est le whiskey sp en dessous du rond gris {ns}
DATA_Lucie_tache02_11025_56.wav,sp c'est la monnaie a cote sp du rond vert {ns}
DATA_Nael_tache01_11025_53.wav,c'est l' arete sp au dessus du triangle vert sp {ns}
DATA_Celine_tache02_11025_83.wav,sp c'est decu a cote de l' etoile grise {ns} sp
DATA_Thibault_tache01_11025_197.wav,c'est le macon sp sur sp le rond gris {ns} sp
DATA_AnnaL_tache01_11025_135.wav,c'est le choeur sp au dessus sp du sp triangle vert {ns}
DATA_ClaraG_tache01_11025_134.wav,c'est le blafard au dessus du carre bleu sp {ns} sp
DATA_Lucie_tache02_11025_125.wav,c'est l' arnaque en dessous de l' etoile rouge {ns} sp
DATA_ClaraG_tache01_11025_27.wav,c'est le tombeau a cote du carre jaune sp {ns}
DATA_AnnaL_tache01_11025_166.wav,c'est le format en dessous du rond gris {ns}
DATA_Nael_tache01_11025_171.wav,sp c'est morveux sp en dessous de l' etoile grise {ns}
DATA_Thomas_tache02_11025_25.wav,c'est l' atout sur l' etoile jaune {ns}
DATA_Clara_tache01_11025_92.wav,c'est le talus sp a cote sp du rond sp jaune sp {ns}
DATA_Emre_tache02_11025_194.wav,sp c'est le diamant sp a cote du triangle rouge {ns}
DATA_ClaraG_tache01_11025_122.wav,c'est la migraine sp en dessous du rond vert {ns}
DATA_Ariane_tache01_11025_127.wav,sp c'est sp le buisson sp au dessus du triangle sp gris {ns}
DATA_ClaraG_tache01_11025_10.wav,c'est l' argile sp a cote du triangle bleu {ns} sp
DATA_Clara_tache01_11025_172.wav,c'est l' ivresse sp en dessous du carre sp jaune {ns}
DATA_Celine_tache01_11025_163.wav,sp c'est l' audace au dessus du triangle bleu sp {ns} sp
DATA_Livia_tache01_11025_5.wav,c'est le sp hublot a cote de l' etoile verte {ns}
DATA_Celine_tache01_11025_166.wav,c'est le format en dessous du rond gris sp {ns} sp
DATA_AnnaL_tache02_11025_127.wav,c'est le buisson sp au dessus du triangle gris {ns}
DATA_Thomas_tache02_11025_125.wav,sp c'est l' arnaque en dessous de l' etoile rouge {ns} sp
DATA_Clara_tache01_11025_4.wav,c'est le ruisseau sp a cote du triangle rouge {ns}
DATA_Clara_tache01_11025_200.wav,c'est le campus sp au dessus du triangle jaune {ns}
DATA_Livia_tache01_11025_1.wav,c'est l' epoux sp sur le carre gris {ns}
DATA_Emre_tache02_11025_2.wav,c'est le karma sur l' etoile grise {ns} sp
DATA_Lucie_tache02_11025_151.wav,sp c'est le batard au dessus du carre vert {ns} sp
DATA_Clara_tache02_11025_192.wav,c'est sp haineux sp au dessus du carre rouge sp {ns} sp
DATA_Melanie_tache01_11025_25.wav,sp c'est l' atout sur l' etoile jaune sp {ns}
DATA_ClaraG_tache01_11025_15.wav,c'est l' ecart a cote du carre rouge sp {ns}
DATA_Clara_tache02_11025_111.wav,c'est la danseuse a cote de l' etoile sp jaune sp {ns}
DATA_Clara_tache02_11025_186.wav,c'est le lezard a cote du rond sp jaune {ns}
DATA_Celine_tache01_11025_56.wav,sp c'est la monnaie sp a cote du rond vert {ns}
DATA_Thomas_tache02_11025_98.wav,sp c'est le colis au dessus du rond bleu sp {ns}
DATA_Thibault_tache02_11025_16.wav,c'est le cartable sp en dessous du rond jaune sp {ns} sp
DATA_Celine_tache01_11025_143.wav,sp c'est le morceau sur le carre gris sp {ns} sp
DATA_Thomas_tache02_11025_179.wav,sp c'est la sp pancarte au dessus du triangle gris {ns}
DATA_Celine_tache02_11025_22.wav,sp c'est le couvent a cote de l' etoile grise {ns} sp
DATA_Thibault_tache02_11025_66.wav,c'est le pate sp en dessous du triangle bleu {ns} sp
DATA_Emre_tache02_11025_202.wav,c'est le bambou sp sur le triangle vert {ns} sp
DATA_Nael_tache01_11025_15.wav,sp c'est l' ecart a cote sp du sp carre rouge {ns} sp
DATA_Thomas_tache01_11025_149.wav,sp c'est la flanelle au dessus du rond bleu sp {ns} sp
DATA_Livia_tache02_11025_198.wav,c'est amer au dessus de l' etoile jaune {ns} sp
DATA_Chloe_tache02_11025_167.wav,c'est l' hommage a cote du triangle bleu {ns} sp
DATA_Ariane_tache01_11025_192.wav,sp c'est sp haineux sp au dessus sp du carre sp rouge {ns}
DATA_Melanie_tache01_11025_169.wav,sp c'est le voisin sur le cercle bleu sp {ns}
DATA_Celine_tache01_11025_17.wav,sp c'est l' amas sp au dessus du triangle jaune {ns}
DATA_Camille_tache01_11025_184.wav,c'est l' auteur sp sur l' etoile rouge {ns} sp
DATA_Livia_tache01_11025_7.wav,c'est la source sur le carre jaune {ns} sp
DATA_Lucie_tache01_11025_103.wav,sp c'est l' osseux sp sur sp le carre gris sp {ns} sp
DATA_Melanie_tache01_11025_42.wav,c'est l' harem en dessous de l' etoile rouge sp {ns}
DATA_Emre_tache02_11025_172.wav,sp c'est l' ivresse sp en dessous du carre jaune {ns} sp
DATA_ClaraG_tache01_11025_48.wav,c'est le sud sp a cote du rond bleu sp {ns}
DATA_Ariane_tache02_11025_58.wav,c'est le savant sp en dessous de l' etoile sp verte {ns}
DATA_Melanie_tache02_11025_22.wav,c'est le couvent a cote de l' etoile grise {ns}
DATA_Camille_tache01_11025_25.wav,sp c'est l' atout sur l' etoile jaune sp {ns}
DATA_Camille_tache01_11025_100.wav,c'est le soda sp au dessus sp du triangle jaune sp {ns} sp
DATA_Melanie_tache01_11025_74.wav,sp c'est la graine en dessous du cercle jaune sp {ns} sp
DATA_AnnaL_tache01_11025_62.wav,c'est le carreau sp au dessus du sp carre vert {ns} sp
DATA_Nael_tache01_11025_132.wav,c'est epars sp sur le rond sp vert {ns} sp
DATA_Lucie_tache02_11025_179.wav,c'est la pancarte au dessus du triangle gris {ns}
DATA_Clara_tache01_11025_17.wav,c'est sp l' amas sp au dessus sp du triangle jaune {ns}
DATA_Thomas_tache01_11025_48.wav,c'est le sud a cote du rond sp bleu sp {ns} sp
DATA_Celine_tache01_11025_172.wav,sp c'est l' ivresse en dessous du carre jaune sp {ns} sp
DATA_Thibault_tache02_11025_85.wav,c'est le sceau sp sur le rond gris sp {ns} sp
DATA_Nael_tache02_11025_159.wav,sp c'est le fardeau sp sur l' etoile bleue sp {ns}
DATA_Thibault_tache02_11025_98.wav,c'est le colis sp au dessus du rond bleu {ns} sp
DATA_Livia_tache01_11025_117.wav,c'est le radis sp au dessus du rond rouge sp {ns}
DATA_Livia_tache01_11025_126.wav,sp c'est l' otage en dessous de l' etoile verte sp {ns}
DATA_AnnaL_tache02_11025_24.wav,c'est le bouchon sp sur le triangle jaune {ns}
DATA_Clara_tache01_11025_126.wav,c'est l' otage sp en dessous de l' etoile verte {ns}
DATA_Thomas_tache01_11025_144.wav,c'est la cadence a cote du rond rouge {ns} sp
DATA_Melanie_tache02_11025_192.wav,c'est sp haineux au dessus du carre rouge {ns} sp
DATA_Camille_tache01_11025_11.wav,sp c'est le divan en dessous du rond sp rouge {ns} sp
DATA_Emre_tache02_11025_102.wav,c'est l' etang au dessus de l' etoile bleue sp {ns} sp
DATA_Livia_tache01_11025_79.wav,c'est le theme sp en dessous du carre rouge {ns} sp
DATA_Thibault_tache01_11025_94.wav,c'est le marquis sp a cote sp de l' etoile verte {ns} sp
DATA_AnnaL_tache01_11025_148.wav,c'est le donjon a cote du triangle jaune {ns} sp
DATA_Lucie_tache02_11025_67.wav,c'est absurde sp au dessus du rond rouge {ns}
DATA_Livia_tache01_11025_69.wav,sp c'est le beguin sp a cote du rond rouge {ns}
DATA_Chloe_tache02_11025_15.wav,sp c'est l' ecart a cote du carre rouge {ns} sp
DATA_Celine_tache02_11025_140.wav,sp c'est le pasteur sp en dessous du triangle bleu sp {ns}
DATA_Melanie_tache01_11025_144.wav,sp c'est la cadence a cote du cercle rouge {ns}
DATA_Livia_tache01_11025_149.wav,c'est la flanelle au dessus du rond bleu {ns} sp
DATA_Camille_tache01_11025_28.wav,c'est le machin sp sur le carre bleu {ns} sp
DATA_Livia_tache01_11025_110.wav,sp c'est avare a cote du carre jaune {ns} sp
DATA_ClaraG_tache01_11025_2.wav,c'est le karma sp dans l' etoile grise {ns}
DATA_Thibault_tache01_11025_172.wav,c'est l' ivresse sp en dessous du carre jaune sp {ns} sp
DATA_Emre_tache01_11025_83.wav,c'est decu a cote de l' etoile grise {ns} sp
DATA_Ariane_tache02_11025_52.wav,c'est sp la censure sp en dessous de l' etoile sp grise {ns}
DATA_Thomas_tache01_11025_160.wav,c'est ainsi sur le carre bleu sp {ns} sp
DATA_Livia_tache02_11025_108.wav,c'est l' enjeu sur le triangle vert {ns}
DATA_AnnaL_tache02_11025_171.wav,c'est morveux sp en dessous de l' etoile grise {ns}
DATA_Thomas_tache02_11025_33.wav,c'est la fureur au dessus de l' etoile bleue {ns} sp
DATA_Nael_tache01_11025_111.wav,c'est la danseuse a cote de l' etoile jaune {ns}
DATA_Thibault_tache02_11025_181.wav,c'est le cypres sp sur le rond jaune sp {ns} sp
DATA_ClaraG_tache02_11025_169.wav,c'est le voisin sp sur le rond bleu {ns} sp
DATA_Clara_tache02_11025_146.wav,c'est le cil sp a cote de l' etoile rouge {ns}
DATA_ClaraG_tache01_11025_125.wav,c'est l' arnaque en dessous de l' etoile rouge sp {ns}
DATA_Livia_tache01_11025_198.wav,c'est amer au dessus de l' etoile jaune {ns} sp
DATA_Ariane_tache02_11025_196.wav,c'est le fromage sp a cote du carre sp jaune {ns}
DATA_Camille_tache01_11025_32.wav,sp c'est le bouquin sp sur sp le triangle gris {ns} sp
DATA_Thibault_tache01_11025_17.wav,c'est sp l' amas au dessus sp du triangle jaune {ns} sp
DATA_ClaraG_tache02_11025_105.wav,c'est le frangin en dessous du rond bleu {ns}
DATA_Camille_tache01_11025_67.wav,c'est absurde sp au dessus du rond rouge {ns} sp
DATA_Emre_tache02_11025_38.wav,c'est sp bavarde a cote de l' etoile jaune sp {ns}
DATA_Chloe_tache01_11025_21.wav,c'est la clarte sp en dessous du rond vert {ns} sp
DATA_Nael_tache01_11025_91.wav,c'est le marais sp au dessus sp du carre jaune {ns}
DATA_Melanie_tache02_11025_204.wav,c'est la morphine sur le carre rouge {ns}
DATA_Chloe_tache01_11025_175.wav,c'est le ruban a cote du rond gris {ns} sp
DATA_AnnaL_tache02_11025_37.wav,c'est la pizza sp au dessus du rond jaune {ns}
DATA_Lucie_tache01_11025_109.wav,sp c'est la detresse en dessous sp du carre bleu {ns}
DATA_Melanie_tache01_11025_43.wav,sp c'est le poussin en dessous du triangle jaune sp {ns}
DATA_Ariane_tache02_11025_165.wav,c'est sp l' arene sp a cote de l' etoile sp verte sp {ns} sp
DATA_Livia_tache01_11025_51.wav,sp c'est le micro sp a cote du rond gris {ns}
DATA_Camille_tache01_11025_46.wav,sp c'est la ressource au dessus du carre gris {ns} sp
DATA_Thomas_tache01_11025_184.wav,c'est l' auteur sp sur l' etoile rouge {ns} sp
DATA_ClaraG_tache01_11025_52.wav,c'est la censure en dessous de l' etoile grise {ns} sp
DATA_Clara_tache02_11025_142.wav,c'est la puree sp en dessous sp de l' etoile bleue sp {ns}
DATA_Thibault_tache01_11025_36.wav,c'est moelleux sp a cote de l' etoile bleue sp {ns} sp
DATA_Thibault_tache02_11025_28.wav,c'est le machin sp sur le carre bleu {ns} sp
DATA_Livia_tache02_11025_178.wav,c'est l' antenne sur l' etoile grise {ns} sp
DATA_Chloe_tache02_11025_45.wav,sp c'est le meurtre en dessous de l' etoile bleue {ns} sp
DATA_Melanie_tache01_11025_117.wav,sp c'est le radis au dessus du cercle rouge {ns} sp
DATA_Nael_tache01_11025_87.wav,c'est le recu sur le triangle rouge {ns}
DATA_Thomas_tache01_11025_20.wav,sp c'est sp hideux sp a cote du rond jaune {ns} sp
DATA_Livia_tache02_11025_202.wav,c'est le bambou sur le triangle vert {ns} sp
DATA_Thibault_tache02_11025_84.wav,c'est le bouton sp a cote sp de l' etoile bleue sp {ns} sp
DATA_Thomas_tache02_11025_74.wav,c'est la graine en dessous sp du rond sp jaune {ns}
DATA_Nael_tache02_11025_108.wav,c'est l' enjeu sur le triangle vert {ns} sp
DATA_AnnaL_tache02_11025_77.wav,c'est supreme sp au dessus du triangle rouge {ns}
DATA_Thibault_tache01_11025_175.wav,c'est le ruban a cote du rond gris sp {ns} sp
DATA_Thibault_tache02_11025_201.wav,c'est le gala sp en dessous sp du rond rouge {ns} sp
DATA_Ariane_tache01_11025_28.wav,sp c'est sp le machin sp sur le carre sp bleu {ns} sp
DATA_Thomas_tache01_11025_122.wav,sp c'est la migraine en dessous du rond vert {ns} sp
DATA_Melanie_tache01_11025_20.wav,sp c'est sp hideux a cote du cercle jaune {ns} sp
DATA_Livia_tache02_11025_119.wav,c'est l' haleine sp sur le triangle gris {ns}
DATA_AnnaL_tache01_11025_96.wav,c'est le precis sur le carre bleu {ns} sp
DATA_Celine_tache01_11025_191.wav,c'est les patins sp en dessous du carre vert {ns}
DATA_Livia_tache02_11025_114.wav,c'est frileux a cote de l' etoile rouge {ns}
DATA_Clara_tache02_11025_138.wav,sp c'est le degre sp a cote de l' etoile sp jaune {ns}
DATA_Nael_tache01_11025_51.wav,sp c'est le micro a cote du rond gris {ns}
DATA_Lucie_tache02_11025_28.wav,c'est le machin sp sur le carre bleu {ns}
DATA_Chloe_tache02_11025_107.wav,c'est relax a cote du triangle rouge {ns} sp
DATA_Thibault_tache02_11025_101.wav,c'est la grimace sp en dessous du carre gris {ns} sp
DATA_Emre_tache01_11025_100.wav,c'est le soda au dessus du triangle jaune {ns}
DATA_Emre_tache01_11025_59.wav,sp c'est le beurre en dessous sp du carre bleu {ns}
DATA_Camille_tache02_11025_77.wav,c'est supreme sp au dessus du triangle rouge {ns}
DATA_Chloe_tache01_11025_103.wav,c'est l' osseux sp sur le carre gris {ns} sp
DATA_Livia_tache01_11025_38.wav,sp c'est bavarde a cote de l' etoile jaune {ns} sp
DATA_Livia_tache01_11025_91.wav,c'est le marais au dessus du carre jaune {ns} sp
DATA_Clara_tache02_11025_91.wav,c'est le marais sp au dessus sp du carre sp jaune {ns}
DATA_Chloe_tache01_11025_51.wav,sp c'est le micro a cote du rond gris {ns}
DATA_Lucie_tache01_11025_196.wav,sp c'est le fromage a cote du carre jaune {ns}
DATA_Livia_tache01_11025_179.wav,sp c'est la pancarte au dessus du triangle gris {ns}
DATA_Livia_tache01_11025_178.wav,c'est l' antenne sur l' etoile grise {ns} sp
DATA_Livia_tache02_11025_142.wav,c'est la puree en dessous de l' etoile bleue {ns} sp
DATA_Thibault_tache01_11025_202.wav,sp c'est le bambou sp sur le triangle vert {ns} sp
DATA_Livia_tache01_11025_67.wav,c'est absurde sp au dessus du rond rouge {ns} sp
DATA_Ariane_tache01_11025_89.wav,c'est le cadet sp sur le carre sp rouge sp {ns} sp
DATA_Emre_tache01_11025_82.wav,c'est la belle-mere a cote du rond vert {ns} sp
DATA_Thibault_tache01_11025_161.wav,c'est le coton a cote du carre rouge {ns} sp
DATA_AnnaL_tache01_11025_28.wav,c'est le machin sur le carre bleu {ns} sp
DATA_Lucie_tache01_11025_82.wav,c'est la belle-mere a cote du rond vert {ns} sp
DATA_Emre_tache01_11025_158.wav,c'est l' orage en dessous du rond vert {ns}
DATA_Melanie_tache02_11025_46.wav,c'est la ressource au dessus du carre gris {ns}
DATA_Livia_tache02_11025_140.wav,c'est le pasteur en dessous du triangle bleu {ns}
DATA_Clara_tache02_11025_158.wav,c'est l' orage sp en dessous du rond sp vert sp {ns} sp
DATA_Camille_tache01_11025_105.wav,sp c'est le frangin sp en dessous sp du rond bleu sp {ns} sp
DATA_Celine_tache02_11025_99.wav,c'est la charrue sur le triangle jaune sp {ns} sp
DATA_Camille_tache01_11025_62.wav,c'est le carreau sp au dessus du carre sp vert {ns} sp
DATA_Livia_tache01_11025_10.wav,c'est l' argile sp a cote du triangle bleu {ns} sp
DATA_Thomas_tache02_11025_66.wav,c'est le pate en dessous du triangle bleu sp {ns} sp
DATA_ClaraG_tache01_11025_39.wav,c'est douteux sp au dessus du rond vert {ns} sp
DATA_Thibault_tache02_11025_59.wav,c'est le beurre en dessous du carre bleu sp {ns} sp
DATA_ClaraG_tache02_11025_84.wav,sp c'est le bouton a cote de l' etoile bleue sp {ns} sp
DATA_AnnaL_tache02_11025_56.wav,c'est la monnaie sp a cote du rond vert {ns} sp
DATA_ClaraG_tache02_11025_184.wav,c'est l' auteur sp sur l' etoile rouge {ns}
DATA_AnnaL_tache02_11025_40.wav,c'est l' ouvrage sp en dessous du carre gris {ns}
DATA_Ariane_tache02_11025_94.wav,c'est sp le marquis sp a cote de l' etoile verte sp {ns}
DATA_Emre_tache02_11025_31.wav,sp c'est l' etude sp sur l' etoile rouge {ns}
DATA_Nael_tache02_11025_142.wav,c'est la puree en dessous de l' etoile bleue {ns}
DATA_Thomas_tache01_11025_69.wav,c'est le beguin a cote du rond rouge sp {ns}
DATA_Livia_tache01_11025_14.wav,c'est le secteur en dessous du rond gris {ns} sp
DATA_Melanie_tache01_11025_104.wav,c'est la blessure a cote du carre gris sp {ns}
DATA_ClaraG_tache01_11025_159.wav,sp c'est le fardeau sur l' etoile bleue {ns}
DATA_Chloe_tache01_11025_9.wav,c'est le corbeau sp au dessus de l' etoile rouge {ns} sp
DATA_Ariane_tache02_11025_75.wav,c'est le cingle sp a cote sp du carre sp bleu {ns} sp
DATA_Thomas_tache02_11025_41.wav,c'est jeudi en dessous du triangle rouge {ns}
DATA_Clara_tache02_11025_107.wav,c'est relax a cote du triangle rouge sp {ns}
DATA_AnnaL_tache01_11025_184.wav,c'est l' auteur sp sur l' etoile rouge sp {ns}
DATA_Melanie_tache01_11025_27.wav,sp c'est le tombeau a cote du carre jaune sp {ns} sp
DATA_Lucie_tache01_11025_159.wav,c'est le fardeau sp sur l' etoile bleue {ns}
DATA_Emre_tache01_11025_118.wav,sp c'est l' etape sp au dessus du carre gris {ns}
DATA_ClaraG_tache02_11025_203.wav,c'est la revue en dessous du triangle sp gris {ns}
DATA_Nael_tache02_11025_131.wav,c'est la philo en dessous du triangle rouge {ns}
DATA_Thibault_tache01_11025_64.wav,c'est la capsule sp au dessus sp du carre rouge {ns} sp
DATA_Emre_tache02_11025_52.wav,c'est la censure en dessous de l' etoile grise {ns}
DATA_Clara_tache02_11025_84.wav,c'est le bouton sp a cote de l' etoile bleue {ns}
DATA_Emre_tache01_11025_137.wav,sp c'est le recours a cote du carre vert {ns} sp
DATA_Chloe_tache02_11025_117.wav,sp c'est le radis au dessus du rond rouge {ns} sp
DATA_Nael_tache01_11025_191.wav,c'est les patins en dessous du carre vert {ns} sp
DATA_Chloe_tache02_11025_11.wav,c'est le divan sp en dessous du rond rouge {ns} sp
DATA_Clara_tache01_11025_81.wav,c'est sp le discours a cote du rond sp gris {ns}
DATA_ClaraG_tache01_11025_89.wav,c'est le cadet sp sur le carre rouge {ns}
DATA_ClaraG_tache02_11025_172.wav,c'est l' ivresse en dessous du carre jaune sp {ns}
DATA_Camille_tache01_11025_31.wav,c'est l' etude sp sur l' etoile rouge {ns} sp
DATA_Emre_tache01_11025_93.wav,sp c'est l' intrus au dessus du rond jaune {ns} sp
DATA_Camille_tache02_11025_185.wav,c'est l' egard sp en dessous du triangle rouge {ns} sp
DATA_Clara_tache01_11025_38.wav,c'est bavarde sp a cote de l' etoile sp jaune {ns} sp
DATA_ClaraG_tache01_11025_53.wav,sp c'est l' arete sp au dessus du triangle vert {ns} sp
DATA_Ariane_tache01_11025_107.wav,c'est relax sp a cote du triangle sp rouge {ns} sp
DATA_Camille_tache01_11025_191.wav,sp c'est les patins sp en dessous du carre vert {ns} sp
DATA_Celine_tache01_11025_120.wav,c'est le whiskey sp en dessous du rond gris {ns}
DATA_Ariane_tache01_11025_16.wav,sp c'est le cartable sp dessous du rond sp jaune {ns} sp
DATA_Chloe_tache02_11025_86.wav,c'est la brebis a cote du rond bleu {ns} sp
DATA_Camille_tache02_11025_74.wav,sp c'est la graine en dessous du rond jaune {ns} sp
DATA_Clara_tache01_11025_64.wav,c'est sp la capsule sp au dessus du carre rouge {ns}
DATA_Thomas_tache01_11025_9.wav,c'est le corbeau au dessus de l' etoile rouge {ns} sp
DATA_Chloe_tache02_11025_27.wav,c'est le tombeau a cote du carre jaune sp {ns}
DATA_Emre_tache02_11025_130.wav,c'est le marteau sp au dessus de l' etoile jaune {ns}
DATA_Lucie_tache02_11025_25.wav,sp c'est l' atout sp sur sp l' etoile jaune {ns}
DATA_ClaraG_tache01_11025_190.wav,c'est le godet a cote du triangle gris {ns} sp
DATA_Livia_tache02_11025_97.wav,c'est rugueux sur l' etoile bleue {ns} sp
DATA_Chloe_tache02_11025_51.wav,c'est le micro a cote du rond gris {ns}
DATA_Lucie_tache02_11025_39.wav,sp c'est douteux sp au dessus du rond vert {ns}
DATA_Thomas_tache02_11025_181.wav,c'est le cypres sur le rond jaune sp {ns} sp
DATA_Emre_tache01_11025_80.wav,c'est sure sp au dessus du carre rouge {ns}
DATA_Celine_tache01_11025_115.wav,sp c'est la corvee sur le rond rouge sp {ns} sp
DATA_ClaraG_tache01_11025_42.wav,sp c'est l' harem sp en dessous de l' etoile rouge {ns}
DATA_Clara_tache02_11025_141.wav,c'est laiteuse sp au dessus du rond sp gris sp {ns}
DATA_Camille_tache01_11025_7.wav,sp c'est la source sp sur le carre jaune {ns} sp
DATA_ClaraG_tache01_11025_40.wav,sp c'est l' ouvrage sp en dessous du carre gris sp {ns} sp
DATA_Nael_tache01_11025_59.wav,c'est le beurre en dessous du sp carre bleu {ns} sp
DATA_Lucie_tache01_11025_164.wav,sp c'est l' achat sp en dessous du rond sp bleu sp {ns}
DATA_Livia_tache02_11025_20.wav,c'est hideux a cote du rond jaune {ns}
DATA_Nael_tache01_11025_96.wav,sp c'est le precis sp sur le carre bleu sp {ns}
DATA_Celine_tache01_11025_179.wav,sp c'est la pancarte au dessus du triangle gris {ns}
DATA_Chloe_tache02_11025_115.wav,sp c'est la corvee sp sur le rond rouge {ns} sp
DATA_ClaraG_tache02_11025_179.wav,c'est la pancarte au dessus du triangle sp gris {ns} sp
DATA_ClaraG_tache02_11025_9.wav,c'est le corbeau au dessus de l' etoile rouge {ns}
DATA_ClaraG_tache01_11025_177.wav,c'est la rigueur a cote du carre gris sp {ns}
DATA_Camille_tache02_11025_135.wav,c'est le choeur au dessus du triangle vert {ns} sp
DATA_Thomas_tache02_11025_55.wav,c'est le tambour en dessous du carre rouge sp {ns}
DATA_Melanie_tache01_11025_29.wav,sp c'est le savon en dessous de l' etoile jaune {ns} sp
DATA_Clara_tache01_11025_6.wav,c'est le genou sp sur sp le rond sp gris {ns}
DATA_AnnaL_tache01_11025_169.wav,c'est le voisin sur le rond bleu {ns}
DATA_Emre_tache01_11025_124.wav,c'est le chene a cote du triangle jaune {ns} sp
DATA_Celine_tache01_11025_175.wav,sp c'est le ruban a cote du rond gris sp {ns} sp
DATA_Thibault_tache01_11025_178.wav,c'est l' antenne sp sur l' etoile grise sp {ns} sp
DATA_Camille_tache01_11025_146.wav,sp c'est le cil a cote de l' etoile rouge {ns} sp
DATA_Lucie_tache01_11025_59.wav,sp c'est le beurre en dessous du carre bleu sp {ns}
DATA_Thomas_tache01_11025_61.wav,c'est le debit sur le rond bleu sp {ns} sp
DATA_Emre_tache01_11025_185.wav,c'est l' egard en dessous du triangle rouge {ns}
DATA_Livia_tache01_11025_2.wav,sp c'est le karma sp sur l' etoile sp grise {ns} sp
DATA_Clara_tache01_11025_19.wav,c'est le plafond sp au dessus sp du rond sp gris {ns}
DATA_Thomas_tache02_11025_176.wav,sp c'est la paleur sur le triangle jaune {ns} sp
DATA_Clara_tache01_11025_72.wav,c'est le bazar au dessus sp de l' etoile verte {ns}
DATA_Livia_tache02_11025_14.wav,sp c'est le secteur en dessous du rond gris {ns}
DATA_AnnaL_tache02_11025_68.wav,c'est le business sp a cote du carre bleu sp {ns}
DATA_Chloe_tache02_11025_156.wav,sp c'est le sultan a cote du rond bleu {ns} sp
DATA_Melanie_tache02_11025_26.wav,c'est le tapage sur l' etoile verte sp {ns} sp
DATA_Thibault_tache01_11025_134.wav,c'est le blafard au dessus du carre bleu sp {ns} sp
DATA_Thomas_tache01_11025_141.wav,c'est laiteuse au dessus du rond gris {ns}
DATA_Lucie_tache02_11025_33.wav,c'est la fureur au dessus de l' etoile bleue {ns} sp
DATA_Celine_tache02_11025_67.wav,c'est absurde au dessus du rond rouge {ns}
DATA_Camille_tache02_11025_183.wav,sp c'est le radeau sp en dessous du rond jaune {ns} sp
DATA_Livia_tache02_11025_88.wav,c'est la cire sp en dessous du carre jaune {ns}
DATA_Livia_tache02_11025_103.wav,c'est l' osseux sp sur le carre gris {ns}
DATA_Thomas_tache02_11025_14.wav,c'est le secteur en dessous du rond gris {ns}
DATA_Emre_tache01_11025_179.wav,c'est la pancarte au dessus du triangle gris {ns}
DATA_Chloe_tache02_11025_49.wav,c'est la fierte au dessus de l' etoile verte {ns} sp
DATA_Thomas_tache02_11025_50.wav,c'est le talon en dessous du triangle vert sp {ns} sp
DATA_Thibault_tache01_11025_156.wav,c'est sp le sultan sp a cote du rond bleu sp {ns} sp
DATA_ClaraG_tache02_11025_23.wav,c'est le trophee sp sur le triangle vert {ns}
DATA_Celine_tache01_11025_20.wav,c'est sp hideux sp a cote du rond jaune sp {ns}
DATA_AnnaL_tache02_11025_202.wav,c'est le bambou sp sur le triangle vert {ns} sp
DATA_Celine_tache02_11025_80.wav,c'est sure sp au dessus du carre rouge sp {ns} sp
DATA_Lucie_tache01_11025_12.wav,c'est sp les etats sp sur l' etoile bleue sp {ns}
DATA_ClaraG_tache01_11025_108.wav,c'est l' enjeu sp sur le triangle vert {ns} sp
DATA_ClaraG_tache01_11025_67.wav,c'est absurde sp au dessus du rond rouge {ns}
DATA_Chloe_tache01_11025_129.wav,c'est le satin sp sur l' etoile rouge {ns} sp
DATA_AnnaL_tache02_11025_149.wav,c'est la flanelle sp au dessus du rond bleu {ns} sp
DATA_Thibault_tache01_11025_46.wav,c'est la ressource sp au dessus sp du carre gris {ns}
DATA_Chloe_tache02_11025_9.wav,c'est le corbeau au dessus de l' etoile rouge {ns} sp
DATA_Nael_tache02_11025_162.wav,sp c'est le soupcon au dessus du rond rouge sp {ns}
DATA_Camille_tache01_11025_172.wav,sp c'est l' ivresse sp en dessous du carre jaune {ns} sp
DATA_Lucie_tache01_11025_148.wav,sp c'est le donjon sp a cote du triangle jaune sp {ns}
DATA_Chloe_tache02_11025_78.wav,c'est l' entente a cote du rond rouge {ns} sp
DATA_Melanie_tache01_11025_35.wav,sp c'est le climat sur le triangle rouge {ns} sp
DATA_Chloe_tache02_11025_164.wav,sp c'est l' achat en dessous du rond bleu {ns}
DATA_Chloe_tache01_11025_84.wav,c'est le bouton a cote de l' etoile bleue {ns} sp
DATA_Celine_tache02_11025_39.wav,sp c'est douteux au dessus du rond vert {ns}
DATA_Melanie_tache02_11025_199.wav,sp c'est le refrain au dessus du carre gris sp {ns}
DATA_Nael_tache02_11025_13.wav,c'est soudaine sp sur le carre rouge sp {ns}
DATA_Thibault_tache01_11025_203.wav,c'est la revue sp en dessous sp du triangle gris sp {ns} sp
DATA_Nael_tache01_11025_44.wav,c'est la bougie au dessus du triangle gris {ns}
DATA_Melanie_tache01_11025_197.wav,sp c'est le macon sur le cercle gris sp {ns} sp
DATA_Nael_tache01_11025_204.wav,sp c'est la morphine sur le carre rouge {ns}
DATA_AnnaL_tache02_11025_116.wav,c'est l' allure sur l' etoile sp grise {ns} sp
DATA_Ariane_tache02_11025_197.wav,sp c'est le macon sp sur le rond sp gris {ns}
DATA_Thomas_tache02_11025_146.wav,c'est le cil sp a cote de l' etoile rouge sp {ns}
DATA_Camille_tache02_11025_203.wav,sp c'est la revue sp en dessous sp du triangle gris {ns}
DATA_Clara_tache02_11025_187.wav,c'est le bonnet sp en dessous du carre sp gris {ns} sp
DATA_Camille_tache01_11025_122.wav,sp c'est la migraine sp en dessous sp du rond vert {ns} sp
DATA_Melanie_tache01_11025_85.wav,sp c'est le sceau sur le cercle gris {ns}
DATA_Clara_tache01_11025_181.wav,c'est le cypres sp sur le rond sp jaune {ns}
DATA_Emre_tache01_11025_151.wav,sp c'est le batard au dessus du carre vert {ns}
DATA_AnnaL_tache01_11025_204.wav,c'est la morphine sur le carre rouge {ns}
DATA_Ariane_tache02_11025_126.wav,c'est sp l' otage sp en dessous de l' etoile sp verte sp {ns} sp
DATA_AnnaL_tache01_11025_101.wav,c'est la grimace en dessous du carre gris {ns}
DATA_Melanie_tache01_11025_162.wav,sp c'est le soupcon sp au dessus du cercle rouge {ns} sp
DATA_Ariane_tache01_11025_150.wav,c'est sp issu sp au dessus sp du carre sp jaune {ns} sp
DATA_AnnaL_tache01_11025_103.wav,c'est l' osseux sp sur le carre gris {ns}
DATA_Camille_tache01_11025_189.wav,sp c'est le courroux sp a cote de l' etoile bleue sp {ns}
DATA_Clara_tache01_11025_36.wav,c'est moelleux a cote de l' etoile bleue sp {ns}
DATA_Melanie_tache02_11025_116.wav,c'est l' allure sur l' etoile grise {ns} sp
DATA_Camille_tache02_11025_133.wav,c'est sp le surplus sp sur le triangle bleu {ns} sp
DATA_Clara_tache01_11025_31.wav,c'est l' etude sur l' etoile rouge {ns}
DATA_AnnaL_tache02_11025_132.wav,c'est sp epars sp sur le rond vert {ns}
DATA_Thibault_tache01_11025_162.wav,c'est le soupcon sp au dessus du rond rouge {ns}
DATA_Camille_tache02_11025_36.wav,c'est moelleux sp a cote de l' etoile bleue {ns} sp
DATA_Emre_tache01_11025_1.wav,sp c'est l' epoux sp sur sp le sp carre sp gris {ns}
DATA_Lucie_tache01_11025_14.wav,sp c'est le secteur sp en dessous du rond gris sp {ns} sp
DATA_ClaraG_tache02_11025_42.wav,c'est l' harem en dessous de l' etoile rouge {ns}
DATA_Livia_tache02_11025_128.wav,c'est le vernis sp en dessous de l' etoile grise {ns} sp
DATA_Livia_tache01_11025_41.wav,c'est jeudi sp en dessous du triangle rouge {ns} sp
DATA_Clara_tache01_11025_192.wav,c'est sp haineux sp au dessus du carre sp rouge {ns}
DATA_Celine_tache02_11025_68.wav,sp c'est le business a cote du carre bleu sp {ns}
DATA_Thomas_tache02_11025_10.wav,sp c'est l' argile a cote du triangle bleu {ns} sp
DATA_ClaraG_tache02_11025_161.wav,c'est le coton a cote du carre rouge {ns}
DATA_Clara_tache02_11025_139.wav,c'est l' egout sp sur le triangle rouge {ns}
DATA_Thibault_tache01_11025_23.wav,c'est le trophee sp sur le triangle vert {ns}
DATA_Celine_tache01_11025_173.wav,sp c'est le placard en dessous du carre rouge {ns}
DATA_Livia_tache01_11025_66.wav,c'est le sp pate sp en dessous du triangle bleu {ns} sp
DATA_Lucie_tache01_11025_24.wav,c'est le bouchon sur le triangle jaune {ns} sp
DATA_Thomas_tache01_11025_108.wav,c'est l' enjeu sur le triangle vert {ns} sp
DATA_ClaraG_tache02_11025_196.wav,c'est le fromage a cote du carre jaune {ns} sp
DATA_Chloe_tache02_11025_31.wav,sp c'est l' etude sur l' etoile rouge {ns}
DATA_Livia_tache02_11025_125.wav,c'est l' arnaque en dessous de l' etoile rouge {ns} sp
DATA_Chloe_tache01_11025_23.wav,sp c'est sp le trophee sp sur le triangle vert {ns} sp
DATA_Clara_tache02_11025_166.wav,c'est le format sp en dessous sp du rond sp gris sp {ns}
DATA_Thomas_tache01_11025_114.wav,sp c'est frileux a cote de l' etoile rouge {ns}
DATA_Clara_tache01_11025_11.wav,c'est le divan sp en dessous sp du rond sp rouge {ns}
DATA_Lucie_tache02_11025_20.wav,c'est sp hideux sp a cote du rond jaune {ns}
DATA_Nael_tache02_11025_101.wav,sp c'est la grimace en dessous du carre gris {ns}
DATA_Celine_tache02_11025_151.wav,sp c'est le batard au dessus du carre vert {ns}
DATA_Melanie_tache01_11025_195.wav,sp c'est le menteur a cote du cercle vert {ns}
DATA_ClaraG_tache01_11025_197.wav,c'est le macon sur le rond gris {ns}
DATA_Camille_tache02_11025_44.wav,c'est la bougie sp au dessus du triangle sp gris sp {ns}
DATA_Thibault_tache02_11025_15.wav,c'est l' ecart a cote du carre rouge sp {ns} sp
DATA_AnnaL_tache02_11025_123.wav,c'est l' assaut sur l' etoile verte {ns}
DATA_AnnaL_tache01_11025_159.wav,c'est le fardeau sur l' etoile bleue {ns}
DATA_Celine_tache02_11025_66.wav,c'est le pate sp en dessous du triangle bleu sp {ns}
DATA_Livia_tache01_11025_101.wav,c'est la grimace en dessous du sp carre gris {ns}
DATA_Livia_tache02_11025_2.wav,c'est le karma sur l' etoile grise {ns} sp
DATA_Nael_tache01_11025_24.wav,sp c'est le bouchon sur le triangle jaune {ns}
DATA_AnnaL_tache01_11025_27.wav,c'est le tombeau a cote du carre jaune {ns}
DATA_Celine_tache01_11025_159.wav,c'est le fardeau sur l' etoile bleue {ns}
DATA_Chloe_tache02_11025_32.wav,c'est sp le bouquin sp sur le triangle gris {ns} sp
DATA_Thibault_tache02_11025_150.wav,c'est issu sp au dessus du carre jaune {ns} sp
DATA_Thibault_tache02_11025_115.wav,c'est la corvee sp sur le rond rouge {ns} sp
DATA_ClaraG_tache01_11025_121.wav,c'est le delta sp en dessous du triangle sp gris {ns}
DATA_Nael_tache01_11025_162.wav,sp c'est le soupcon sp au dessus du rond rouge {ns} sp
DATA_Emre_tache02_11025_109.wav,sp c'est la detresse en dessous du carre bleu sp {ns}
DATA_Thomas_tache02_11025_196.wav,sp c'est le fromage a cote du carre jaune {ns} sp
DATA_Livia_tache01_11025_158.wav,c'est l' orage en dessous du rond vert {ns} sp
DATA_Thibault_tache01_11025_98.wav,c'est le colis sp au dessus du rond bleu sp {ns} sp
DATA_Clara_tache02_11025_33.wav,c'est la fureur sp au dessus sp de l' etoile bleue {ns} sp
DATA_Camille_tache01_11025_188.wav,sp c'est hagard sp sur le carre jaune {ns} sp
DATA_Chloe_tache01_11025_104.wav,c'est la blessure a cote du carre gris {ns}
DATA_Nael_tache01_11025_2.wav,c'est sp le karma sur l' etoile grise {ns} sp
DATA_AnnaL_tache02_11025_58.wav,c'est le savant sp en dessous de l' etoile sp verte {ns} sp
DATA_Livia_tache01_11025_105.wav,c'est le frangin en dessous du rond bleu sp {ns}
DATA_ClaraG_tache01_11025_167.wav,c'est l' hommage a cote du triangle bleu {ns}
DATA_Melanie_tache01_11025_12.wav,sp c'est les etats sp sur l' etoile bleue sp {ns}
DATA_Nael_tache01_11025_152.wav,sp c'est le cigare au dessus du rond jaune sp {ns} sp
DATA_Ariane_tache01_11025_202.wav,sp c'est le bambou sp sur le triangle vert {ns}
DATA_Nael_tache02_11025_195.wav,sp c'est le menteur a cote du rond vert {ns}
DATA_AnnaL_tache01_11025_149.wav,c'est la flanelle sp au dessus du rond bleu {ns}
DATA_Ariane_tache02_11025_12.wav,c'est les etats sp sur l' etoile sp bleue {ns} sp
DATA_AnnaL_tache02_11025_187.wav,c'est le bonnet sp en dessous du carre gris {ns} sp
DATA_Clara_tache02_11025_190.wav,c'est le godet sp a cote du triangle gris {ns}
DATA_Celine_tache01_11025_140.wav,sp c'est le pasteur sp en dessous du triangle bleu sp {ns} sp
DATA_Nael_tache02_11025_103.wav,c'est l' osseux sur le carre gris {ns} sp
DATA_ClaraG_tache01_11025_103.wav,sp c'est l' osseux sp sur le carre gris {ns}
DATA_Melanie_tache02_11025_29.wav,sp c'est le savon en dessous de l' etoile jaune {ns}
DATA_Livia_tache02_11025_58.wav,c'est le savant en dessous de l' etoile verte {ns}
DATA_Melanie_tache01_11025_138.wav,c'est le degre a cote de l' etoile jaune {ns} sp
DATA_Emre_tache01_11025_106.wav,c'est la servante a cote sp du sp triangle vert {ns}
DATA_Melanie_tache01_11025_191.wav,sp c'est les patins en dessous du carre vert {ns} sp
DATA_ClaraG_tache02_11025_127.wav,c'est le buisson sp au dessus du triangle sp gris {ns}
DATA_ClaraG_tache02_11025_104.wav,c'est la blessure a cote du carre gris {ns}
DATA_ClaraG_tache02_11025_136.wav,c'est la poupee sur le carre vert {ns}
DATA_Chloe_tache01_11025_200.wav,c'est le campus au dessus du triangle jaune {ns} sp
DATA_Chloe_tache02_11025_25.wav,c'est l' atout sp sur l' etoile jaune {ns}
DATA_Thibault_tache01_11025_152.wav,c'est sp le cigare sp au dessus du rond jaune sp {ns} sp
DATA_Emre_tache02_11025_137.wav,c'est le recours a cote du carre vert sp {ns} sp
DATA_ClaraG_tache02_11025_39.wav,c'est douteux au dessus du rond vert {ns}
DATA_Ariane_tache01_11025_200.wav,c'est sp le campus sp au dessus du triangle jaune {ns} sp
DATA_Lucie_tache02_11025_103.wav,sp c'est l' osseux sp sur le carre gris {ns}
DATA_Thomas_tache01_11025_119.wav,c'est l' haleine sur le triangle gris {ns}
DATA_Nael_tache01_11025_85.wav,c'est le sceau sp sur le rond sp gris {ns}
DATA_Emre_tache02_11025_141.wav,c'est laiteuse sp au dessus du rond gris {ns} sp
DATA_Melanie_tache01_11025_15.wav,sp c'est l' ecart a cote du carre rouge sp {ns}
DATA_Chloe_tache02_11025_26.wav,c'est le tapage sp sur l' etoile verte {ns} sp
DATA_Ariane_tache02_11025_15.wav,sp c'est sp l' ecart sp a cote du carre sp rouge {ns} sp
DATA_Melanie_tache01_11025_179.wav,c'est la pancarte au dessus du triangle gris sp {ns} sp
DATA_Ariane_tache02_11025_145.wav,c'est sp l' etage sp au dessus du rond sp vert {ns} sp
DATA_Thibault_tache01_11025_14.wav,sp c'est le secteur sp en dessous du rond gris {ns} sp
DATA_Chloe_tache02_11025_137.wav,c'est le recours a cote du carre vert {ns}
DATA_Emre_tache02_11025_87.wav,c'est le recu sp sur le triangle rouge {ns} sp
DATA_AnnaL_tache02_11025_167.wav,c'est l' hommage sp a cote du triangle bleu {ns}
DATA_Chloe_tache01_11025_170.wav,sp c'est certaine au dessus de l' etoile rouge {ns} sp
DATA_Emre_tache01_11025_169.wav,sp c'est le voisin sur le rond bleu sp {ns} sp
DATA_Melanie_tache02_11025_5.wav,c'est le sp hublot a cote de l' etoile verte {ns} sp
DATA_Camille_tache01_11025_170.wav,c'est certaine sp au dessus de l' etoile rouge {ns} sp
DATA_Thomas_tache02_11025_122.wav,c'est la migraine en dessous du rond vert {ns} sp
DATA_Ariane_tache02_11025_45.wav,c'est sp le meurtre sp en dessous de l' etoile sp bleue {ns}
DATA_Chloe_tache02_11025_154.wav,c'est la guitare a cote du carre bleu {ns} sp
DATA_Lucie_tache02_11025_47.wav,c'est cinquante sp sur le rond vert {ns}
DATA_Lucie_tache01_11025_34.wav,sp c'est le parvis sp a cote du triangle vert {ns}
DATA_Melanie_tache01_11025_133.wav,sp c'est le surplus sur le triangle bleu sp {ns} sp
DATA_Lucie_tache01_11025_3.wav,sp c'est le blaspheme sp sur le triangle bleu {ns} sp
DATA_Melanie_tache01_11025_95.wav,sp c'est la sirene a cote du triangle bleu {ns} sp
DATA_Clara_tache01_11025_34.wav,c'est le parvis sp a cote du triangle vert {ns}
DATA_Melanie_tache01_11025_157.wav,sp c'est le dilemme en dessous de l' etoile verte {ns} sp
DATA_Emre_tache01_11025_6.wav,c'est le genou sur le sp rond gris {ns}
DATA_Livia_tache02_11025_184.wav,c'est l' auteur sp sur l' etoile rouge {ns} sp
DATA_Clara_tache02_11025_65.wav,c'est le semestre sp au dessus du triangle rouge {ns}
DATA_Livia_tache01_11025_88.wav,c'est la cire en dessous du carre jaune {ns}
DATA_AnnaL_tache01_11025_38.wav,c'est bavarde a cote de l' etoile jaune {ns} sp
DATA_Nael_tache02_11025_74.wav,sp c'est la graine sp en dessous du rond sp jaune {ns} sp
DATA_ClaraG_tache01_11025_31.wav,c'est l' etude sp dans l' etoile rouge {ns}
DATA_ClaraG_tache01_11025_17.wav,c'est l' amas sp au dessus du triangle jaune {ns} sp
DATA_Emre_tache02_11025_191.wav,c'est les patins en dessous du carre vert {ns} sp
DATA_Nael_tache02_11025_4.wav,c'est le ruisseau sp a cote du triangle rouge {ns}
DATA_Nael_tache01_11025_29.wav,sp c'est le savon en dessous de l' etoile jaune sp {ns} sp
DATA_Thibault_tache01_11025_170.wav,c'est certaine sp au dessus de l' etoile rouge {ns} sp
DATA_Melanie_tache01_11025_6.wav,sp c'est le genou sur le cercle gris sp {ns} sp
DATA_Melanie_tache02_11025_134.wav,sp c'est le blafard au dessus du carre bleu sp {ns}
DATA_Celine_tache01_11025_190.wav,c'est le godet sp a cote du triangle gris {ns}
DATA_Chloe_tache02_11025_7.wav,sp c'est la source sur le carre jaune {ns} sp
DATA_Nael_tache01_11025_128.wav,c'est le vernis en dessous de l' etoile grise {ns}
DATA_Clara_tache01_11025_119.wav,c'est l' haleine sp sur sp le triangle gris {ns}
DATA_Celine_tache01_11025_3.wav,c'est le blaspheme sur le triangle bleu sp {ns}
DATA_Celine_tache01_11025_189.wav,sp c'est le courroux a cote de l' etoile bleue sp {ns}
DATA_Thomas_tache02_11025_202.wav,sp c'est le bambou sur le triangle vert {ns} sp
DATA_ClaraG_tache01_11025_19.wav,c'est le plafond sp au dessus du rond gris {ns}
DATA_Nael_tache01_11025_117.wav,sp c'est le radis au dessus du rond rouge sp {ns}
DATA_ClaraG_tache01_11025_164.wav,c'est l' achat sp en dessous du rond bleu {ns}
DATA_Nael_tache01_11025_61.wav,c'est le debit sur le rond sp bleu sp {ns} sp
DATA_Lucie_tache02_11025_177.wav,c'est la rigueur a cote sp du carre gris sp {ns} sp
DATA_Celine_tache01_11025_119.wav,sp c'est l' haleine sur le triangle gris sp {ns} sp
DATA_Emre_tache02_11025_98.wav,sp c'est le colis sp au dessus du rond bleu sp {ns}
DATA_Livia_tache01_11025_184.wav,c'est l' auteur sur l' etoile rouge {ns}
DATA_Clara_tache02_11025_49.wav,c'est la fierte sp au dessus de l' etoile sp verte {ns}
DATA_Nael_tache02_11025_102.wav,sp c'est l' etang au dessus sp de l' etoile bleue {ns}
DATA_Chloe_tache02_11025_101.wav,c'est la grimace en dessous du carre gris {ns} sp
DATA_Nael_tache02_11025_43.wav,sp c'est le poussin en sp dessous du triangle jaune {ns}
DATA_Emre_tache01_11025_65.wav,sp c'est le semestre sp au dessus du triangle rouge {ns}
DATA_AnnaL_tache02_11025_8.wav,c'est le vaccin sur le rond jaune sp {ns}
DATA_AnnaL_tache02_11025_126.wav,sp c'est l' otage sp en dessous de l' etoile verte {ns}
DATA_Camille_tache02_11025_146.wav,c'est le cil a cote de l' etoile rouge {ns} sp
DATA_Chloe_tache02_11025_4.wav,c'est le ruisseau a cote du triangle rouge {ns} sp
DATA_Melanie_tache02_11025_151.wav,sp c'est le batard au dessus du carre vert {ns}
DATA_Lucie_tache02_11025_16.wav,c'est le cartable en dessous du rond jaune {ns}
DATA_Ariane_tache02_11025_54.wav,c'est la sp paresse sp en dessous du carre sp jaune {ns}
DATA_ClaraG_tache01_11025_202.wav,c'est le bambou sur le triangle vert {ns} sp
DATA_Nael_tache01_11025_12.wav,c'est les etats sp sur l' etoile bleue {ns}
DATA_Ariane_tache02_11025_151.wav,sp c'est le batard sp au dessus du carre sp vert {ns} sp
DATA_AnnaL_tache02_11025_139.wav,c'est l' egout sp sur le triangle rouge sp {ns} sp
DATA_Celine_tache02_11025_4.wav,c'est le ruisseau a cote du triangle rouge {ns}
DATA_Livia_tache01_11025_4.wav,c'est le ruisseau sp a cote du triangle rouge {ns} sp
DATA_ClaraG_tache01_11025_127.wav,sp c'est le buisson sp au dessus du triangle gris {ns}
DATA_Chloe_tache01_11025_8.wav,c'est le vaccin sp sur le rond jaune sp {ns}
DATA_Thibault_tache02_11025_81.wav,sp c'est le discours sp a cote sp du rond gris {ns} sp
DATA_Thomas_tache01_11025_60.wav,c'est le sommet a cote du carre vert {ns} sp
DATA_Nael_tache01_11025_13.wav,c'est sp soudaine sp sur le carre rouge {ns}
DATA_Ariane_tache02_11025_190.wav,sp c'est le godet sp a cote du triangle gris {ns}
DATA_Thibault_tache01_11025_90.wav,c'est le coma sp en dessous du triangle vert {ns} sp
DATA_Thomas_tache01_11025_125.wav,c'est l' arnaque en dessous de l' etoile rouge {ns}
DATA_Chloe_tache02_11025_98.wav,c'est le colis sp au dessus du rond bleu {ns} sp
DATA_Melanie_tache01_11025_17.wav,sp c'est l' amas sp au dessus du triangle jaune {ns} sp
DATA_Nael_tache02_11025_184.wav,c'est l' auteur sur l' etoile sp rouge {ns}
DATA_Clara_tache02_11025_152.wav,c'est le cigare sp au dessus du rond jaune {ns}
DATA_Thibault_tache02_11025_154.wav,c'est la guitare sp a cote du carre bleu sp {ns} sp
DATA_Celine_tache02_11025_121.wav,sp c'est le delta en dessous du triangle gris sp {ns} sp
DATA_Chloe_tache01_11025_124.wav,c'est le chene a cote du triangle jaune {ns} sp
DATA_Clara_tache02_11025_181.wav,c'est le cypres sp sur le rond sp jaune {ns}
DATA_Chloe_tache02_11025_54.wav,c'est la paresse en dessous du carre jaune {ns} sp
DATA_Nael_tache01_11025_154.wav,c'est la guitare a cote du carre bleu {ns} sp
DATA_Nael_tache01_11025_192.wav,c'est sp haineux au dessus du carre rouge {ns} sp
DATA_AnnaL_tache02_11025_94.wav,c'est le marquis sp a cote de l' etoile verte {ns}
DATA_AnnaL_tache02_11025_76.wav,c'est l' aveu sp en dessous du rond rouge {ns}
DATA_Thibault_tache02_11025_125.wav,c'est l' arnaque sp en dessous de l' etoile rouge sp {ns}
DATA_ClaraG_tache01_11025_191.wav,sp c'est les patins sp en dessous du carre vert {ns}
DATA_Celine_tache02_11025_93.wav,sp c'est l' intrus au dessus du rond jaune sp {ns} sp
DATA_Thibault_tache02_11025_33.wav,c'est la fureur sp au dessus sp de l' etoile bleue sp {ns}
DATA_Nael_tache02_11025_161.wav,sp c'est le coton a cote du carre sp rouge {ns}
DATA_Lucie_tache02_11025_126.wav,sp c'est l' otage en dessous de l' etoile verte {ns}
DATA_Melanie_tache01_11025_151.wav,sp c'est le batard au dessus du carre vert {ns}
DATA_Thibault_tache01_11025_124.wav,c'est le chene a cote du triangle jaune sp {ns} sp
DATA_AnnaL_tache02_11025_115.wav,c'est la corvee sp sur le rond rouge {ns} sp
DATA_ClaraG_tache01_11025_43.wav,sp c'est le poussin sp en dessous du triangle jaune {ns} sp
DATA_Emre_tache02_11025_154.wav,sp c'est la guitare a cote du carre bleu {ns}
DATA_Melanie_tache02_11025_62.wav,sp c'est le carreau au dessus du carre vert {ns} sp
DATA_Chloe_tache01_11025_80.wav,c'est sure au dessus du carre rouge {ns} sp
DATA_Thibault_tache02_11025_47.wav,c'est cinquante sp sur le rond vert {ns} sp
DATA_Thibault_tache01_11025_146.wav,c'est le cil sp a cote sp de l' etoile rouge {ns} sp
DATA_Ariane_tache02_11025_79.wav,c'est sp le sp theme sp en dessous du carre rouge {ns} sp
DATA_Emre_tache01_11025_10.wav,sp c'est l' argile a cote du triangle bleu {ns} sp
DATA_AnnaL_tache01_11025_107.wav,c'est relax a cote du triangle rouge {ns}
DATA_Chloe_tache02_11025_189.wav,c'est le courroux a cote de l' etoile bleue {ns} sp
DATA_Chloe_tache01_11025_93.wav,c'est l' intrus sp au dessus du rond jaune {ns}
DATA_Nael_tache02_11025_18.wav,c'est le citron au dessus sp du triangle bleu {ns}
DATA_AnnaL_tache02_11025_144.wav,c'est la cadence sp a cote du rond sp rouge {ns}
DATA_Melanie_tache02_11025_77.wav,sp c'est supreme au dessus du triangle rouge {ns} sp
DATA_Thibault_tache02_11025_14.wav,c'est le secteur en dessous du rond gris {ns} sp
DATA_Celine_tache02_11025_46.wav,sp c'est la ressource au dessus du carre gris sp {ns} sp
DATA_Emre_tache01_11025_177.wav,sp c'est la rigueur a cote du carre gris {ns}
DATA_Camille_tache01_11025_193.wav,sp c'est le parrain sp au dessus du triangle rouge {ns} sp
DATA_Thibault_tache01_11025_61.wav,c'est le debit sp sur le rond bleu sp {ns} sp
DATA_Clara_tache01_11025_142.wav,c'est la puree sp en dessous de l' etoile sp bleue sp {ns}
DATA_Thibault_tache01_11025_193.wav,sp c'est le parrain sp au dessus sp du triangle rouge {ns} sp
DATA_Lucie_tache01_11025_176.wav,sp c'est la paleur sur le triangle jaune {ns}
DATA_Nael_tache02_11025_22.wav,c'est le couvent sp a cote de l' etoile grise {ns}
DATA_Melanie_tache01_11025_131.wav,sp c'est la philo en dessous du triangle rouge {ns}
DATA_Thibault_tache01_11025_139.wav,c'est l' egout sp sur sp le triangle rouge {ns}
DATA_Clara_tache02_11025_201.wav,c'est le gala sp en dessous du rond rouge sp {ns}
DATA_Ariane_tache01_11025_30.wav,sp c'est le sp cachet sp au dessus du carre sp jaune {ns} sp
DATA_Clara_tache02_11025_171.wav,c'est morveux sp en dessous de l' etoile grise {ns}
DATA_Thibault_tache02_11025_130.wav,c'est le marteau sp au dessus de l' etoile jaune sp {ns} sp
DATA_Thibault_tache02_11025_203.wav,c'est la revue sp en dessous sp du triangle gris {ns} sp
DATA_Camille_tache02_11025_22.wav,c'est le couvent sp a cote de l' etoile sp grise {ns} sp
DATA_Melanie_tache02_11025_61.wav,sp c'est le debit sur le rond bleu sp {ns} sp
DATA_Ariane_tache02_11025_146.wav,sp c'est sp le cil sp a cote de l' etoile rouge {ns} sp
DATA_Emre_tache01_11025_49.wav,c'est la fierte au dessus de l' etoile verte {ns}
DATA_AnnaL_tache02_11025_51.wav,c'est le micro sp a cote du rond gris {ns}
DATA_Thibault_tache01_11025_43.wav,c'est le poussin sp en dessous sp du triangle jaune sp {ns} sp
DATA_Clara_tache02_11025_64.wav,c'est la capsule sp au dessus du carre rouge {ns}
DATA_Clara_tache02_11025_205.wav,sp c'est le gouter sp en dessous du carre bleu sp {ns}
DATA_Celine_tache01_11025_25.wav,c'est l' atout sur l' etoile jaune {ns} sp
DATA_Ariane_tache01_11025_153.wav,c'est sp amen sp au dessus sp du carre sp bleu {ns} sp
DATA_Clara_tache02_11025_133.wav,c'est le surplus sp sur le triangle bleu sp {ns}
DATA_Livia_tache01_11025_144.wav,c'est la cadence a cote du rond rouge {ns} sp
DATA_Livia_tache02_11025_51.wav,c'est le micro a cote du rond gris {ns}
DATA_Celine_tache01_11025_64.wav,sp c'est la capsule au dessus du sp carre rouge sp {ns} sp
DATA_Livia_tache02_11025_189.wav,c'est le courroux sp a cote de l' etoile bleue {ns}
DATA_Thibault_tache02_11025_12.wav,c'est les etats sur l' etoile bleue sp {ns} sp
DATA_Livia_tache01_11025_186.wav,sp c'est le lezard a cote du rond jaune {ns} sp
DATA_Celine_tache01_11025_122.wav,sp c'est la migraine en dessous du rond vert {ns}
DATA_Livia_tache02_11025_123.wav,c'est l' assaut sur l' etoile verte {ns}
DATA_Celine_tache01_11025_117.wav,c'est le radis au dessus du rond rouge sp {ns} sp
DATA_Thomas_tache01_11025_8.wav,sp c'est le vaccin sp sur le rond jaune {ns}
DATA_Melanie_tache01_11025_93.wav,c'est l' intrus au dessus du cercle jaune {ns}
DATA_Livia_tache01_11025_102.wav,c'est l' etang au dessus de l' etoile bleue {ns} sp
DATA_Emre_tache01_11025_156.wav,sp c'est le sultan a cote du rond bleu {ns}
DATA_Melanie_tache01_11025_167.wav,sp c'est l' hommage a cote du triangle bleu sp {ns}
DATA_Nael_tache02_11025_90.wav,c'est le coma en dessous du triangle vert {ns}
DATA_Chloe_tache02_11025_105.wav,c'est le frangin en dessous du rond bleu sp {ns}
DATA_Thomas_tache01_11025_137.wav,c'est le recours a cote du carre vert {ns} sp
DATA_Thomas_tache02_11025_145.wav,c'est l' etage au dessus du rond vert {ns} sp
DATA_ClaraG_tache01_11025_149.wav,c'est la flanelle au dessus du rond bleu {ns} sp
DATA_AnnaL_tache01_11025_34.wav,sp c'est le parvis a cote du triangle vert {ns}
DATA_Thibault_tache01_11025_198.wav,c'est amer au dessus de l' etoile jaune sp {ns} sp
DATA_Camille_tache01_11025_197.wav,sp c'est le macon sp sur le rond gris {ns} sp
DATA_Camille_tache01_11025_101.wav,sp c'est la grimace sp en dessous du carre gris {ns} sp
DATA_Thomas_tache01_11025_13.wav,c'est soudaine sp sur le carre rouge {ns} sp
DATA_Celine_tache02_11025_186.wav,sp c'est le lezard sp a cote du rond jaune sp {ns}
DATA_Camille_tache02_11025_85.wav,c'est le sceau sp sur le rond gris {ns}
DATA_Ariane_tache01_11025_184.wav,c'est l' auteur sp sur l' etoile rouge {ns} sp
DATA_Melanie_tache01_11025_81.wav,sp c'est le discours a cote du cercle gris sp {ns}
DATA_Chloe_tache02_11025_50.wav,c'est le talon en dessous du triangle vert {ns}
DATA_Emre_tache01_11025_97.wav,c'est rugueux sp sur l' etoile bleue sp {ns} sp
DATA_Chloe_tache02_11025_200.wav,c'est le campus au dessus du triangle jaune sp {ns}
DATA_Celine_tache01_11025_53.wav,sp c'est l' arete au dessus du triangle vert {ns} sp
DATA_Camille_tache01_11025_166.wav,c'est le format sp en dessous du rond gris {ns} sp
DATA_Thibault_tache01_11025_102.wav,c'est l' etang sp au dessus de l' etoile bleue sp {ns} sp
DATA_Ariane_tache01_11025_14.wav,c'est sp le secteur en sp dessous sp du rond sp gris {ns}
DATA_Thibault_tache02_11025_89.wav,c'est le cadet sp sur sp le carre rouge {ns} sp
DATA_Lucie_tache01_11025_116.wav,c'est l' allure sur sp l' etoile grise {ns}
DATA_Thibault_tache02_11025_67.wav,c'est absurde au dessus du rond rouge {ns} sp
DATA_Nael_tache02_11025_35.wav,c'est le climat sur le triangle rouge {ns} sp
DATA_Nael_tache02_11025_129.wav,c'est le satin sur l' etoile rouge {ns}
DATA_Melanie_tache01_11025_66.wav,sp c'est le pate en dessous du triangle bleu sp {ns}
DATA_Livia_tache02_11025_132.wav,sp c'est sp epars sp sur le rond vert {ns}
DATA_Melanie_tache01_11025_13.wav,c'est soudaine sur le carre rouge {ns} sp
DATA_Livia_tache02_11025_204.wav,c'est la morphine sp sur le carre rouge {ns}
DATA_Ariane_tache02_11025_188.wav,c'est sp hagard sp sur le carre sp jaune sp {ns} sp
DATA_Melanie_tache01_11025_177.wav,sp c'est la rigueur a cote du carre gris sp {ns}
DATA_ClaraG_tache01_11025_62.wav,c'est le carreau sp au dessus du carre vert {ns}
DATA_Emre_tache01_11025_147.wav,c'est le visa en dessous de l' etoile jaune {ns} sp
DATA_Chloe_tache01_11025_68.wav,c'est sp le business a cote du carre bleu {ns} sp
DATA_Livia_tache02_11025_10.wav,c'est l' argile sp a cote du triangle bleu {ns}
DATA_Emre_tache02_11025_159.wav,c'est le fardeau sp sur l' etoile bleue {ns}
DATA_Chloe_tache01_11025_83.wav,c'est decu a cote de l' etoile grise {ns}
DATA_Camille_tache02_11025_31.wav,sp c'est l' etude sp sur l' etoile rouge {ns} sp
DATA_Celine_tache01_11025_184.wav,sp c'est l' auteur sur l' etoile rouge sp {ns}
DATA_Melanie_tache02_11025_105.wav,c'est le frangin sp en dessous du rond bleu sp {ns} sp
DATA_Ariane_tache01_11025_19.wav,sp c'est le plafond sp au dessus du rond sp gris {ns}
DATA_Chloe_tache01_11025_135.wav,c'est le choeur au dessus du triangle vert {ns} sp
DATA_Ariane_tache01_11025_18.wav,c'est sp le citron sp au dessus du triangle bleu {ns} sp
DATA_Thibault_tache02_11025_17.wav,c'est l' amas sp au dessus du triangle jaune sp {ns} sp
DATA_Chloe_tache02_11025_109.wav,c'est la detresse en dessous du carre bleu sp {ns}
DATA_Celine_tache01_11025_57.wav,sp c'est la fontaine sur le carre vert {ns}
DATA_Lucie_tache01_11025_125.wav,sp c'est l' arnaque sp en dessous sp de l' etoile rouge {ns}
DATA_ClaraG_tache02_11025_32.wav,c'est le bouquin sp sur le triangle sp gris {ns} sp
DATA_Emre_tache02_11025_6.wav,c'est le genou sur le rond gris {ns} sp
DATA_Celine_tache02_11025_194.wav,c'est le diamant a cote du triangle rouge {ns}
DATA_Camille_tache02_11025_88.wav,c'est la cire sp en dessous du carre jaune {ns} sp
DATA_Clara_tache02_11025_113.wav,c'est la moto sp en dessous sp de l' etoile sp bleue sp {ns}
DATA_Emre_tache01_11025_25.wav,sp c'est l' atout sur l' etoile jaune {ns} sp
DATA_Camille_tache02_11025_64.wav,c'est la capsule sp au dessus du carre rouge {ns} sp
DATA_Celine_tache02_11025_196.wav,c'est le fromage a cote du carre jaune sp {ns}
DATA_Livia_tache01_11025_118.wav,c'est l' etape sp au dessus du carre gris {ns}
DATA_Livia_tache01_11025_139.wav,c'est l' egout sp sur le triangle rouge {ns} sp
DATA_Clara_tache01_11025_170.wav,c'est sp certaine sp au dessus sp de l' etoile sp rouge {ns}
DATA_Camille_tache01_11025_34.wav,sp c'est le parvis sp a cote du triangle vert {ns} sp
DATA_Nael_tache02_11025_32.wav,c'est le bouquin sp sur le triangle gris {ns}
DATA_Melanie_tache02_11025_121.wav,sp c'est le delta en dessous du triangle gris {ns}
DATA_Ariane_tache02_11025_204.wav,sp c'est la morphine sp sur le carre rouge sp {ns} sp
DATA_Camille_tache02_11025_32.wav,sp c'est le bouquin sp sur le triangle sp gris {ns} sp
DATA_Thibault_tache02_11025_88.wav,c'est la cire sp en dessous du carre jaune sp {ns} sp
DATA_Livia_tache01_11025_111.wav,c'est la danseuse a cote de l' etoile jaune {ns}
DATA_Emre_tache01_11025_20.wav,sp c'est sp hideux a cote du rond jaune {ns} sp
DATA_Thibault_tache02_11025_131.wav,c'est la philo en dessous sp du triangle rouge sp {ns} sp
DATA_ClaraG_tache01_11025_195.wav,c'est le menteur a cote du rond vert {ns} sp
DATA_Camille_tache02_11025_132.wav,c'est sp epars sp sur le rond sp vert {ns} sp
DATA_Clara_tache01_11025_55.wav,c'est le tambour sp en dessous du carre rouge {ns}
DATA_Camille_tache02_11025_42.wav,sp c'est l' harem sp en dessous de l' etoile rouge {ns} sp
DATA_Emre_tache02_11025_47.wav,c'est cinquante sur le rond vert {ns}
DATA_Livia_tache02_11025_50.wav,c'est le talon sp en dessous du triangle vert {ns} sp
DATA_Emre_tache01_11025_160.wav,sp c'est ainsi sp sur le carre bleu sp {ns} sp
DATA_Melanie_tache02_11025_82.wav,c'est la belle-mere a cote du rond vert {ns} sp
DATA_Emre_tache02_11025_158.wav,c'est l' orage en dessous du rond vert {ns}
DATA_Thibault_tache01_11025_153.wav,c'est sp amen sp au dessus du carre bleu sp {ns} sp
DATA_AnnaL_tache01_11025_43.wav,c'est le poussin en dessous du triangle jaune sp {ns}
DATA_Livia_tache02_11025_182.wav,c'est marron sp en dessous du triangle vert {ns} sp
DATA_Thibault_tache01_11025_122.wav,c'est la migraine sp en dessous sp du rond vert {ns} sp
DATA_Clara_tache02_11025_204.wav,sp c'est la morphine sp sur le carre rouge {ns}
DATA_Ariane_tache02_11025_191.wav,c'est les patins sp en dessous du carre sp vert {ns} sp
DATA_Chloe_tache01_11025_76.wav,sp c'est l' aveu sp en dessous du rond rouge {ns} sp
DATA_Clara_tache01_11025_137.wav,c'est le recours sp a cote du carre sp vert {ns}
DATA_Melanie_tache02_11025_149.wav,c'est la flanelle au dessus du rond bleu sp {ns}
DATA_Melanie_tache01_11025_163.wav,sp c'est l' audace au dessus du triangle bleu sp {ns} sp
DATA_AnnaL_tache02_11025_86.wav,c'est la brebis sp a cote du rond bleu sp {ns}
DATA_Thomas_tache02_11025_109.wav,c'est la detresse en dessous du carre bleu {ns} sp
DATA_Melanie_tache02_11025_83.wav,c'est decu a cote de l' etoile grise {ns} sp
DATA_Celine_tache01_11025_36.wav,sp c'est moelleux a cote de l' etoile bleue sp {ns} sp
DATA_Thibault_tache02_11025_192.wav,sp c'est sp haineux sp au dessus du carre rouge {ns}
DATA_Ariane_tache01_11025_81.wav,c'est sp le discours sp a cote du rond sp gris {ns} sp
DATA_Lucie_tache02_11025_150.wav,c'est issu au dessus du carre jaune {ns}
DATA_Thibault_tache01_11025_142.wav,c'est la puree sp en dessous sp de l' etoile bleue sp {ns} sp
DATA_Emre_tache01_11025_139.wav,c'est l' egout sp sur le triangle rouge {ns} sp
DATA_ClaraG_tache02_11025_163.wav,c'est l' audace au dessus du triangle sp bleu {ns}
DATA_Lucie_tache01_11025_168.wav,c'est la soucoupe sur l' etoile jaune {ns}
DATA_Livia_tache01_11025_59.wav,c'est le beurre en dessous du carre bleu {ns} sp
DATA_Lucie_tache01_11025_6.wav,c'est le genou sp sur le rond gris {ns}
DATA_Melanie_tache01_11025_128.wav,c'est le vernis en dessous de l' etoile grise {ns}
DATA_Thibault_tache02_11025_38.wav,c'est bavarde a cote de l' etoile jaune {ns} sp
DATA_ClaraG_tache01_11025_183.wav,c'est le radeau sp en dessous du rond jaune {ns} sp
DATA_Thibault_tache02_11025_64.wav,c'est la capsule sp au dessus du carre rouge sp {ns}
DATA_Thibault_tache01_11025_52.wav,c'est la censure sp en dessous de l' etoile grise sp {ns} sp
DATA_Celine_tache02_11025_37.wav,c'est la pizza sp au dessus du rond jaune sp {ns} sp
DATA_Lucie_tache02_11025_80.wav,c'est sure sp au dessus du carre rouge {ns} sp
DATA_Camille_tache02_11025_187.wav,c'est le bonnet sp en dessous du carre gris sp {ns} sp
DATA_Clara_tache02_11025_23.wav,c'est sp le trophee sp sur le triangle vert {ns}
DATA_Emre_tache01_11025_187.wav,c'est le bonnet sp en dessous du carre gris sp {ns} sp
DATA_Clara_tache01_11025_139.wav,c'est sp l' egout sp sur sp le triangle rouge {ns}
DATA_Livia_tache01_11025_81.wav,c'est le discours a cote du rond gris {ns}
DATA_Ariane_tache02_11025_153.wav,c'est sp amen sp au dessus du carre bleu {ns} sp
DATA_Clara_tache02_11025_43.wav,c'est le poussin sp en dessous du triangle jaune {ns}
DATA_Livia_tache01_11025_160.wav,c'est ainsi sur le carre bleu {ns} sp
DATA_Ariane_tache02_11025_200.wav,c'est le sp campus sp au dessus du triangle jaune {ns}
DATA_Ariane_tache01_11025_100.wav,sp c'est le soda sp au dessus du triangle sp jaune {ns}
DATA_Emre_tache02_11025_163.wav,sp c'est l' audace sp au dessus du triangle bleu {ns} sp
DATA_Celine_tache02_11025_172.wav,sp c'est l' ivresse en dessous du carre jaune sp {ns} sp
DATA_Camille_tache01_11025_103.wav,sp c'est l' osseux sp sur le carre gris sp {ns} sp
DATA_Emre_tache02_11025_88.wav,c'est la cire en dessous du carre jaune {ns} sp
DATA_Lucie_tache02_11025_170.wav,c'est certaine sp au dessus de l' etoile rouge {ns}
DATA_Ariane_tache02_11025_10.wav,c'est l' argile sp a cote du triangle bleu {ns} sp
DATA_AnnaL_tache01_11025_201.wav,c'est le gala en dessous du rond rouge {ns}
DATA_Ariane_tache01_11025_105.wav,c'est le frangin sp en dessous du rond sp bleu sp {ns} sp
DATA_Emre_tache01_11025_94.wav,c'est le marquis a cote de l' etoile verte {ns} sp
DATA_Celine_tache02_11025_86.wav,sp c'est la brebis a cote du rond bleu {ns} sp
DATA_Thomas_tache02_11025_45.wav,sp c'est le meurtre en dessous de l' etoile bleue sp {ns}
DATA_Melanie_tache01_11025_176.wav,c'est la paleur sur le triangle jaune {ns}
DATA_Emre_tache01_11025_122.wav,c'est la migraine en dessous du rond vert {ns} sp
DATA_Thomas_tache01_11025_128.wav,c'est le vernis en dessous de l' etoile grise {ns}
DATA_ClaraG_tache01_11025_128.wav,c'est le vernis en dessous de l' etoile grise {ns} sp
DATA_Ariane_tache02_11025_39.wav,sp c'est sp douteux sp au dessus du rond sp vert sp {ns} sp
DATA_Clara_tache01_11025_177.wav,c'est la rigueur sp a cote du carre sp gris sp {ns}
DATA_Lucie_tache02_11025_166.wav,sp c'est le format en dessous sp du rond gris {ns} sp
DATA_Livia_tache01_11025_183.wav,sp c'est le radeau en dessous du rond jaune {ns}
DATA_Melanie_tache01_11025_105.wav,c'est le frangin en dessous du cercle bleu {ns}
DATA_ClaraG_tache02_11025_85.wav,c'est le sceau sur le rond gris {ns}
DATA_Melanie_tache02_11025_167.wav,c'est l' hommage a cote du triangle bleu sp {ns}
DATA_Camille_tache02_11025_136.wav,c'est la poupee sp sur le carre vert {ns} sp
DATA_Lucie_tache02_11025_115.wav,c'est la corvee sp sur le rond rouge {ns}
DATA_Livia_tache02_11025_110.wav,c'est avare sp a cote du carre jaune {ns}
DATA_Clara_tache02_11025_165.wav,c'est l' arene sp a cote de l' etoile sp verte {ns}
DATA_Thibault_tache01_11025_33.wav,c'est la fureur sp au dessus de l' etoile bleue sp {ns} sp
DATA_Lucie_tache02_11025_194.wav,c'est le diamant sp a cote du triangle rouge {ns} sp
DATA_Celine_tache02_11025_34.wav,sp c'est le parvis sp a cote du triangle vert {ns} sp
DATA_ClaraG_tache02_11025_7.wav,c'est la source sp sur le carre jaune sp {ns} sp
DATA_Lucie_tache01_11025_15.wav,sp c'est l' ecart sp a cote du carre rouge {ns} sp
DATA_Thibault_tache02_11025_91.wav,c'est le marais au dessus du carre jaune {ns} sp
DATA_Chloe_tache01_11025_141.wav,c'est sp laiteuse au dessus du rond gris {ns} sp
DATA_Camille_tache01_11025_127.wav,sp c'est le buisson au dessus du triangle gris {ns} sp
DATA_Livia_tache02_11025_154.wav,c'est la guitare sp a cote du carre bleu {ns}
DATA_Camille_tache01_11025_167.wav,sp c'est l' hommage sp a cote du triangle bleu {ns} sp
DATA_Nael_tache01_11025_173.wav,c'est le placard en dessous du carre rouge {ns}
DATA_AnnaL_tache02_11025_31.wav,c'est l' etude sp sur l' etoile rouge {ns} sp
DATA_Clara_tache02_11025_71.wav,c'est le metteur sp sur sp le carre sp jaune {ns}
DATA_Emre_tache02_11025_11.wav,sp c'est le divan en dessous du rond rouge {ns} sp
DATA_Nael_tache01_11025_190.wav,c'est le godet a cote du triangle gris {ns}
DATA_Celine_tache01_11025_205.wav,c'est le gouter en dessous du carre bleu sp {ns}
DATA_Camille_tache01_11025_90.wav,sp c'est le coma sp en dessous du triangle vert {ns} sp
DATA_Clara_tache02_11025_50.wav,c'est le talon sp en dessous sp du triangle vert {ns}
DATA_Celine_tache02_11025_91.wav,sp c'est le marais sp au dessus du carre jaune sp {ns} sp
DATA_Clara_tache01_11025_125.wav,c'est l' arnaque sp en dessous sp de l' etoile rouge {ns}
DATA_Lucie_tache01_11025_135.wav,c'est le choeur sp au dessus sp du triangle vert sp {ns} sp
DATA_Emre_tache02_11025_73.wav,c'est le montant au dessus de l' etoile grise {ns}
DATA_Thomas_tache01_11025_11.wav,c'est le divan en dessous du rond rouge sp {ns} sp
DATA_ClaraG_tache01_11025_117.wav,sp c'est le radis au dessus du rond rouge {ns}
DATA_Melanie_tache02_11025_47.wav,sp c'est cinquante sur le rond vert {ns} sp
DATA_Thomas_tache02_11025_16.wav,sp c'est le cartable en dessous du rond jaune sp {ns}
DATA_Celine_tache02_11025_95.wav,sp c'est la sirene a cote du triangle bleu sp {ns} sp
DATA_Nael_tache01_11025_37.wav,sp c'est la pizza sp au dessus du rond jaune {ns} sp
DATA_Clara_tache01_11025_116.wav,c'est l' allure sp sur l' etoile grise {ns} sp
DATA_ClaraG_tache02_11025_108.wav,c'est l' enjeu sp sur le triangle vert {ns}
DATA_Emre_tache01_11025_18.wav,sp c'est le citron au dessus du triangle bleu sp {ns} sp
DATA_Thomas_tache01_11025_19.wav,c'est le plafond au dessus du rond gris {ns}
DATA_Emre_tache01_11025_85.wav,sp c'est le sceau sur le rond gris {ns}
DATA_Thibault_tache01_11025_34.wav,c'est le parvis sp a cote sp du triangle vert {ns}
DATA_ClaraG_tache01_11025_181.wav,c'est le cypres sur le rond jaune sp {ns}
DATA_Thibault_tache01_11025_80.wav,sp c'est sure sp au dessus du carre rouge {ns} sp
DATA_Emre_tache02_11025_138.wav,sp c'est le degre sp a cote de l' etoile jaune {ns} sp
DATA_Thibault_tache02_11025_156.wav,c'est le sultan a cote du rond bleu {ns} sp
DATA_Thomas_tache01_11025_182.wav,c'est marron sp en dessous du triangle vert {ns} sp
DATA_Lucie_tache02_11025_5.wav,c'est le hublot sp a cote sp de l' etoile sp verte {ns}
DATA_Livia_tache01_11025_168.wav,c'est la soucoupe sp sur l' etoile jaune {ns}
DATA_Clara_tache02_11025_170.wav,c'est certaine sp au dessus de l' etoile rouge sp {ns}
DATA_Thibault_tache01_11025_7.wav,c'est la source sp sur le carre jaune sp {ns} sp
DATA_Livia_tache02_11025_118.wav,sp c'est l' etape sp au dessus du carre gris {ns}
DATA_Chloe_tache01_11025_134.wav,sp c'est sp le blafard au dessus du carre bleu {ns} sp
DATA_Melanie_tache01_11025_49.wav,sp c'est la fierte au dessus de l' etoile verte sp {ns} sp
DATA_Emre_tache02_11025_164.wav,c'est l' achat en dessous du rond bleu sp {ns}
DATA_ClaraG_tache02_11025_134.wav,c'est le blafard sp au dessus du carre bleu {ns}
DATA_Ariane_tache01_11025_68.wav,sp c'est le business sp a cote sp du carre sp bleu {ns} sp
DATA_Celine_tache02_11025_130.wav,sp c'est le marteau au dessus de l' etoile jaune sp {ns}
DATA_Nael_tache02_11025_175.wav,sp c'est le ruban a cote du rond gris {ns} sp
DATA_Lucie_tache02_11025_72.wav,c'est le bazar au dessus de l' etoile verte {ns}
DATA_Livia_tache01_11025_156.wav,c'est le sultan a cote du rond bleu {ns} sp
DATA_Thibault_tache01_11025_164.wav,c'est l' achat sp en dessous du rond bleu sp {ns} sp
DATA_Nael_tache01_11025_165.wav,c'est l' arene a cote de l' etoile sp verte {ns} sp
DATA_Livia_tache02_11025_83.wav,sp c'est decu a cote de l' etoile grise {ns}
DATA_Ariane_tache01_11025_49.wav,c'est la fierte sp au dessus de l' etoile sp verte sp {ns} sp
DATA_Thibault_tache02_11025_20.wav,c'est sp hideux sp a cote sp du rond jaune sp {ns} sp
DATA_Thibault_tache02_11025_180.wav,c'est la bonte sur le rond vert {ns} sp
DATA_Clara_tache02_11025_80.wav,sp c'est sure sp au dessus du carre rouge {ns}
DATA_Ariane_tache01_11025_191.wav,sp c'est les sp patins sp en dessous du carre sp vert {ns} sp
DATA_Nael_tache02_11025_111.wav,c'est la danseuse a cote de l' etoile jaune {ns}
DATA_Camille_tache02_11025_15.wav,sp c'est l' ecart sp a cote du sp carre rouge {ns} sp
DATA_Chloe_tache01_11025_120.wav,c'est le whiskey en dessous du rond gris {ns} sp
DATA_Camille_tache01_11025_88.wav,sp c'est la cire sp en dessous du carre jaune {ns}
DATA_Chloe_tache02_11025_177.wav,c'est la rigueur a cote du carre gris {ns}
DATA_Camille_tache02_11025_27.wav,c'est le tombeau sp a cote sp du carre jaune {ns} sp
DATA_Clara_tache02_11025_70.wav,c'est le budget sp en dessous du triangle bleu sp {ns}
DATA_AnnaL_tache01_11025_203.wav,c'est la revue en dessous du triangle gris {ns}
DATA_Ariane_tache02_11025_27.wav,c'est le sp tombeau sp a cote du carre jaune {ns} sp
DATA_Thomas_tache01_11025_79.wav,sp c'est le theme sp en dessous du carre rouge sp {ns} sp
DATA_Thibault_tache02_11025_146.wav,c'est le cil a cote sp de l' etoile rouge {ns} sp
DATA_Livia_tache02_11025_86.wav,c'est la brebis a cote du rond bleu {ns} sp
DATA_Camille_tache01_11025_108.wav,sp c'est l' enjeu sp sur le triangle vert {ns} sp
DATA_AnnaL_tache01_11025_21.wav,c'est la clarte en dessous du rond vert {ns} sp
DATA_Nael_tache02_11025_132.wav,c'est epars sur le rond vert {ns} sp
DATA_Thomas_tache01_11025_51.wav,sp c'est le micro a cote du rond gris {ns}
DATA_Thomas_tache01_11025_197.wav,c'est le macon sur le rond gris {ns}
DATA_Thomas_tache02_11025_35.wav,c'est le climat sur le triangle rouge {ns}
DATA_Ariane_tache02_11025_117.wav,c'est sp le radis sp au dessus du rond sp rouge {ns} sp
DATA_Melanie_tache02_11025_59.wav,sp c'est le beurre en dessous du carre bleu {ns}
DATA_Melanie_tache02_11025_152.wav,sp c'est le cigare au dessus du rond jaune {ns}
DATA_Melanie_tache01_11025_137.wav,sp c'est le recours a cote du carre vert {ns}
DATA_Camille_tache01_11025_69.wav,sp c'est le beguin sp a cote du rond rouge {ns} sp
DATA_Camille_tache01_11025_15.wav,sp c'est l' ecart a cote du carre rouge {ns} sp
DATA_Nael_tache02_11025_53.wav,c'est l' arete au dessus du triangle vert {ns}
DATA_Thibault_tache02_11025_86.wav,c'est la brebis a cote du rond bleu sp {ns} sp
DATA_Thibault_tache02_11025_187.wav,c'est le bonnet sp en dessous du carre gris sp {ns}
DATA_AnnaL_tache01_11025_102.wav,c'est l' etang au dessus de l' etoile bleue {ns} sp
DATA_Emre_tache01_11025_78.wav,c'est l' entente a cote du rond rouge {ns}
DATA_Emre_tache02_11025_143.wav,c'est le morceau sp sur le carre gris {ns} sp
DATA_Clara_tache01_11025_95.wav,sp c'est la sirene a cote du triangle bleu sp {ns}
DATA_Clara_tache01_11025_127.wav,c'est le buisson sp au dessus du triangle gris {ns}
DATA_Thibault_tache02_11025_142.wav,c'est la puree sp en dessous de l' etoile bleue sp {ns} sp
DATA_Lucie_tache01_11025_62.wav,sp c'est le carreau sp au dessus sp du carre vert {ns}
DATA_Thibault_tache01_11025_110.wav,c'est avare sp a cote du carre jaune sp {ns} sp
DATA_Nael_tache02_11025_155.wav,c'est l' horreur sur le rond rouge {ns}
DATA_Chloe_tache01_11025_167.wav,c'est l' hommage a cote du triangle bleu {ns} sp
DATA_Camille_tache02_11025_25.wav,c'est l' atout sp sur l' etoile jaune sp {ns} sp
DATA_Emre_tache02_11025_82.wav,c'est la belle-mere a cote du rond vert sp {ns} sp
DATA_Ariane_tache01_11025_62.wav,c'est le sp carreau sp au dessus sp du carre sp vert {ns}
DATA_Lucie_tache01_11025_170.wav,sp c'est certaine sp au dessus de l' etoile rouge sp {ns} sp
DATA_Lucie_tache01_11025_140.wav,sp c'est le pasteur sp en dessous du triangle bleu sp {ns} sp
DATA_Melanie_tache01_11025_140.wav,c'est le pasteur en dessous du triangle bleu sp {ns}
DATA_Camille_tache01_11025_129.wav,c'est le satin sp sur l' etoile rouge {ns} sp
DATA_Chloe_tache02_11025_38.wav,c'est bavarde a cote de l' etoile jaune sp {ns}
DATA_Clara_tache02_11025_198.wav,c'est amer sp au dessus de l' etoile sp jaune {ns}
DATA_Thibault_tache01_11025_107.wav,c'est relax sp a cote sp du triangle rouge {ns} sp
DATA_Thibault_tache02_11025_177.wav,c'est la rigueur a cote du carre gris sp {ns} sp
DATA_Camille_tache02_11025_41.wav,c'est jeudi sp en dessous sp du triangle rouge sp {ns} sp
DATA_Camille_tache01_11025_50.wav,c'est le talon sp en dessous sp du triangle vert {ns} sp
DATA_Clara_tache02_11025_131.wav,c'est la philo sp en dessous du triangle rouge {ns}
DATA_Melanie_tache02_11025_86.wav,c'est la brebis a cote du rond bleu sp {ns}
DATA_Lucie_tache01_11025_56.wav,sp c'est la monnaie sp a cote du rond vert {ns}
DATA_ClaraG_tache02_11025_200.wav,c'est le campus au dessus du triangle sp jaune {ns}
DATA_Melanie_tache01_11025_112.wav,sp c'est le pave au dessus du cercle gris {ns} sp
DATA_Nael_tache02_11025_158.wav,c'est l' orage en dessous du rond vert {ns}
DATA_Melanie_tache01_11025_127.wav,c'est le buisson au dessus du triangle gris sp {ns}
DATA_Emre_tache01_11025_171.wav,c'est morveux en dessous de l' etoile grise {ns}
DATA_Ariane_tache01_11025_201.wav,c'est le gala sp en dessous du rond sp rouge {ns} sp
DATA_ClaraG_tache02_11025_95.wav,c'est la sirene a cote du triangle bleu {ns}
DATA_Thibault_tache01_11025_186.wav,c'est le lezard a cote du rond jaune sp {ns} sp
DATA_Chloe_tache01_11025_96.wav,c'est le precis sur le carre bleu sp {ns} sp
DATA_Ariane_tache01_11025_29.wav,sp c'est le savon sp en dessous de l' etoile sp jaune {ns}
DATA_Clara_tache02_11025_41.wav,c'est jeudi sp en dessous du triangle rouge {ns}
DATA_Melanie_tache02_11025_131.wav,c'est la philo en dessous du triangle rouge {ns} sp
DATA_Emre_tache02_11025_19.wav,c'est le plafond sp au dessus sp du rond gris {ns}
DATA_Ariane_tache02_11025_67.wav,sp c'est sp absurde sp au dessus du rond sp rouge {ns}
DATA_Lucie_tache02_11025_60.wav,c'est le sommet sp a cote du carre vert {ns}
DATA_Celine_tache01_11025_76.wav,sp c'est l' aveu en dessous du rond rouge sp {ns}
DATA_Clara_tache01_11025_169.wav,c'est le voisin sp sur sp le rond sp bleu sp {ns}
DATA_AnnaL_tache01_11025_53.wav,c'est l' arete sp au dessus du triangle vert {ns}
DATA_Emre_tache01_11025_4.wav,c'est le ruisseau a cote du triangle rouge {ns}
DATA_Chloe_tache01_11025_140.wav,c'est le pasteur en dessous du triangle bleu {ns} sp
DATA_Emre_tache01_11025_127.wav,sp c'est le buisson sp au dessus du triangle gris {ns}
DATA_Thomas_tache02_11025_44.wav,sp c'est la bougie au dessus du triangle gris {ns}
DATA_Nael_tache02_11025_104.wav,sp c'est la blessure a cote du carre gris {ns}
DATA_Lucie_tache01_11025_70.wav,c'est le budget sp en dessous du triangle bleu {ns} sp
DATA_Clara_tache02_11025_160.wav,c'est ainsi sp sur le carre sp bleu {ns}
DATA_Chloe_tache02_11025_144.wav,c'est la cadence a cote du rond rouge {ns}
DATA_Ariane_tache01_11025_58.wav,c'est le savant sp en dessous sp de l' etoile sp verte {ns}
DATA_Chloe_tache01_11025_73.wav,c'est le montant au dessus de l' etoile grise sp {ns}
DATA_ClaraG_tache01_11025_112.wav,sp c'est le pave au dessus du rond gris sp {ns} sp
DATA_AnnaL_tache01_11025_29.wav,sp c'est le savon en dessous de l' etoile jaune {ns}
DATA_Livia_tache01_11025_201.wav,sp c'est le gala en dessous du rond rouge {ns} sp
DATA_Livia_tache01_11025_141.wav,c'est laiteuse au dessus du rond gris {ns}
DATA_Thomas_tache02_11025_8.wav,sp c'est le vaccin sur le rond jaune {ns} sp
DATA_Emre_tache01_11025_194.wav,c'est le diamant a cote du triangle rouge {ns}
DATA_Camille_tache01_11025_59.wav,sp c'est le beurre en dessous du carre bleu sp {ns} sp
DATA_ClaraG_tache02_11025_14.wav,c'est le secteur en dessous du rond gris {ns}
DATA_AnnaL_tache01_11025_86.wav,c'est la brebis a cote du rond bleu {ns} sp
DATA_Camille_tache02_11025_201.wav,c'est le gala sp en dessous du rond rouge {ns} sp
DATA_Thibault_tache01_11025_66.wav,c'est le pate sp en dessous du triangle bleu {ns} sp
DATA_Ariane_tache02_11025_175.wav,c'est le ruban sp a cote du rond gris {ns}
DATA_Thomas_tache01_11025_52.wav,sp c'est la censure en dessous de l' etoile grise sp {ns} sp
DATA_Ariane_tache01_11025_91.wav,c'est le marais sp au dessus du carre sp jaune {ns}
DATA_Melanie_tache01_11025_73.wav,c'est le montant au dessus de l' etoile grise {ns}
DATA_AnnaL_tache02_11025_186.wav,c'est le lezard a cote du rond jaune {ns}
DATA_Livia_tache01_11025_40.wav,c'est l' ouvrage en dessous du carre gris {ns}
DATA_Thomas_tache01_11025_91.wav,sp c'est le marais au dessus du carre jaune {ns} sp
DATA_Camille_tache02_11025_130.wav,sp c'est le marteau sp au dessus de l' etoile jaune {ns} sp
DATA_Clara_tache01_11025_194.wav,sp c'est le diamant sp a cote du triangle rouge {ns} sp
DATA_Thomas_tache02_11025_9.wav,sp c'est le corbeau au dessus de l' etoile rouge {ns} sp
DATA_Camille_tache02_11025_139.wav,sp c'est l' egout sp sur le triangle rouge {ns} sp
DATA_Clara_tache01_11025_157.wav,c'est le dilemme sp en dessous de l' etoile sp verte {ns}
DATA_ClaraG_tache01_11025_54.wav,c'est la paresse sp en dessous du carre jaune {ns} sp
DATA_Celine_tache01_11025_110.wav,c'est avare sp a cote du carre jaune {ns} sp
DATA_AnnaL_tache01_11025_113.wav,c'est la moto en dessous de l' etoile bleue {ns}
DATA_Emre_tache02_11025_14.wav,sp c'est le secteur en dessous du rond gris {ns}
DATA_Thomas_tache02_11025_81.wav,c'est le discours a cote du rond gris {ns} sp
DATA_Nael_tache01_11025_33.wav,sp c'est la fureur sp au dessus de l' etoile bleue {ns}
DATA_Nael_tache02_11025_134.wav,c'est le blafard au dessus du carre bleu sp {ns}
DATA_Ariane_tache02_11025_95.wav,sp c'est sp la sirene sp a cote du triangle bleu sp {ns} sp
DATA_Emre_tache01_11025_92.wav,c'est le talus a cote sp du rond sp jaune {ns}
DATA_Thomas_tache01_11025_57.wav,sp c'est la fontaine sur le carre vert {ns} sp
DATA_Camille_tache01_11025_4.wav,c'est le ruisseau sp a cote du triangle rouge sp {ns} sp
DATA_Nael_tache02_11025_75.wav,c'est le cingle a cote du carre sp bleu sp {ns} sp
DATA_AnnaL_tache02_11025_117.wav,c'est le radis sp au dessus sp du rond rouge {ns}
DATA_Livia_tache01_11025_166.wav,c'est le format en dessous du rond gris {ns}
DATA_Clara_tache01_11025_121.wav,c'est le delta sp en dessous du triangle gris {ns}
DATA_Ariane_tache01_11025_51.wav,c'est le micro sp a cote du rond sp gris {ns} sp
DATA_Livia_tache01_11025_55.wav,c'est le sp tambour en dessous du carre rouge {ns} sp
DATA_Chloe_tache01_11025_147.wav,c'est le visa sp en dessous de l' etoile jaune {ns} sp
DATA_Camille_tache02_11025_117.wav,c'est le radis sp au dessus du rond rouge {ns} sp
DATA_Livia_tache01_11025_64.wav,sp c'est la capsule sp au dessus du carre rouge {ns} sp
DATA_Nael_tache01_11025_149.wav,sp c'est la flanelle au dessus du rond bleu {ns} sp
DATA_Camille_tache01_11025_35.wav,c'est le climat sp sur le triangle rouge {ns} sp
DATA_Thomas_tache02_11025_79.wav,sp c'est le theme en dessous du carre rouge {ns}
DATA_Clara_tache02_11025_162.wav,c'est le soupcon sp au dessus du rond sp rouge {ns}
DATA_Thomas_tache02_11025_182.wav,sp c'est marron en dessous du triangle vert {ns} sp
DATA_Nael_tache02_11025_117.wav,c'est le radis au dessus du rond rouge {ns} sp
DATA_Thomas_tache01_11025_94.wav,c'est le marquis a cote de l' etoile verte sp {ns} sp
DATA_Camille_tache02_11025_89.wav,c'est le cadet sp sur le carre rouge {ns} sp
DATA_Thibault_tache02_11025_30.wav,c'est le cachet sp au dessus du carre jaune {ns} sp
DATA_Celine_tache02_11025_182.wav,sp c'est marron en sp dessous du triangle vert {ns}
DATA_Lucie_tache02_11025_182.wav,c'est marron sp en dessous sp du triangle vert {ns} sp
DATA_Thomas_tache02_11025_28.wav,c'est le machin sur le carre bleu {ns} sp
DATA_Celine_tache01_11025_162.wav,c'est le sp soupcon sp au dessus du rond rouge {ns} sp
DATA_Thomas_tache02_11025_17.wav,sp c'est l' amas au dessus du triangle jaune {ns} sp
DATA_AnnaL_tache01_11025_59.wav,c'est le beurre sp en dessous du carre sp bleu sp {ns} sp
DATA_Lucie_tache02_11025_7.wav,c'est la source sur le carre jaune {ns}
DATA_Camille_tache01_11025_37.wav,sp c'est la pizza sp au dessus du rond jaune sp {ns} sp
DATA_Lucie_tache01_11025_190.wav,sp c'est le godet sp a cote du triangle gris {ns}
DATA_Emre_tache02_11025_58.wav,c'est le savant en dessous de l' etoile verte {ns} sp
DATA_Clara_tache02_11025_99.wav,c'est la charrue sp sur sp le triangle jaune {ns}
DATA_Lucie_tache01_11025_178.wav,c'est l' antenne sp sur l' etoile grise {ns}
DATA_Melanie_tache02_11025_3.wav,c'est le sp blaspheme sur le triangle bleu sp {ns}
DATA_Thibault_tache01_11025_147.wav,sp c'est le visa sp en dessous de l' etoile jaune sp {ns} sp
DATA_Emre_tache01_11025_181.wav,sp c'est le cypres sur le rond jaune {ns} sp
DATA_ClaraG_tache01_11025_5.wav,c'est le hublot a cote de l' etoile verte {ns} sp
DATA_AnnaL_tache01_11025_188.wav,c'est hagard sur le carre jaune {ns} sp
DATA_Clara_tache01_11025_187.wav,c'est le bonnet sp en dessous sp du carre gris {ns}
DATA_Emre_tache02_11025_197.wav,c'est le macon sp sur le rond gris {ns}
DATA_AnnaL_tache02_11025_142.wav,c'est la puree sp en dessous de l' etoile bleue {ns}
DATA_Lucie_tache02_11025_124.wav,sp c'est le chene a cote du triangle jaune {ns}
DATA_Melanie_tache01_11025_189.wav,sp c'est le courroux a cote de l' etoile bleue sp {ns} sp
DATA_Celine_tache02_11025_108.wav,c'est l' enjeu sp sur le triangle vert {ns}
DATA_Chloe_tache01_11025_106.wav,c'est la servante a cote du triangle vert {ns} sp
DATA_Nael_tache01_11025_7.wav,c'est la source sur le carre jaune {ns}
DATA_Nael_tache02_11025_106.wav,c'est la servante a cote du triangle vert {ns}
DATA_Lucie_tache02_11025_186.wav,c'est le lezard a cote sp du rond sp jaune sp {ns}
DATA_Chloe_tache01_11025_15.wav,c'est l' ecart sp a cote du carre rouge {ns} sp
DATA_Emre_tache02_11025_203.wav,c'est la revue en dessous du triangle gris sp {ns}
DATA_Melanie_tache02_11025_9.wav,c'est le corbeau au dessus de l' etoile rouge {ns} sp
DATA_Camille_tache02_11025_30.wav,sp c'est le cachet sp au dessus du carre jaune sp {ns} sp
DATA_ClaraG_tache02_11025_1.wav,c'est l' epoux sp sur le carre gris {ns}
DATA_Chloe_tache01_11025_137.wav,c'est sp le recours a cote du carre vert {ns}
DATA_Emre_tache02_11025_185.wav,c'est l' egard sp en dessous du triangle rouge {ns} sp
DATA_ClaraG_tache01_11025_104.wav,c'est la blessure sp a cote du carre gris sp {ns}
DATA_Lucie_tache02_11025_90.wav,c'est le coma sp en dessous du triangle vert {ns}
DATA_Thomas_tache02_11025_155.wav,sp c'est l' horreur sur le rond rouge sp {ns} sp
DATA_Emre_tache02_11025_129.wav,c'est le satin sp sur sp l' etoile rouge {ns} sp
DATA_Nael_tache01_11025_133.wav,sp c'est le surplus sur le triangle bleu {ns} sp
DATA_Lucie_tache01_11025_129.wav,sp c'est le satin sp sur l' etoile rouge sp {ns}
DATA_Thomas_tache01_11025_183.wav,c'est le radeau en dessous du rond jaune {ns}
DATA_Chloe_tache02_11025_99.wav,c'est la charrue sp sur le triangle sp jaune {ns} sp
DATA_Thibault_tache01_11025_15.wav,c'est l' ecart sp a cote du carre rouge {ns} sp
DATA_Livia_tache02_11025_57.wav,c'est la fontaine sp sur le sp carre sp vert {ns}
DATA_Thomas_tache02_11025_23.wav,sp c'est le trophee sur le triangle vert {ns} sp
DATA_Ariane_tache02_11025_106.wav,c'est sp la servante sp a cote du triangle sp vert {ns} sp
DATA_AnnaL_tache02_11025_150.wav,c'est sp issu sp au dessus du carre jaune {ns} sp
DATA_Livia_tache01_11025_18.wav,c'est le citron sp au dessus du triangle bleu {ns}
DATA_Lucie_tache02_11025_64.wav,c'est la capsule au dessus du carre rouge {ns} sp
DATA_Chloe_tache01_11025_60.wav,c'est le sommet a cote du carre vert {ns} sp
DATA_Nael_tache02_11025_118.wav,sp c'est l' etape au dessus du carre gris {ns}
DATA_Thomas_tache02_11025_88.wav,c'est la cire sp en dessous du sp carre jaune {ns} sp
DATA_ClaraG_tache02_11025_31.wav,c'est l' etude sp sur l' etoile rouge {ns} sp
DATA_Chloe_tache02_11025_201.wav,c'est le gala en dessous du rond rouge {ns} sp
DATA_Emre_tache01_11025_195.wav,c'est le menteur a cote du rond vert {ns}
DATA_Ariane_tache01_11025_17.wav,c'est sp l' amas sp au dessus sp du triangle sp jaune {ns} sp
DATA_Chloe_tache01_11025_98.wav,c'est le colis au dessus du rond bleu {ns} sp
DATA_Chloe_tache01_11025_184.wav,c'est l' auteur sur l' etoile rouge {ns} sp
DATA_Emre_tache01_11025_136.wav,c'est la poupee sp sur le carre vert sp {ns}
DATA_Emre_tache02_11025_44.wav,c'est la bougie sp au dessus du triangle gris {ns}
DATA_AnnaL_tache01_11025_46.wav,c'est la ressource au dessus du carre gris {ns}
DATA_Chloe_tache02_11025_41.wav,c'est sp jeudi sp en dessous du triangle rouge {ns} sp
DATA_Celine_tache01_11025_4.wav,sp c'est le ruisseau a cote du triangle rouge {ns}
DATA_Clara_tache02_11025_46.wav,c'est la ressource sp au dessus du carre gris {ns}
DATA_Ariane_tache02_11025_139.wav,c'est l' egout sp sur le triangle rouge {ns} sp
DATA_Chloe_tache01_11025_53.wav,c'est l' arete au dessus du triangle vert {ns}
DATA_Clara_tache01_11025_145.wav,c'est l' etage sp au dessus du rond sp vert {ns}
DATA_Livia_tache01_11025_204.wav,c'est la morphine sur le carre rouge {ns}
DATA_Melanie_tache01_11025_79.wav,c'est le theme sp en dessous du carre rouge {ns}
DATA_Camille_tache02_11025_24.wav,sp c'est le bouchon sp sur le triangle jaune sp {ns} sp
DATA_Emre_tache02_11025_92.wav,sp c'est le talus sp a cote du rond jaune sp {ns}
DATA_Ariane_tache01_11025_93.wav,c'est sp l' intrus sp au dessus sp du rond sp jaune {ns}
DATA_Livia_tache02_11025_187.wav,sp c'est le bonnet en sp dessous sp du carre gris {ns}
DATA_Chloe_tache02_11025_176.wav,c'est la sp paleur sur le triangle jaune {ns} sp
DATA_AnnaL_tache01_11025_92.wav,c'est le talus a cote sp du rond jaune {ns}
DATA_Emre_tache01_11025_154.wav,c'est la guitare a cote du carre bleu sp {ns} sp
DATA_ClaraG_tache02_11025_164.wav,c'est l' achat sp en dessous du rond bleu sp {ns}
DATA_Melanie_tache02_11025_175.wav,sp c'est le ruban a cote du rond gris {ns}
DATA_Ariane_tache02_11025_50.wav,sp c'est le talon sp en dessous du triangle vert {ns} sp
DATA_Melanie_tache02_11025_87.wav,c'est le recu sur le triangle rouge {ns}
DATA_Melanie_tache01_11025_205.wav,sp c'est le gouter en dessous du carre bleu sp {ns}
DATA_Emre_tache02_11025_77.wav,c'est supreme au dessus du triangle rouge {ns}
DATA_AnnaL_tache01_11025_97.wav,c'est rugueux sur l' etoile bleue {ns} sp
DATA_Livia_tache02_11025_121.wav,c'est le delta en dessous du triangle gris {ns}
DATA_Thibault_tache01_11025_109.wav,c'est la detresse sp en dessous du carre bleu {ns} sp
DATA_Thomas_tache02_11025_1.wav,c'est l' epoux sp sur le carre sp gris {ns} sp
DATA_Chloe_tache01_11025_183.wav,c'est le radeau en dessous du rond jaune {ns} sp
DATA_Clara_tache02_11025_20.wav,sp c'est sp hideux sp a cote du rond sp jaune {ns}
DATA_Chloe_tache01_11025_16.wav,sp c'est le cartable sp en dessous du rond jaune {ns} sp
DATA_Thibault_tache02_11025_141.wav,c'est laiteuse au dessus sp du rond gris {ns} sp
DATA_Thibault_tache02_11025_26.wav,c'est le tapage sp sur l' etoile verte sp {ns}
DATA_Livia_tache01_11025_9.wav,c'est le sp corbeau sp au dessus de l' etoile rouge {ns} sp
DATA_Camille_tache01_11025_13.wav,c'est sp soudaine sp sur le carre rouge {ns}
DATA_Nael_tache02_11025_119.wav,c'est l' haleine sur le triangle gris {ns}
DATA_Lucie_tache02_11025_97.wav,sp c'est rugueux sur l' etoile bleue sp {ns} sp
DATA_ClaraG_tache01_11025_199.wav,c'est le refrain sp au dessus du carre gris sp {ns}
DATA_Ariane_tache02_11025_174.wav,c'est sp l' insulte sp sur le triangle sp bleu {ns} sp
DATA_Thomas_tache02_11025_42.wav,sp c'est l' harem en dessous de l' etoile rouge {ns} sp
DATA_Emre_tache01_11025_30.wav,c'est le cachet au dessus du carre jaune {ns} sp
DATA_Lucie_tache01_11025_104.wav,sp c'est la blessure sp a cote du carre gris {ns}
DATA_Celine_tache02_11025_96.wav,sp c'est le precis sur le carre bleu sp {ns}
DATA_Livia_tache01_11025_74.wav,c'est la graine sp en dessous du rond jaune {ns} sp
DATA_Livia_tache02_11025_186.wav,c'est le lezard a cote du rond sp jaune {ns} sp
DATA_Celine_tache01_11025_154.wav,sp c'est la guitare a cote du carre bleu sp {ns} sp
DATA_Nael_tache01_11025_49.wav,sp c'est la fierte au dessus de l' etoile sp verte {ns} sp
DATA_Chloe_tache02_11025_106.wav,c'est la servante a cote du triangle vert {ns} sp
DATA_Thibault_tache02_11025_196.wav,c'est le fromage a cote du carre jaune sp {ns} sp
DATA_Lucie_tache01_11025_165.wav,c'est l' arene a cote de l' etoile verte sp {ns}
DATA_Livia_tache01_11025_120.wav,c'est le whiskey sp en dessous du rond sp gris {ns}
DATA_Thomas_tache02_11025_192.wav,c'est sp haineux au dessus du carre rouge {ns}
DATA_Lucie_tache01_11025_147.wav,sp c'est le visa sp en dessous de l' etoile jaune sp {ns}
DATA_Livia_tache01_11025_63.wav,c'est la villa sp au dessus de l' etoile jaune {ns}
DATA_Chloe_tache02_11025_52.wav,c'est la censure en dessous de l' etoile sp grise {ns} sp
DATA_Ariane_tache02_11025_142.wav,c'est sp la sp puree sp en dessous de l' etoile sp bleue {ns}
DATA_Nael_tache02_11025_157.wav,sp c'est le dilemme en dessous de l' etoile verte {ns} sp
DATA_Thomas_tache01_11025_12.wav,sp c'est les etats sp sur l' etoile bleue sp {ns}
DATA_Lucie_tache01_11025_151.wav,sp c'est le batard au dessus du carre vert {ns} sp
DATA_Melanie_tache02_11025_197.wav,c'est le macon sur le rond sp gris {ns}
DATA_Nael_tache02_11025_125.wav,c'est l' arnaque en dessous de l' etoile rouge {ns}
DATA_Thomas_tache01_11025_95.wav,c'est la sirene a cote du triangle bleu {ns} sp
DATA_Ariane_tache02_11025_184.wav,c'est sp l' auteur sur l' etoile rouge {ns} sp
DATA_Celine_tache01_11025_146.wav,c'est le cil a cote de l' etoile rouge sp {ns} sp
DATA_Thibault_tache01_11025_48.wav,c'est le sud sp a cote du rond sp bleu {ns} sp
DATA_Clara_tache02_11025_108.wav,c'est l' enjeu sur le triangle vert sp {ns}
DATA_Lucie_tache02_11025_35.wav,c'est le climat sp sur le triangle rouge {ns}
DATA_Celine_tache01_11025_168.wav,sp c'est la soucoupe sur l' etoile jaune sp {ns} sp
DATA_Thomas_tache01_11025_64.wav,sp c'est la capsule au dessus du carre rouge sp {ns} sp
DATA_Thomas_tache01_11025_71.wav,sp c'est le metteur sp sur le carre jaune {ns} sp
DATA_ClaraG_tache01_11025_83.wav,sp c'est decu a cote de l' etoile grise {ns}
DATA_Livia_tache01_11025_119.wav,sp c'est l' haleine sur le triangle gris {ns}
DATA_Chloe_tache02_11025_89.wav,sp c'est le cadet sur le carre rouge {ns}
DATA_Celine_tache02_11025_184.wav,sp c'est l' auteur sur l' etoile rouge {ns}
DATA_Chloe_tache01_11025_12.wav,c'est les etats sp sur l' etoile bleue {ns} sp
DATA_Thomas_tache01_11025_22.wav,c'est le couvent a cote de l' etoile sp grise {ns}
DATA_Thomas_tache02_11025_3.wav,sp c'est le blaspheme sur le triangle bleu {ns} sp
DATA_Thomas_tache02_11025_49.wav,sp c'est la fierte au dessus de l' etoile verte {ns} sp
DATA_Livia_tache02_11025_42.wav,c'est l' harem en dessous de l' etoile rouge {ns}
DATA_Thibault_tache02_11025_119.wav,c'est l' haleine sp sur le triangle gris sp {ns} sp
DATA_Nael_tache02_11025_73.wav,c'est le montant au dessus de l' etoile grise sp {ns}
DATA_Clara_tache02_11025_124.wav,c'est le chene sp a cote du triangle jaune {ns}
DATA_Emre_tache01_11025_86.wav,sp c'est la brebis sp a cote du rond bleu sp {ns}
DATA_Celine_tache02_11025_60.wav,c'est le sommet a cote du carre vert {ns}
DATA_Clara_tache02_11025_157.wav,c'est le dilemme sp en dessous de l' etoile verte {ns}
DATA_Clara_tache01_11025_63.wav,c'est la villa sp au dessus de l' etoile jaune {ns}
DATA_Emre_tache02_11025_173.wav,c'est le placard en dessous du carre rouge {ns}
DATA_Livia_tache01_11025_13.wav,c'est soudaine sp sur le sp carre rouge {ns} sp
DATA_Chloe_tache01_11025_173.wav,c'est le placard en dessous du carre rouge {ns} sp
DATA_Thibault_tache02_11025_53.wav,sp c'est l' arete sp au dessus du triangle vert {ns} sp
DATA_Camille_tache02_11025_13.wav,sp c'est soudaine sp sur sp le carre sp rouge {ns} sp
DATA_Nael_tache01_11025_28.wav,c'est le machin sp sur le carre bleu {ns} sp
DATA_Emre_tache02_11025_65.wav,c'est le semestre au dessus du triangle rouge {ns}
DATA_Chloe_tache01_11025_133.wav,sp c'est sp le surplus sur le triangle bleu {ns} sp
DATA_Chloe_tache01_11025_204.wav,c'est la morphine sur le carre rouge {ns}
DATA_Melanie_tache01_11025_181.wav,sp c'est le cypres sur le cercle jaune {ns}
DATA_Thibault_tache01_11025_91.wav,c'est le marais sp au dessus du carre jaune sp {ns} sp
DATA_Ariane_tache01_11025_52.wav,sp c'est la censure sp en dessous de l' etoile grise {ns} sp
DATA_Clara_tache02_11025_27.wav,c'est le tombeau sp a cote du carre sp jaune {ns}
DATA_Camille_tache01_11025_138.wav,sp c'est le degre a cote de l' etoile jaune sp {ns} sp
DATA_Celine_tache02_11025_143.wav,c'est le morceau sur le carre gris sp {ns} sp
DATA_Thibault_tache02_11025_107.wav,sp c'est relax sp a cote du triangle rouge {ns} sp
DATA_AnnaL_tache02_11025_10.wav,c'est l' argile sp a cote du triangle bleu sp {ns}
DATA_Melanie_tache02_11025_8.wav,sp c'est le vaccin sur le cercle jaune {ns} sp
DATA_Camille_tache01_11025_144.wav,c'est la cadence sp a cote du rond sp rouge sp {ns} sp
DATA_Melanie_tache02_11025_84.wav,sp c'est le bouton a cote de l' etoile bleue {ns}
DATA_Ariane_tache01_11025_182.wav,sp c'est sp marron sp en dessous du triangle vert {ns}
DATA_Camille_tache02_11025_101.wav,c'est la grimace sp en dessous du sp carre gris {ns} sp
DATA_Lucie_tache01_11025_5.wav,c'est le hublot sp a cote de l' etoile verte {ns} sp
DATA_Clara_tache02_11025_121.wav,c'est le delta sp en dessous du triangle gris {ns}
DATA_Thomas_tache02_11025_140.wav,sp c'est le pasteur en dessous du triangle bleu {ns}
DATA_Thibault_tache01_11025_37.wav,c'est la pizza sp au dessus sp du rond jaune sp {ns}
DATA_Celine_tache02_11025_36.wav,c'est moelleux a cote de l' etoile bleue sp {ns} sp
DATA_Clara_tache02_11025_197.wav,c'est le macon sp sur le rond gris {ns}
DATA_Clara_tache02_11025_159.wav,c'est le fardeau sp sur l' etoile bleue sp {ns} sp
DATA_Ariane_tache02_11025_85.wav,c'est sp le sceau sp sur le rond sp gris {ns}
DATA_Livia_tache02_11025_59.wav,c'est le beurre en dessous du carre bleu {ns} sp
DATA_ClaraG_tache02_11025_94.wav,c'est le marquis sp a cote de l' etoile verte {ns} sp
DATA_Nael_tache01_11025_179.wav,sp c'est la pancarte au dessus du triangle gris {ns}
DATA_Emre_tache02_11025_125.wav,c'est l' arnaque en dessous de l' etoile rouge {ns} sp
DATA_Nael_tache02_11025_59.wav,c'est le beurre en dessous du carre bleu {ns} sp
DATA_AnnaL_tache01_11025_95.wav,sp c'est la sirene a cote du triangle bleu sp {ns} sp
DATA_Emre_tache02_11025_120.wav,c'est le whiskey sp en dessous sp du rond gris {ns} sp
DATA_ClaraG_tache02_11025_12.wav,c'est les etats sp sur l' etoile bleue sp {ns}
DATA_Livia_tache02_11025_168.wav,c'est la soucoupe sp sur l' etoile jaune {ns} sp
DATA_Melanie_tache02_11025_67.wav,c'est absurde au dessus du rond rouge {ns}
DATA_Nael_tache01_11025_102.wav,c'est l' etang au dessus de l' etoile bleue {ns}
DATA_AnnaL_tache02_11025_82.wav,c'est la belle-mere sp a cote du rond vert {ns}
DATA_Thomas_tache02_11025_174.wav,c'est l' insulte sur le triangle bleu {ns} sp
DATA_Thibault_tache02_11025_34.wav,c'est le parvis sp a cote du triangle vert {ns} sp
DATA_Celine_tache02_11025_153.wav,sp c'est amen au dessus du carre bleu sp {ns}
DATA_Clara_tache02_11025_126.wav,c'est l' otage sp en dessous de l' etoile sp verte {ns}
DATA_Chloe_tache02_11025_79.wav,c'est le theme en dessous du carre rouge {ns} sp
DATA_Thibault_tache02_11025_25.wav,c'est l' atout sp sur sp l' etoile jaune sp {ns} sp
DATA_Thomas_tache01_11025_34.wav,c'est le parvis a cote du triangle vert {ns}
DATA_Clara_tache01_11025_197.wav,c'est le macon sp sur le rond sp gris {ns}
DATA_AnnaL_tache01_11025_157.wav,sp c'est le dilemme sp en dessous sp de l' etoile verte {ns} sp
DATA_Lucie_tache01_11025_9.wav,c'est le corbeau sp au dessus de l' etoile rouge sp {ns}
DATA_ClaraG_tache01_11025_11.wav,c'est le divan sp en dessous du rond rouge {ns} sp
DATA_Thibault_tache02_11025_50.wav,c'est le talon en dessous sp du triangle vert {ns} sp
DATA_Ariane_tache01_11025_173.wav,sp c'est sp le placard sp en dessous sp du carre sp rouge {ns} sp
DATA_AnnaL_tache02_11025_71.wav,c'est le metteur sp sur le carre jaune sp {ns}
DATA_Nael_tache02_11025_44.wav,c'est la bougie au dessus du triangle gris {ns}
DATA_Lucie_tache02_11025_188.wav,c'est hagard sp sur le carre jaune sp {ns}
DATA_Nael_tache02_11025_7.wav,c'est la source sur le carre jaune sp {ns}
DATA_Camille_tache02_11025_145.wav,c'est l' etage sp au dessus du rond vert {ns} sp
DATA_Camille_tache01_11025_151.wav,c'est le batard sp au dessus du carre vert {ns} sp
DATA_AnnaL_tache02_11025_33.wav,c'est la fureur au dessus de l' etoile bleue {ns} sp
DATA_Camille_tache01_11025_91.wav,sp c'est le marais sp au dessus du carre jaune sp {ns}
DATA_Celine_tache01_11025_14.wav,sp c'est le secteur en dessous du rond gris {ns} sp
DATA_Lucie_tache01_11025_197.wav,sp c'est le macon sp sur le rond gris {ns}
DATA_Nael_tache01_11025_136.wav,c'est la poupee sp sur le sp carre vert {ns}
DATA_Livia_tache01_11025_155.wav,c'est l' horreur sur le rond rouge {ns}
DATA_Nael_tache02_11025_91.wav,c'est le marais au dessus du sp carre jaune {ns}
DATA_Camille_tache01_11025_72.wav,sp c'est le bazar au dessus de l' etoile verte sp {ns} sp
DATA_Chloe_tache02_11025_37.wav,c'est la pizza sp au dessus du rond jaune {ns} sp
DATA_Melanie_tache01_11025_92.wav,c'est le talus a cote du cercle jaune {ns} sp
DATA_AnnaL_tache01_11025_6.wav,c'est le genou sur le rond gris
DATA_Nael_tache02_11025_174.wav,c'est l' insulte sur le triangle bleu {ns} sp
DATA_Celine_tache02_11025_158.wav,sp c'est l' orage en dessous du rond vert {ns} sp
DATA_Lucie_tache01_11025_52.wav,c'est la censure en dessous de l' etoile grise {ns} sp
DATA_Thibault_tache02_11025_19.wav,sp c'est le plafond sp au dessus du rond gris {ns} sp
DATA_Clara_tache01_11025_52.wav,c'est la censure en dessous de l' etoile sp grise {ns}
DATA_Livia_tache01_11025_78.wav,c'est l' entente a cote du rond rouge {ns} sp
DATA_Camille_tache01_11025_96.wav,sp c'est le precis sp sur le carre bleu sp {ns}
DATA_Emre_tache01_11025_98.wav,sp c'est le colis au dessus du rond bleu {ns} sp
DATA_Lucie_tache02_11025_142.wav,c'est la puree en dessous sp de l' etoile bleue {ns}
DATA_Celine_tache02_11025_5.wav,c'est le hublot a cote de l' etoile verte sp {ns} sp
DATA_Chloe_tache02_11025_199.wav,sp c'est le refrain au dessus du carre gris {ns}
DATA_Emre_tache02_11025_169.wav,c'est le voisin sp sur le rond bleu {ns}
DATA_AnnaL_tache01_11025_13.wav,c'est soudaine sur le carre rouge {ns}
DATA_Lucie_tache02_11025_21.wav,c'est la clarte sp en dessous sp du rond vert {ns} sp
DATA_Ariane_tache02_11025_59.wav,c'est sp le beurre sp en dessous du carre sp bleu sp {ns} sp
DATA_Clara_tache01_11025_186.wav,c'est le lezard sp a cote du rond sp jaune {ns}
DATA_Celine_tache02_11025_138.wav,sp c'est le degre a cote de l' etoile jaune {ns}
DATA_Thomas_tache01_11025_55.wav,sp c'est le tambour en dessous du carre rouge {ns}
DATA_Celine_tache01_11025_34.wav,sp c'est le parvis a cote du triangle vert {ns} sp
DATA_Clara_tache01_11025_51.wav,c'est le micro a cote du rond sp gris {ns}
DATA_Clara_tache02_11025_58.wav,c'est le savant sp en dessous de l' etoile sp verte {ns}
DATA_Chloe_tache02_11025_91.wav,c'est le marais au dessus du carre jaune sp {ns} sp
DATA_AnnaL_tache02_11025_131.wav,c'est la philo sp en dessous sp du triangle rouge sp {ns}
DATA_ClaraG_tache01_11025_109.wav,sp c'est la detresse sp en dessous du carre bleu sp {ns}
DATA_ClaraG_tache02_11025_197.wav,c'est le macon sur le rond gris {ns}
DATA_Ariane_tache01_11025_86.wav,sp c'est la brebis sp a cote du rond sp bleu {ns}
DATA_ClaraG_tache02_11025_77.wav,c'est supreme au dessus du triangle rouge {ns}
DATA_Thomas_tache01_11025_156.wav,c'est le sultan a cote du rond bleu sp {ns} sp
DATA_Emre_tache01_11025_115.wav,c'est la sp corvee sp sur sp le rond rouge {ns} sp
DATA_Ariane_tache02_11025_127.wav,c'est sp le buisson sp au dessus du triangle gris {ns}
DATA_Lucie_tache01_11025_95.wav,sp c'est la sirene a cote du triangle bleu sp {ns} sp
DATA_Livia_tache02_11025_163.wav,c'est l' audace au dessus du sp triangle bleu {ns} sp
DATA_Emre_tache02_11025_29.wav,c'est le savon en dessous de l' etoile jaune {ns} sp
DATA_Celine_tache02_11025_183.wav,c'est le radeau en dessous du rond jaune sp {ns} sp
DATA_Celine_tache01_11025_132.wav,c'est epars sur le rond vert {ns}
DATA_Chloe_tache02_11025_148.wav,sp c'est le donjon a cote du triangle jaune {ns} sp
DATA_Nael_tache01_11025_48.wav,sp c'est le sud a cote sp du rond bleu sp {ns} sp
DATA_Emre_tache01_11025_36.wav,c'est moelleux sp a cote de l' etoile bleue {ns} sp
DATA_Clara_tache02_11025_161.wav,c'est le coton sp a cote du carre rouge {ns} sp
DATA_AnnaL_tache01_11025_85.wav,c'est le sceau sur le rond gris {ns}
DATA_Chloe_tache01_11025_64.wav,c'est la capsule au dessus du carre rouge sp {ns} sp
DATA_Camille_tache01_11025_54.wav,sp c'est la paresse sp en dessous du carre jaune {ns} sp
DATA_Clara_tache02_11025_173.wav,c'est le placard sp en dessous du carre rouge {ns}
DATA_Chloe_tache02_11025_97.wav,c'est rugueux sur l' etoile bleue sp {ns}
DATA_Clara_tache01_11025_188.wav,c'est hagard sp sur le carre jaune {ns} sp
DATA_Camille_tache02_11025_150.wav,sp c'est sp issu sp au dessus du carre jaune {ns} sp
DATA_Ariane_tache01_11025_157.wav,c'est le dilemme sp en dessous de l' etoile sp verte sp {ns} sp
DATA_Emre_tache01_11025_13.wav,sp c'est soudaine sp sur le carre rouge {ns} sp
DATA_Nael_tache02_11025_3.wav,c'est le blaspheme sur le triangle bleu {ns}
DATA_Melanie_tache01_11025_114.wav,sp c'est frileux a cote de l' etoile rouge {ns} sp
DATA_Livia_tache01_11025_194.wav,c'est le diamant a cote du triangle rouge {ns} sp
DATA_Nael_tache01_11025_14.wav,sp c'est le secteur sp en dessous du rond gris {ns} sp
DATA_Camille_tache02_11025_58.wav,c'est le savant sp en dessous de l' etoile verte {ns} sp
DATA_Thibault_tache01_11025_32.wav,sp c'est le bouquin sp sur sp le triangle gris {ns} sp
DATA_Thibault_tache02_11025_82.wav,c'est la belle-mere a cote du rond vert sp {ns} sp
DATA_ClaraG_tache02_11025_75.wav,c'est le cingle sp a cote du carre bleu {ns}
DATA_Thomas_tache02_11025_168.wav,c'est la soucoupe sp sur l' etoile jaune {ns} sp
DATA_ClaraG_tache02_11025_37.wav,c'est la pizza au dessus du rond jaune {ns}
DATA_Ariane_tache02_11025_53.wav,sp c'est sp l' arete sp au dessus du triangle vert {ns} sp
DATA_Chloe_tache01_11025_14.wav,c'est le secteur sp en dessous du rond gris {ns} sp
DATA_AnnaL_tache01_11025_31.wav,c'est l' etude sur l' etoile rouge sp {ns}
DATA_Emre_tache01_11025_143.wav,c'est le morceau sur le carre gris {ns} sp
DATA_Emre_tache02_11025_186.wav,c'est le lezard a cote du rond jaune {ns} sp
DATA_Livia_tache01_11025_62.wav,sp c'est le carreau au dessus du carre vert {ns} sp
DATA_Thomas_tache02_11025_138.wav,sp c'est le degre a cote de l' etoile jaune sp {ns}
DATA_Melanie_tache02_11025_23.wav,c'est le trophee sur le triangle vert {ns}
DATA_Thomas_tache01_11025_102.wav,sp c'est l' etang au dessus de l' etoile bleue sp {ns}
DATA_Ariane_tache01_11025_15.wav,sp c'est sp l' ecart sp a cote sp du carre sp rouge {ns} sp
DATA_Emre_tache02_11025_114.wav,c'est frileux a cote de l' etoile rouge {ns}
DATA_Lucie_tache01_11025_173.wav,sp c'est le placard en dessous du carre rouge sp {ns}
DATA_Thibault_tache02_11025_159.wav,c'est le fardeau sur l' etoile bleue sp {ns} sp
DATA_Thibault_tache02_11025_190.wav,c'est le godet a cote du triangle gris {ns} sp
DATA_Thomas_tache01_11025_153.wav,sp c'est amen au dessus du carre bleu sp {ns} sp
DATA_Camille_tache01_11025_135.wav,sp c'est le choeur sp au dessus du triangle vert {ns} sp
